{
    "El Tarter": [
        1.65362,
        42.57952
    ],
    "Sant Julià de Lòria": [
        1.49129,
        42.46372
    ],
    "Pas de la Casa": [
        1.73361,
        42.54277
    ],
    "Ordino": [
        1.53319,
        42.55623
    ],
    "les Escaldes": [
        1.53414,
        42.50729
    ],
    "la Massana": [
        1.51483,
        42.54499
    ],
    "Encamp": [
        1.58014,
        42.53474
    ],
    "Canillo": [
        1.59756,
        42.5676
    ],
    "Arinsal": [
        1.48453,
        42.57205
    ],
    "Andorra la Vella": [
        1.52109,
        42.50779
    ]
}