{
    "Umm al Qaywayn": [
        55.55517,
        25.56473
    ],
    "Ra’s al Khaymah": [
        55.9432,
        25.78953
    ],
    "Muzayri‘": [
        53.7881,
        23.14355
    ],
    "Khawr Fakkān": [
        56.34199,
        25.33132
    ],
    "Dubai": [
        55.30472,
        25.25817
    ],
    "Dibā": [
        56.27291,
        25.61955
    ],
    "Sharjah": [
        55.41206,
        25.33737
    ],
    "Ar Ruways": [
        52.73056,
        24.11028
    ],
    "Al Fujayrah": [
        56.34141,
        25.11641
    ],
    "Al Ain": [
        55.76056,
        24.19167
    ],
    "Ajman": [
        55.43504,
        25.41111
    ],
    "Adh Dhayd": [
        55.88157,
        25.28812
    ],
    "Abu Dhabi": [
        54.36667,
        24.46667
    ]
}