{
    "Zorkot": [
        69.73446,
        33.54149
    ],
    "Wulêswālī Bihsūd": [
        67.90567,
        34.3436
    ],
    "Kuhsān": [
        61.19778,
        34.65389
    ],
    "Lāsh": [
        64.77457,
        35.3782
    ],
    "Tukzār": [
        66.42132,
        35.94831
    ],
    "Mīray": [
        68.44068,
        33.32462
    ],
    "Āq Kupruk": [
        66.84029,
        36.08352
    ],
    "Zurmat": [
        69.02774,
        33.43778
    ],
    "Zaybāk": [
        71.34833,
        36.52944
    ],
    "Zīārat-e Shāh Maqşūd": [
        65.4736,
        31.9848
    ],
    "Zindah Jān": [
        61.74675,
        34.34264
    ],
    "Zarghūn Shahr": [
        68.44573,
        32.84734
    ],
    "Zaṟah Sharan": [
        68.79167,
        33.14667
    ],
    "Zaranj": [
        61.86037,
        30.95962
    ],
    "Zamtō Kêlay": [
        66.17708,
        32.3726
    ],
    "Yangī Qal‘ah": [
        69.61131,
        37.46572
    ],
    "Yaḩyá Khēl": [
        68.64622,
        32.93742
    ],
    "Wāshēr": [
        63.85553,
        32.25122
    ],
    "Tōrmay": [
        68.40204,
        33.68847
    ],
    "Tūlak": [
        63.72868,
        33.97509
    ],
    "Tītān": [
        63.86361,
        33.69032
    ],
    "Tīr Pul": [
        61.26895,
        34.59431
    ],
    "Taywarah": [
        64.42116,
        33.52118
    ],
    "Bāzār-e Tashkān": [
        70.27674,
        36.88168
    ],
    "Tarinkot": [
        65.87806,
        32.62998
    ],
    "Taloqan": [
        69.53451,
        36.73605
    ],
    "Tagāw-Bāy": [
        66.06164,
        35.69941
    ],
    "Tagāb": [
        69.64917,
        34.85501
    ],
    "Markaz-e Ḩukūmat-e Sulţān-e Bakwāh": [
        62.94936,
        32.24139
    ],
    "Spīn Bōldak": [
        66.40001,
        31.00575
    ],
    "Spērah": [
        69.51528,
        33.20222
    ],
    "Sōzmah Qal‘ah": [
        66.20823,
        36.09916
    ],
    "Siyāhgird": [
        68.85578,
        35.00553
    ],
    "Sheywah": [
        70.58859,
        34.57169
    ],
    "Shīnḏanḏ": [
        62.1474,
        33.30294
    ],
    "Shaykh Amīr Kêlay": [
        69.91283,
        33.28744
    ],
    "Qāshqāl": [
        69.00685,
        35.03975
    ],
    "Shibirghān": [
        65.7529,
        36.66757
    ],
    "Shwāk": [
        69.37684,
        33.42386
    ],
    "Shahr-e Şafā": [
        66.32376,
        31.80347
    ],
    "Shahrān": [
        70.73928,
        36.97984
    ],
    "Shahrak": [
        64.3052,
        34.10738
    ],
    "‘Alāqahdārī Shāh Jōy": [
        67.41315,
        32.52154
    ],
    "Wulêswālī Sayyid Karam": [
        69.36881,
        33.69056
    ],
    "Markaz-e Sayyidābād": [
        68.71346,
        34.00037
    ],
    "Şayād": [
        65.8297,
        36.13529
    ],
    "Sidqābād": [
        69.35112,
        35.02298
    ],
    "Sāyagaz": [
        67.03324,
        32.56521
    ],
    "Sar-e Tayghān": [
        65.67632,
        33.50998
    ],
    "Sarōbī": [
        69.76005,
        34.58962
    ],
    "Sar Kāṉī": [
        71.10962,
        34.79023
    ],
    "Sarfirāz Kalā": [
        67.96517,
        32.98333
    ],
    "Sar-e Pul": [
        65.93249,
        36.21544
    ],
    "Sar Chakān": [
        65.23055,
        35.70178
    ],
    "Sangīn": [
        64.8359,
        32.07275
    ],
    "Sang-e Māshah": [
        67.44046,
        33.1396
    ],
    "Sang-e Chārak": [
        66.43694,
        35.84972
    ],
    "Sang Atesh": [
        63.0044,
        35.248
    ],
    "Sangar Sarāy": [
        70.63937,
        34.40744
    ],
    "Aībak": [
        68.01551,
        36.26468
    ],
    "Rū-ye Sang": [
        67.63387,
        35.31999
    ],
    "Rūdbār": [
        62.6,
        30.15
    ],
    "Rustāq": [
        69.83045,
        37.12604
    ],
    "Rabāţ-e Sangī-ye Pā’īn": [
        62.13917,
        34.79951
    ],
    "Rāmak": [
        68.6264,
        33.52234
    ],
    "Qurghān": [
        65.0649,
        36.91939
    ],
    "Quchanghī": [
        66.27801,
        34.06183
    ],
    "Sangalak-i-Kaisar": [
        64.29318,
        35.68747
    ],
    "Qarqīn": [
        66.04358,
        37.41853
    ],
    "Qarghah’ī": [
        70.24292,
        34.55402
    ],
    "Qarchī Gak": [
        66.78891,
        37.03999
    ],
    "Qarāwul": [
        68.7802,
        37.21959
    ],
    "Qarah Bāgh": [
        68.10798,
        33.19801
    ],
    "Qala i Naw": [
        63.12891,
        34.98735
    ],
    "Qal‘ah-ye Kūf": [
        70.47298,
        38.04119
    ],
    "Qal‘ah-ye Kuhnah": [
        63.66681,
        32.61591
    ],
    "Qal‘ah-ye Shahr": [
        65.5676,
        35.54729
    ],
    "Qalāt": [
        66.90833,
        32.10575
    ],
    "Qal‘ah-ye Shāhī": [
        70.5914,
        34.64921
    ],
    "Qādis": [
        63.43003,
        34.8085
    ],
    "Pārūn": [
        70.92214,
        35.4207
    ],
    "Pul-e Khumrī": [
        68.71512,
        35.94458
    ],
    "Pul-e ‘Alam": [
        69.02274,
        33.99529
    ],
    "Pasnay": [
        65.76486,
        35.76664
    ],
    "Pāshmūl": [
        65.4343,
        31.5572
    ],
    "Pasāband": [
        64.8531,
        33.68956
    ],
    "Panjāb": [
        67.02327,
        34.38795
    ],
    "Paghmān": [
        68.95091,
        34.58787
    ],
    "Ōmnah": [
        68.79626,
        32.90029
    ],
    "Qaryeh-ye Owbeh": [
        63.17639,
        34.36972
    ],
    "Uruzgān": [
        66.63253,
        32.92775
    ],
    "Urgūn": [
        69.18,
        32.94111
    ],
    "Nūsay": [
        70.80413,
        38.4435
    ],
    "Nūrgal": [
        70.76498,
        34.61341
    ],
    "Now Zād": [
        64.46959,
        32.40314
    ],
    "Nīlī": [
        66.13023,
        33.72178
    ],
    "Nayak": [
        66.95292,
        34.73414
    ],
    "Nāyak": [
        66.77403,
        32.5723
    ],
    "Now Dahānak": [
        70.00511,
        35.62398
    ],
    "Ōkak": [
        67.95652,
        33.89794
    ],
    "Nāṟay": [
        71.5225,
        35.221
    ],
    "Narang": [
        71.04738,
        34.76009
    ],
    "Nīkêh": [
        69.27179,
        33.18934
    ],
    "Nahrīn": [
        69.13343,
        36.0649
    ],
    "Ḩukūmat-e Nād ‘Alī": [
        64.23982,
        31.64286
    ],
    "Mūsá Qal‘ah": [
        64.74486,
        32.44565
    ],
    "Bala Murghab": [
        63.32886,
        35.58408
    ],
    "Muqêr": [
        67.76934,
        32.82009
    ],
    "Muḩammad Āghah Wuluswālī": [
        69.10026,
        34.21422
    ],
    "Mīzān ‘Alāqahdārī": [
        66.51271,
        32.17635
    ],
    "Mīr Bachah Kōṯ": [
        69.11899,
        34.74999
    ],
    "Mīrān": [
        68.31259,
        34.22038
    ],
    "Mīrābād": [
        61.8383,
        30.43624
    ],
    "Maymana": [
        64.78361,
        35.92139
    ],
    "Maīdān Khūlah": [
        69.7812,
        33.64916
    ],
    "Mingajik": [
        66.12817,
        37.0279
    ],
    "Mehtar Lām": [
        70.20944,
        34.67139
    ],
    "Mazār-e Sharīf": [
        67.11087,
        36.70904
    ],
    "Māymay": [
        71.03838,
        38.40856
    ],
    "Mutā Khān": [
        68.86639,
        33.24167
    ],
    "Mashhad": [
        70.10211,
        36.81665
    ],
    "Mardīān": [
        66.29685,
        36.99286
    ],
    "Mandōl": [
        70.17017,
        35.28403
    ],
    "Māmā Khēl": [
        69.9968,
        34.24494
    ],
    "Lashkar Gāh": [
        64.37161,
        31.59382
    ],
    "Lāsh-e Juwayn": [
        61.62272,
        31.71382
    ],
    "Larkird": [
        66.66409,
        35.48936
    ],
    "La‘l": [
        66.27996,
        34.50141
    ],
    "Kushk": [
        61.95221,
        33.29565
    ],
    "Kōṯowāl": [
        70.46073,
        34.10319
    ],
    "Kushk-e Kuhnah": [
        62.54762,
        34.8711
    ],