{
    "Saint John’s": [
        -61.84573,
        17.11717
    ],
    "Potters Village": [
        -61.81667,
        17.08333
    ],
    "Piggotts": [
        -61.8,
        17.11667
    ],
    "Parham": [
        -61.77046,
        17.09682
    ],
    "Liberta": [
        -61.78333,
        17.03333
    ],
    "Falmouth": [
        -61.78136,
        17.02741
    ],
    "Codrington": [
        -61.83333,
        17.63333
    ],
    "Bolands": [
        -61.87466,
        17.06565
    ],
    "All Saints": [
        -61.79303,
        17.06671
    ]
}