{
    "The Valley": [
        -63.05783,
        18.21704
    ],
    "The Farrington": [
        -63.03333,
        18.2
    ],
    "Stoney Ground": [
        -63.03333,
        18.21667
    ],
    "Island Harbour": [
        -63.0102,
        18.25601
    ],
    "George Hill": [
        -63.06667,
        18.2
    ]
}