{
    "Zarrit’ap’": [
        45.51162,
        39.63732
    ],
    "Zangakatun": [
        45.04063,
        39.8212
    ],
    "Goravan": [
        44.73171,
        39.90611
    ],
    "Yeghegnavan": [
        44.62531,
        39.83799
    ],
    "Yeghegnadzor": [
        45.33239,
        39.76389
    ],
    "Vostan": [
        44.55937,
        39.96515
    ],
    "Vosketap’": [
        44.64917,
        39.88114
    ],
    "Vernashen": [
        45.36389,
        39.79236
    ],
    "Verishen": [
        46.31221,
        39.53557
    ],
    "Vedi": [
        44.72217,
        39.91421
    ],
    "Vayk’": [
        45.46653,
        39.691
    ],
    "Tegh": [
        46.47723,
        39.55792
    ],
    "Surenavan": [
        44.77397,
        39.79759
    ],
    "Sisavan": [
        44.6672,
        39.90802
    ],
    "Shinuhayr": [
        46.31787,
        39.4367
    ],
    "Shahumyan": [
        44.54596,
        40.77482
    ],
    "Shatin": [
        45.30186,
        39.83568
    ],
    "Shaghat": [
        45.91433,
        39.56253
    ],
    "Rrind": [
        45.17907,
        39.76022
    ],
    "Noyakert": [
        44.66899,
        39.8312
    ],
    "Mrgavan": [
        44.53318,
        39.97167
    ],
    "Meghri": [
        46.24458,
        38.90292
    ],
    "Malishka": [
        45.39004,
        39.73758
    ],
    "Khndzoresk": [
        46.43284,
        39.51224
    ],
    "Kapan": [
        46.40576,
        39.20754
    ],
    "Jermuk": [
        45.6723,
        39.84173
    ],
    "Goris": [
        46.33816,
        39.51288
    ],
    "Gladzor": [
        45.35043,
        39.78123
    ],
    "Getap’": [
        45.30664,
        39.76306
    ],
    "Dzorastan": [
        46.3572,
        39.27059
    ],
    "Dalar": [
        44.52649,
        39.97653
    ],
    "Burastan": [
        44.49682,
        39.99157
    ],
    "Brun": [
        46.30732,
        39.53491
    ],
    "Brrnakot’": [
        45.97241,
        39.49742
    ],
    "Berkanush": [
        44.51394,
        39.97726
    ],
    "Aygezard": [
        44.6023,
        39.95436
    ],
    "Aygepat": [
        44.59982,
        39.95845
    ],
    "Aygavan": [
        44.66984,
        39.87326
    ],
    "Avshar": [
        44.6793,
        39.8536
    ],
    "Hats’avan": [
        45.97047,
        39.46405
    ],
    "Artashat": [
        44.54447,
        39.96144
    ],
    "Yeghegis": [
        45.36002,
        39.87181
    ],
    "Armash": [
        44.80902,
        39.76532
    ],
    "Areni": [
        45.17991,
        39.71913
    ],
    "Ararat": [
        44.70489,
        39.83166
    ],
    "Angeghakot’": [
        45.94123,
        39.57017
    ],
    "Aghavnadzor": [
        44.69581,
        40.58195
    ],
    "Agarakadzor": [
        45.35274,
        39.73405
    ],
    "Agarak": [
        44.07033,
        40.32932
    ],
    "Aralez": [
        44.6514,
        39.90195
    ],
    "Horrom": [
        43.88819,
        40.66012
    ],
    "Margara": [
        44.17709,
        40.03351
    ],
    "Zovuni": [
        44.42889,
        40.51083
    ],
    "Zovaber": [
        44.78827,
        40.56693
    ],
    "Zorak": [
        44.39209,
        40.09109
    ],
    "Zarr": [
        44.73086,
        40.2595
    ],
    "Yerevan": [
        44.51361,
        40.18111
    ],
    "Yerazgavors": [
        43.75,
        40.7
    ],
    "Yeraskhahun": [
        44.21619,
        40.07167
    ],
    "Yeranos": [
        45.19209,
        40.20428
    ],
    "Yeghegnut": [
        44.16018,
        40.09186
    ],
    "Ejmiatsin": [
        44.29462,
        40.16557
    ],
    "Yeghvard": [
        44.48138,
        40.32053
    ],
    "Voskevaz": [
        44.29509,
        40.27678
    ],
    "Voskevan": [
        45.06381,
        41.12081
    ],
    "Voskehask": [
        43.77474,
        40.76426
    ],
    "Verin Getashen": [
        45.25068,
        40.13328
    ],
    "Verin Dvin": [
        44.59038,
        40.02434
    ],
    "Verin Artashat": [
        44.58546,
        39.99046
    ],
    "Verin Akhtala": [
        44.75811,
        41.16838
    ],
    "Varser": [
        44.9069,
        40.5534
    ],
    "Vardenis": [
        45.7311,
        40.18272
    ],
    "Vardenik": [
        45.43342,
        40.13928
    ],
    "Vahan": [
        45.39769,
        40.57549
    ],
    "Vaghashen": [
        45.32879,
        40.13578
    ],
    "Vahagni": [
        44.60873,
        40.90698
    ],
    "Ushi": [
        44.37252,
        40.34869
    ],
    "Urrut": [
        44.39628,
        41.06778
    ],
    "Tsovinar": [
        45.46132,
        40.15701
    ],
    "Tsovazard": [
        45.05879,
        40.4709
    ],
    "Tsovak": [
        45.63286,
        40.18254
    ],
    "Tsovagyugh": [
        44.95738,
        40.63029
    ],
    "Tsaghkunk’": [
        44.27026,
        40.18075
    ],
    "Tsaghkahovit": [
        44.22241,
        40.63428
    ],
    "Tsaghkaber": [
        44.10144,
        40.79849
    ],
    "Tsaghkadzor": [
        44.72025,
        40.53259
    ],
    "T’azagyugh": [
        45.19096,
        40.1382
    ],
    "Tashir": [
        44.28462,
        41.12072
    ],
    "Tandzut": [
        44.07476,
        40.07015
    ],
    "T’alin": [
        43.87387,
        40.38428
    ],
    "Spitak": [
        44.27435,
        40.79532
    ],
    "Spandaryan": [
        44.01551,
        40.66105
    ],
    "Sovetakan": [
        44.05108,
        40.10712
    ],
    "Solak": [
        44.70796,
        40.46439
    ],
    "Sis": [
        44.38649,
        40.06023
    ],
    "Shnogh": [
        44.84043,
        41.14693
    ],
    "Shirak": [
        43.91582,
        40.84042
    ],
    "Shenavan": [
        43.92876,
        40.05486
    ],
    "Sevan": [
        44.94868,
        40.5484
    ],
    "Sarukhan": [
        45.13059,
        40.29053
    ],
    "Sarigyugh": [
        45.14486,
        41.03531
    ],
    "Saratak": [
        43.86915,
        40.66992
    ],
    "Saramech": [
        44.2222,
        40.77487
    ],
    "Sarahart’": [
        44.21407,
        40.87043
    ],
    "Samaghar": [
        44.24331,
        40.18516
    ],
    "Ptghni": [
        44.58407,
        40.25576
    ],
    "Ptghunk’": [
        44.36328,
        40.16505
    ],
    "Pshatavan": [
        44.06629,
        40.03865
    ],
    "Prroshyan": [
        44.41631,
        40.24853
    ],
    "Pokr Mantash": [
        44.04666,
        40.64026
    ],
    "Zoravan": [
        44.52319,
        40.35326
    ],
    "Pemzashen": [
        43.94021,
        40.5851
    ],
    "Parravak’ar": [
        45.36696,
        40.98248
    ],
    "Oshakan": [
        44.31456,
        40.2646
    ],
    "Hoktember": [
        44.00969,
        40.13206
    ],
    "Odzun": [
        44.61341,
        41.05321
    ],
    "Noyemberyan": [
        44.99917,
        41.17244
    ],
    "Nor Gyugh": [
        44.6563,
        40.2673
    ],
    "Nor Geghi": [
        44.58027,
        40.32105
    ],
    "Norashen": [
        44.58952,
        39.9996
    ],
    "Nor Armavir": [
        43.99242,
        40.08563
    ],
    "Noramarg": [
        44.42403,
        40.02384
    ],
    "Norakert": [
        44.34774,
        40.19229
    ],
    "Noratus": [
        45.17718,
        40.37547
    ],
    "Nerk’in Getashen": [
        45.279,
        40.14046
    ],
    "Navur": [
        45.34179,
        40.86694
    ],
    "Nalbandyan": [
        43.9869,
        40.06236
    ],
    "Musayelyan": [
        43.99274,
        40.75767
    ],
    "Hovtamej": [
        44.25862,
        40.18347
    ],
    "Mrgashen": [
        44.54107,
        40.28523
    ],
    "Mrgashat": [
        44.06584,
        40.12462
    ],
    "Mrganush": [
        44.55831,
        40.02857
    ],
    "Mosesgegh": [
        45.48838,
        40.90534
    ],
    "Mets Parni": [
        44.11042,
        40.83335
    ],