{
    "Saurimo": [
        20.39155,
        -9.66078
    ],
    "Lucapa": [
        20.74466,
        -8.41915
    ],
    "Lumeje": [
        20.78333,
        -11.55
    ],
    "Luau": [
        22.22466,
        -10.70727
    ],
    "Léua": [
        20.45,
        -11.65
    ],
    "Cazaji": [
        20.70148,
        -11.06715
    ],
    "Uíge": [
        15.06131,
        -7.60874
    ],
    "Soio": [
        12.36894,
        -6.1349
    ],
    "Nzeto": [
        12.8666,
        -7.23116
    ],
    "N’dalatando": [
        14.91162,
        -9.29782
    ],
    "Mbanza Congo": [
        14.2401,
        -6.26703
    ],
    "Malanje": [
        16.34096,
        -9.54015
    ],
    "Luanda": [
        13.23432,
        -8.83682
    ],
    "Caxito": [
        13.66425,
        -8.57848
    ],
    "Camabatela": [
        15.37495,
        -8.18812
    ],
    "Cabinda": [
        12.2,
        -5.55
    ],
    "Uacu Cungo": [
        15.11719,
        -11.35669
    ],
    "Sumbe": [
        13.84371,
        -11.20605
    ],
    "Quibala": [
        14.97995,
        -10.73366
    ],
    "Ondjiva": [
        15.73333,
        -17.06667
    ],
    "Moçâmedes": [
        12.15222,
        -15.19611
    ],
    "Menongue": [
        17.69099,
        -14.6585
    ],
    "Luena": [
        19.91667,
        -11.78333
    ],
    "Lubango": [
        13.4925,
        -14.91717
    ],
    "Longonjo": [
        15.25333,
        -12.90667
    ],
    "Lobito": [
        13.53601,
        -12.3644
    ],
    "Cuito": [
        16.93333,
        -12.38333
    ],
    "Huambo": [
        15.73917,
        -12.77611
    ],
    "Chissamba": [
        17.33333,
        -12.16667
    ],
    "Catumbela": [
        13.54722,
        -12.43139
    ],
    "Catabola": [
        17.28333,
        -12.15
    ],
    "Camacupa": [
        17.48333,
        -12.01667
    ],
    "Caluquembe": [
        14.68333,
        -13.78333
    ],
    "Caconda": [
        15.06667,
        -13.73333
    ],
    "Caála": [
        15.56056,
        -12.8525
    ],
    "Benguela": [
        13.40547,
        -12.57626
    ]
}