{
    "A큰a": [
        -170.66389,
        -14.27611
    ],
    "Vaitogi": [
        -170.73472,
        -14.35889
    ],
    "Vailoatai": [
        -170.78329,
        -14.3552
    ],
    "Taulaga": [
        -171.08833,
        -11.05528
    ],
    "Ta`큰": [
        -169.51444,
        -14.23361
    ],
    "T훮funa": [
        -170.72,
        -14.33583
    ],
    "Faleniu": [
        -170.74444,
        -14.3325
    ],
    "Fagatogo": [
        -170.69,
        -14.2825
    ],
    "Fale훮sao": [
        -169.51278,
        -14.2222
    ],
    "Leone": [
        -170.785,
        -14.34389
    ],
    "Malaeimi": [
        -170.73389,
        -14.32278
    ],
    "Mapusagafou": [
        -170.75278,
        -14.33056
    ],
    "Ofu": [
        -169.6775,
        -14.17528
    ],
    "Pago Pago": [
        -170.7025,
        -14.27806
    ]
}