{
    "Oranjestad": [
        -70.02703,
        12.52398
    ],
    "Babijn": [
        -69.98333,
        12.53333
    ],
    "Arasji": [
        -70.06667,
        12.61667
    ],
    "Angochi": [
        -69.95,
        12.51667
    ]
}