{
    "Vårdö": [
        20.38333,
        60.25
    ],
    "Sund": [
        20.11667,
        60.25
    ],
    "Sottunga": [
        20.66683,
        60.13023
    ],
    "Saltvik": [
        20.05,
        60.28333
    ],
    "Lumparland": [
        20.25819,
        60.11695
    ],
    "Lemland": [
        20.08472,
        60.07178
    ],
    "Kumlinge": [
        20.77892,
        60.26013
    ],
    "Kökar": [
        20.90883,
        59.92051
    ],
    "Föglö": [
        20.41667,
        60.01667
    ],
    "Brändö": [
        21.04534,
        60.41165
    ],
    "Mariehamn": [
        19.93481,
        60.09726
    ],
    "Jomala": [
        19.951,
        60.14902
    ],
    "Hammarland": [
        19.75,
        60.21667
    ],
    "Geta": [
        19.84455,
        60.37453
    ],
    "Finström": [
        19.93333,
        60.26667
    ],
    "Eckerö": [
        19.61442,
        60.21249
    ]
}