{
    "Norashen": [
        44.97994,
        39.55298
    ],
    "Prishibinskoye": [
        48.59255,
        39.11817
    ],
    "Zangilan": [
        46.6513,
        39.0884
    ],
    "Yaycı": [
        45.7319,
        38.9427
    ],
    "Yardımlı": [
        48.24052,
        38.90771
    ],
    "Novyy Karanlug": [
        47.10989,
        39.79546
    ],
    "Xankǝndi": [
        46.7528,
        39.8177
    ],
    "Əhmədbəyli": [
        48.39902,
        39.87867
    ],
    "Shushi": [
        46.74989,
        39.76006
    ],
    "Salyan": [
        48.98479,
        39.59621
    ],
    "Şahbuz": [
        45.57389,
        39.40722
    ],
    "Sedarak": [
        44.88805,
        39.71144
    ],
    "Saatlı": [
        48.36892,
        39.93214
    ],
    "Qubadlı": [
        46.58183,
        39.34441
    ],
    "Qaraçala": [
        48.93792,
        39.81614
    ],
    "Orconikidze": [
        47.6898,
        39.63238
    ],
    "Ordubad": [
        46.02341,
        38.90595
    ],
    "Neftçala": [
        49.247,
        39.3768
    ],
    "Nakhchivan": [
        45.41222,
        39.20889
    ],
    "Mincivan": [
        46.7214,
        39.03058
    ],
    "Masally": [
        48.6654,
        39.03532
    ],
    "Lerik": [
        48.41497,
        38.77388
    ],
    "Lǝnkǝran": [
        48.85062,
        38.75428
    ],
    "Laçın": [
        46.55045,
        39.59881
    ],
    "Qıvraq": [
        45.11516,
        39.40196
    ],
    "Qırmızı Bazar": [
        46.94884,
        39.67833
    ],
    "Kizhaba": [
        48.80546,
        38.53461
    ],
    "Xocalı": [
        46.79028,
        39.91297
    ],
    "Xıllı": [
        49.10166,
        39.43012
    ],
    "Imishli": [
        48.05995,
        39.87095
    ],
    "Horadiz": [
        47.33531,
        39.44877
    ],
    "Haftoni": [
        48.76223,
        38.76325
    ],
    "Hadrut": [
        47.0318,
        39.52002
    ],
    "Fizuli": [
        47.14529,
        39.60094
    ],
    "Jebrail": [
        47.02834,
        39.39917
    ],
    "Dünyamalılar": [
        47.75889,
        39.77278
    ],
    "Deste": [
        45.90963,
        38.88375
    ],
    "Culfa": [
        45.6308,
        38.9558
    ],
    "Dzhalilabad": [
        48.49186,
        39.20963
    ],
    "Boradigah": [
        48.7092,
        38.93014
    ],
    "Pushkino": [
        48.545,
        39.45833
    ],
    "Beyləqan": [
        47.61861,
        39.77556
    ],
    "Severo-Vostotchnyi Bank": [
        49.24792,
        39.41117
    ],
    "Tazakend": [
        45.44282,
        39.15459
    ],
    "Astara": [
        48.87498,
        38.45598
    ],
    "Askyaran": [
        46.83278,
        39.93667
    ],
    "Şirvan": [
        48.929,
        39.93778
    ],
    "Ağdam": [
        46.92736,
        39.99096
    ],
    "Sovetabad": [
        49.21414,
        39.33667
    ],
    "Avşar": [
        47.42389,
        39.97389
    ],
    "Birinci Aşıqlı": [
        47.67944,
        39.81917
    ],
    "Yuxarı Aran": [
        47.655,
        39.73361
    ],
    "Çalxanqala": [
        45.28333,
        39.44167
    ],
    "Oğlanqala": [
        45.04611,
        39.58694
    ],
    "Zyrya": [
        50.29198,
        40.36613
    ],
    "Zardob": [
        47.70997,
        40.21991
    ],
    "Zaqatala": [
        46.64333,
        41.63361
    ],
    "Zabrat": [
        49.94174,
        40.47746
    ],
    "Yevlakh": [
        47.15014,
        40.61832
    ],
    "Yanıqlı": [
        45.67283,
        40.84115
    ],
    "Xudat": [
        48.68161,
        41.63052
    ],
    "Yelenendorf": [
        46.3189,
        40.58584
    ],
    "Xaçmaz": [
        48.80565,
        41.46426
    ],
    "Verkhniy Dashkesan": [
        46.07175,
        40.49357
    ],
    "Ujar": [
        47.65423,
        40.51902
    ],
    "Türkan": [
        50.22075,
        40.3646
    ],
    "Tovuz": [
        45.62838,
        40.99249
    ],
    "Terter": [
        46.93242,
        40.34179
    ],
    "Sumqayıt": [
        49.66861,
        40.58972
    ],
    "Kyzyl-Burun": [
        49.11257,
        41.07754
    ],
    "Şuraabad": [
        49.46787,
        40.81943
    ],
    "Qaraçuxur": [
        49.97361,
        40.39667
    ],
    "Saray": [
        49.71681,
        40.53299
    ],
    "Samur": [
        48.43028,
        41.63671
    ],
    "Shamkhor": [
        46.01889,
        40.82972
    ],
    "Shamakhi": [
        48.64137,
        40.63141
    ],
    "Saloğlu": [
        45.35293,
        41.27524
    ],
    "Sheki": [
        47.17056,
        41.19194
    ],
    "Safaraliyev": [
        46.40889,
        40.76583
    ],
    "Sabunçu": [
        49.94806,
        40.4425
    ],
    "Sabirabad": [
        48.47701,
        40.00869
    ],
    "Qusar": [
        48.4302,
        41.4275
    ],
    "Quba": [
        48.51341,
        41.36108
    ],
    "Qobustan": [
        48.92819,
        40.5336
    ],
    "Hacıqabul": [
        48.94286,
        40.03874
    ],
    "Qazax": [
        45.36561,
        41.09246
    ],
    "Qax": [
        46.92417,
        41.4225
    ],
    "Qasım İsmayılov": [
        46.26361,
        40.81444
    ],
    "Qutqashen": [
        47.84583,
        40.98139
    ],
    "Puta": [
        49.66028,
        40.29667
    ],
    "Oğuz": [
        47.45833,
        41.07083
    ],
    "Novosaratovka": [
        45.60079,
        40.59811
    ],
    "Hacı Zeynalabdin": [
        49.55861,
        40.62333
    ],
    "Nardaran": [
        50.00556,
        40.55611
    ],
    "Naftalan": [
        46.8203,
        40.50821
    ],
    "Mingelchaur": [
        47.05953,
        40.76395
    ],
    "Maştağa": [
        50.00616,
        40.52982
    ],
    "Mardakyany": [
        50.14292,
        40.49182
    ],
    "Mamrux": [
        46.76806,
        41.54444
    ],
    "Lökbatan": [
        49.73376,
        40.3256
    ],
    "Qızılhacılı": [
        46.849,
        40.57362
    ],
    "Kyurdarmir": [
        48.15085,
        40.34532
    ],
    "Qobu": [
        49.71306,
        40.40472
    ],
    "Kilyazi": [
        49.34233,
        40.87098
    ],
    "Khyzy": [
        49.08127,
        40.90576
    ],
    "Khirdalan": [
        49.75502,
        40.44808
    ],
    "Khodzhi-Gasan": [
        49.76904,
        40.41293
    ],
    "Korgöz": [
        49.6236,
        40.30446
    ],
    "Qarayeri": [
        46.30659,
        40.78862
    ],
    "Qaramanlı": [
        46.99338,
        40.48135
    ],
    "Qaraxanlı": [
        45.64516,
        41.03415
    ],
    "Qandax": [
        46.54139,
        41.47694
    ],
    "Vurğun": [
        45.47111,
        41.09524
    ],
    "Kerbakhiar": [
        46.04446,
        40.10984
    ],
    "Qala": [
        50.16759,
        40.44256
    ],
    "Qax İngiloy": [
        46.94,
        41.42611
    ],
    "Qaxbaş": [
        46.96667,
        41.43333
    ],
    "İsmayıllı": [
        48.16375,
        40.77897
    ],
    "Yeni Suraxanı": [
        50.03598,
        40.43026
    ],
    "Gyuzdek": [
        49.68194,
        40.37444
    ],
    "Geoktschai": [
        47.74219,
        40.65056
    ],
    "Hövsan": [
        50.08528,
        40.37444
    ],
    "Goranboy": [
        46.78972,
        40.61028
    ],
    "Ganja": [
        46.36056,
        40.68278
    ],
    "Kyadabek": [
        45.81229,
        40.57055
    ],
    "Faldarlı": [
        46.51667,
        41.46667
    ],
    "Corat": [
        49.70509,
        40.57176
    ],
    "Ceyranbatan": [
        49.66073,
        40.54194
    ],
    "Dzagam": [
        45.88564,
        40.9033
    ],
    "Dondar Quşçu": [
        45.61942,
        40.9539
    ],
    "Digah": [
        49.87478,
        40.49257
    ],
    "Divichibazar": [
        48.98712,
        41.20117
    ],
    "Yukhary-Dashkesan": [
        46.08186,
        40.52393
    ],