{
    "Zvornik": [
        19.10247,
        44.38605
    ],
    "Živinice": [
        18.64978,
        44.44929
    ],
    "Žepče": [
        18.03778,
        44.42667
    ],
    "Zenica": [
        17.90397,
        44.20169
    ],
    "Željezno Polje": [
        17.94103,
        44.39875
    ],
    "Zborište": [
        16.01728,
        45.14593
    ],
    "Zavidovići": [
        18.14972,
        44.44583
    ],
    "Zabrišće": [
        16.94224,
        43.79224
    ],
    "Vukovije Donje": [
        18.74941,
        44.46209
    ],
    "Vrnograč": [
        15.95444,
        45.16369
    ],
    "Vozuća": [
        18.35397,
        44.35878
    ],
    "Voljevac": [
        17.65861,
        43.87873
    ],
    "Vogošća": [
        18.34438,
        43.90225
    ],
    "Vlasenica": [
        18.94096,
        44.18183
    ],
    "Vitina": [
        17.48389,
        43.2375
    ],
    "Vitez": [
        17.79008,
        44.15424
    ],
    "Visoko": [
        18.17806,
        43.98889
    ],
    "Višegrad": [
        19.29256,
        43.7826
    ],
    "Vidoši": [
        17.02833,
        43.77139
    ],
    "Velika Obarska": [
        19.16183,
        44.80461
    ],
    "Velika Kladuša": [
        15.80579,
        45.18497
    ],
    "Velagići": [
        16.73349,
        44.55618
    ],
    "Varoška Rijeka": [
        16.01906,
        45.08936
    ],
    "Vareš": [
        18.32833,
        44.16444
    ],
    "Ustikolina": [
        18.79106,
        43.58338
    ],
    "Ugljevik": [
        19.02028,
        44.66361
    ],
    "Tuzla": [
        18.66709,
        44.53842
    ],
    "Turbe": [
        17.57499,
        44.24352
    ],
    "Tržačka Raštela": [
        15.78489,
        44.97597
    ],
    "Trn": [
        17.23583,
        44.85829
    ],
    "Trebinje": [
        18.34362,
        42.71197
    ],
    "Travnik": [
        17.66582,
        44.22637
    ],
    "Tojšići": [
        18.78523,
        44.50133
    ],
    "Teslić": [
        17.85972,
        44.60639
    ],
    "Tešanj": [
        17.98552,
        44.61191
    ],
    "Tasovčići": [
        17.72,
        43.11333
    ],
    "Svodna": [
        16.54019,
        45.0377
    ],
    "Šumatac": [
        15.85818,
        45.09744
    ],
    "Šturlić": [
        15.77806,
        45.06389
    ],
    "Stupari": [
        18.68416,
        44.31382
    ],
    "Stolac": [
        17.95995,
        43.084
    ],
    "Stjepan-Polje": [
        18.25783,
        44.71634
    ],
    "Stijena": [
        16.02224,
        44.9363
    ],
    "Srebrenik": [
        18.48834,
        44.70819
    ],
    "Srebrenica": [
        19.29669,
        44.10748
    ],
    "Srbac": [
        17.52331,
        45.0973
    ],
    "Solina": [
        18.69322,
        44.56226
    ],
    "Sokolac": [
        18.80079,
        43.93817
    ],
    "Sladna": [
        18.42576,
        44.72897
    ],
    "Skender Vakuf": [
        17.38161,
        44.49071
    ],
    "Šipovo": [
        17.08597,
        44.28237
    ],
    "Šerići": [
        18.5637,
        44.46674
    ],
    "Šekovići": [
        18.85532,
        44.29896
    ],
    "Sarajevo": [
        18.35644,
        43.84864
    ],
    "Sanski Most": [
        16.667,
        44.7667
    ],
    "Sanica": [
        16.64062,
        44.61354
    ],
    "Rumboci": [
        17.50273,
        43.83154
    ],
    "Rudo": [
        19.36719,
        43.61781
    ],
    "Rogatica": [
        19.00363,
        43.79894
    ],
    "Rodoč": [
        17.8029,
        43.31453
    ],
    "Radišići": [
        17.54056,
        43.22302
    ],
    "Puračić": [
        18.47865,
        44.54562
    ],
    "Novi Travnik": [
        17.65816,
        44.17133
    ],
    "Prozor": [
        17.60917,
        43.82222
    ],
    "Prnjavor": [
        17.66256,
        44.87021
    ],
    "Prijedor": [
        16.71401,
        44.97991
    ],
    "Priboj": [
        18.93165,
        44.60233
    ],
    "Pribinić": [
        17.68982,
        44.6101
    ],
    "Potoci": [
        17.87855,
        43.40953
    ],
    "Popovi": [
        19.28667,
        44.76547
    ],
    "Polje-Bijela": [
        17.97216,
        43.63299
    ],
    "Podzvizd": [
        15.87361,
        45.17417
    ],
    "Podhum": [
        16.99887,
        43.72295
    ],
    "Petkovci": [
        19.07466,
        44.46849
    ],
    "Pećigrad": [
        15.89694,
        45.05444
    ],
    "Peći": [
        16.7825,
        44.63139
    ],
    "Pazarić": [
        18.16049,
        43.78882
    ],
    "Pale": [
        18.56949,
        43.81664
    ],
    "Otoka": [
        16.17917,
        44.96
    ],
    "Ostrožac": [
        15.94044,
        44.90866
    ],
    "Oštra Luka": [
        18.58464,
        44.99724
    ],
    "Orguz": [
        16.86329,
        43.77414
    ],
    "Orašje": [
        18.69334,
        45.03366
    ],
    "Orašac": [
        16.07443,
        44.63039
    ],
    "Orahovica Donja": [
        18.36951,
        44.65345
    ],
    "Omarska": [
        16.89814,
        44.8917
    ],
    "Olovo": [
        18.58065,
        44.1277
    ],
    "Odžak": [
        18.3272,
        45.01038
    ],
    "Obudovac": [
        18.59869,
        44.95214
    ],
    "Novi Šeher": [
        18.02624,
        44.51031
    ],
    "Nevesinje": [
        18.11333,
        43.25861
    ],
    "Neum": [
        17.61556,
        42.92333
    ],
    "Mrkonjić Grad": [
        17.08288,
        44.41729
    ],
    "Mramor": [
        18.56458,
        44.59234
    ],
    "Mostar": [
        17.80806,
        43.34333
    ],
    "Mionica": [
        18.46603,
        44.86646
    ],
    "Milići": [
        19.09195,
        44.17016
    ],
    "Maslovare": [
        17.53216,
        44.56594
    ],
    "Marićka": [
        16.8551,
        44.86801
    ],
    "Mala Kladuša": [
        15.85217,
        45.13443
    ],
    "Mahala": [
        18.25528,
        44.01194
    ],
    "Maglajani": [
        17.35014,
        44.94975
    ],
    "Maglaj": [
        18.10003,
        44.54771
    ],
    "Lukavica": [
        18.16887,
        44.76452
    ],
    "Lopare": [
        18.8434,
        44.63498
    ],
    "Lokvine": [
        17.85665,
        44.20466
    ],
    "Ljubuški": [
        17.545,
        43.19694
    ],
    "Ljubinje": [
        18.08702,
        42.9512
    ],
    "Livno": [
        17.00746,
        43.82695
    ],
    "Široki Brijeg": [
        17.59416,
        43.3829
    ],
    "Laktaši": [
        17.30135,
        44.90857
    ],
    "Kotor-Varoš": [
        17.37204,
        44.61831
    ],
    "Kočerin": [
        17.48552,
        43.39005
    ],
    "Kobilja Glava": [
        18.38864,
        43.88188
    ],
    "Ključ": [
        16.77682,
        44.53251
    ],
    "Kladanj": [
        18.69274,
        44.22669
    ],
    "Kiseljak": [
        18.08132,
        43.94295
    ],
    "Karadaglije": [
        18.01774,
        44.57065
    ],
    "Kalenderovci Donji": [
        17.83785,
        44.94672
    ],
    "Kakanj": [
        18.12292,
        44.13311
    ],
    "Jezerski": [
        16.09448,
        44.98172
    ],
    "Janja": [
        19.24691,
        44.66554
    ],
    "Jajce": [
        17.27059,
        44.34203
    ],
    "Izačić": [
        15.78256,
        44.87485
    ],
    "Ilijaš": [
        18.27128,
        43.95128
    ],
    "Han Pijesak": [
        18.95258,
        44.08161
    ],
    "Hadžići": [
        18.20667,
        43.82222
    ],
    "Grude": [
        17.39506,
        43.38356
    ],
    "Gromiljak": [
        18.05504,
        43.96668
    ],
    "Gradačac": [
        18.42764,
        44.87851
    ],
    "Gračanica": [
        18.28333,
        43.73333
    ],
    "Gostovići": [
        18.17029,
        44.41124
    ],
    "Gornji Vakuf": [
        17.58833,
        43.93806
    ],
    "Gornje Živinice": [
        18.61667,
        44.42921
    ],