{
    "Welchman Hall": [
        -59.56667,
        13.18333
    ],
    "Crane": [
        -59.45,
        13.1
    ],
    "Speightstown": [
        -59.65,
        13.25
    ],
    "Oistins": [
        -59.53333,
        13.06667
    ],
    "Holetown": [
        -59.63808,
        13.18672
    ],
    "Greenland": [
        -59.56667,
        13.25
    ],
    "Four Cross Roads": [
        -59.51667,
        13.16667
    ],
    "Checker Hall": [
        -59.63333,
        13.28333
    ],
    "Bridgetown": [
        -59.61667,
        13.1
    ],
    "Bathsheba": [
        -59.51667,
        13.21667
    ]
}