{
    "Thākurgaon": [
        88.46989,
        26.03097
    ],
    "Teknāf": [
        92.30153,
        20.86382
    ],
    "Tungi": [
        90.40232,
        23.89154
    ],
    "Sylhet": [
        91.87198,
        24.89904
    ],
    "Dohār": [
        90.14251,
        23.59311
    ],
    "Jamālpur": [
        89.94812,
        24.91965
    ],
    "Shibganj": [
        88.15638,
        24.68501
    ],
    "Sātkhira": [
        89.07185,
        22.70817
    ],
    "Sirājganj": [
        89.70802,
        24.45771
    ],
    "Netrakona": [
        90.72898,
        24.88352
    ],
    "Narsingdi": [
        90.71768,
        23.92298
    ],
    "Sandwīp": [
        91.45491,
        22.51409
    ],
    "Shāhzādpur": [
        89.5988,
        24.17687
    ],
    "Rāmganj": [
        90.84989,
        23.1006
    ],
    "Rājshāhi": [
        88.60114,
        24.374
    ],
    "Pirojpur": [
        89.97521,
        22.57965
    ],
    "Panchagarh": [
        88.55777,
        26.33338
    ],
    "Patiya": [
        91.979,
        22.29543
    ],
    "Parbatipur": [
        88.93093,
        25.66369
    ],
    "Nārāyanganj": [
        90.50298,
        23.61352
    ],
    "Nālchiti": [
        90.27195,
        22.63696
    ],
    "Nāgarpur": [
        89.87696,
        24.05783
    ],
    "Nageswari": [
        89.69153,
        25.96817
    ],
    "Mymensingh": [
        90.40646,
        24.75636
    ],
    "Muktāgācha": [
        90.25698,
        24.76484
    ],
    "Mirzāpur": [
        90.09841,
        24.10287
    ],
    "Maulavi Bāzār": [
        91.77075,
        24.48888
    ],
    "Morrelgonj": [
        89.85584,
        22.45566
    ],
    "Mehendiganj": [
        90.52859,
        22.82257
    ],
    "Mathba": [
        89.95882,
        22.28616
    ],
    "Lalmanirhat": [
        89.44595,
        25.91719
    ],
    "Lākshām": [
        91.12143,
        23.24018
    ],
    "Comilla": [
        91.18504,
        23.46186
    ],
    "Rangpur": [
        89.25166,
        25.74664
    ],
    "Kushtia": [
        89.11943,
        23.9028
    ],
    "Kālīganj": [
        89.13801,
        23.40964
    ],
    "Jhingergācha": [
        89.09061,
        23.11134
    ],
    "Joypur Hāt": [
        89.02734,
        25.10147
    ],
    "Ishurdi": [
        89.06573,
        24.12858
    ],
    "Habiganj": [
        91.413,
        24.38044
    ],
    "Gaurnadi": [
        90.22376,
        22.97372
    ],
    "Gafargaon": [
        90.5585,
        24.432
    ],
    "Feni": [
        91.4013,
        23.01134
    ],
    "Rāipur": [
        90.76808,
        23.0391
    ],
    "Sarankhola": [
        89.79113,
        22.31006
    ],
    "Dhaka": [
        90.40744,
        23.7104
    ],
    "Chilmāri": [
        89.67097,
        25.55613
    ],
    "Chhāgalnāiya": [
        91.51092,
        23.02475
    ],
    "Lālmohan": [
        90.73708,
        22.33774
    ],
    "Khagrachhari": [
        91.97006,
        23.10787
    ],
    "Chhātak": [
        91.6815,
        25.03858
    ],
    "Bhātpāra Abhaynagar": [
        89.43936,
        23.01472
    ],
    "Bherāmāra": [
        88.99234,
        24.02452
    ],
    "Bhairab Bāzār": [
        90.9764,
        24.0524
    ],
    "Bāndarban": [
        92.21946,
        22.19534
    ],
    "Kālia": [
        89.63094,
        23.043
    ],
    "Baniachang": [
        91.35787,
        24.51863
    ],
    "Bājitpur": [
        90.95002,
        24.21623
    ],
    "Badarganj": [
        89.05377,
        25.67419
    ],
    "Narail": [
        89.49515,
        23.15509
    ],
    "Tungipāra": [
        89.90326,
        22.89983
    ],
    "Sarishābāri": [
        89.83126,
        24.75127
    ],
    "Sakhipur": [
        90.16943,
        24.31988
    ],
    "Raojān": [
        91.91919,
        22.53511
    ],
    "Phultala": [
        89.51194,
        22.71673
    ],
    "Pālang": [
        90.35076,
        23.21824
    ],
    "Pār Naogaon": [
        88.94875,
        24.80418
    ],
    "Nabīnagar": [
        90.96792,
        23.88791
    ],
    "Lakshmīpur": [
        90.83005,
        22.9443
    ],
    "Kesabpur": [
        89.21954,
        22.90725
    ],
    "Jahedpur": [
        91.65,
        24.83333
    ],
    "Hājīganj": [
        90.85508,
        23.25191
    ],
    "Farīdpur": [
        89.84064,
        23.60612
    ],
    "Dinājpur": [
        88.63779,
        25.62745
    ],
    "Uttar Char Fasson": [
        90.71275,
        22.22647
    ],
    "Chittagong": [
        91.83168,
        22.3384
    ],
    "Char Bhadrāsan": [
        90.22698,
        23.30916
    ],
    "Bera": [
        89.63262,
        24.07821
    ],
    "Burhānuddin": [
        90.7239,
        22.49518
    ],
    "Sātkania": [
        92.04955,
        22.07639
    ],
    "Cox’s Bāzār": [
        91.96765,
        21.45388
    ],
    "Khulna": [
        89.56439,
        22.80978
    ],
    "Bhola": [
        90.64403,
        22.68759
    ],
    "Barisāl": [
        90.37013,
        22.70497
    ],
    "Jessore": [
        89.21371,
        23.16971
    ],
    "Pābna": [
        89.2372,
        24.00644
    ],
    "Tāngāil": [
        89.91655,
        24.24984
    ],
    "Bogra": [
        89.37108,
        24.85098
    ],
    "Pīrgaaj": [
        88.35943,
        25.85587
    ],
    "Nawābganj": [
        88.27444,
        24.59025
    ],
    "Mādārīpur": [
        90.20935,
        23.17097
    ],
    "Sherpur": [
        90.01751,
        25.01881
    ],
    "Kishorganj": [
        90.78291,
        24.43944
    ],
    "Manikchari": [
        91.84128,
        22.83957
    ],
    "Bhāndāria": [
        90.06273,
        22.48898
    ],
    "Fatikchari": [
        91.78123,
        22.68768
    ],
    "Saidpur": [
        88.89169,
        25.77769
    ],
    "Gaibandha": [
        89.5438,
        25.3293
    ]
}