{
    "Zorgo": [
        -0.61527,
        12.24922
    ],
    "Ziniaré": [
        -1.2971,
        12.58186
    ],
    "Yako": [
        -2.26075,
        12.9591
    ],
    "Tougan": [
        -3.0694,
        13.0725
    ],
    "Toma": [
        -2.89879,
        12.75844
    ],
    "Titao": [
        -2.06667,
        13.76667
    ],
    "Tenkodogo": [
        -0.36972,
        11.78
    ],
    "Salanso": [
        -4.08477,
        12.17423
    ],
    "Sindou": [
        -5.16667,
        10.66667
    ],
    "Sebba": [
        0.53044,
        13.43641
    ],
    "Sapouy": [
        -1.77361,
        11.55444
    ],
    "Réo": [
        -2.47094,
        12.31963
    ],
    "Pô": [
        -1.145,
        11.16972
    ],
    "Pitmoaga": [
        -1.87667,
        12.23972
    ],
    "Pama": [
        0.7075,
        11.24972
    ],
    "Oursi": [
        -0.46034,
        14.67553
    ],
    "Ouargaye": [
        0.05886,
        11.50202
    ],
    "Ouahigouya": [
        -2.42158,
        13.58278
    ],
    "Ouagadougou": [
        -1.53388,
        12.36566
    ],
    "Nouna": [
        -3.86305,
        12.72938
    ],
    "Manga": [
        -1.07306,
        11.66361
    ],
    "Léo": [
        -2.10654,
        11.10033
    ],
    "Koupéla": [
        -0.35103,
        12.17864
    ],
    "Koudougou": [
        -2.36272,
        12.25263
    ],
    "Kongoussi": [
        -1.53472,
        13.32583
    ],
    "Kombissiri": [
        -1.33355,
        12.06095
    ],
    "Kokologo": [
        -1.88556,
        12.18972
    ],
    "Kaya": [
        -1.08444,
        13.09167
    ],
    "Houndé": [
        -3.51667,
        11.5
    ],
    "Gourcy": [
        -2.35893,
        13.20776
    ],
    "Goulouré": [
        -1.92922,
        12.2276
    ],
    "Gorom-Gorom": [
        -0.23468,
        14.4429
    ],
    "Gayéri": [
        0.49314,
        12.64824
    ],
    "Garango": [
        -0.55056,
        11.8
    ],
    "Fada N'gourma": [
        0.35843,
        12.06157
    ],
    "Dori": [
        -0.0345,
        14.0354
    ],
    "Djibo": [
        -1.62554,
        14.0994
    ],
    "Diébougou": [
        -3.24967,
        10.96209
    ],
    "Diapaga": [
        1.78838,
        12.07305
    ],
    "Déou": [
        -0.71901,
        14.60084
    ],
    "Dédougou": [
        -3.46075,
        12.46338
    ],
    "Dano": [
        -3.05784,
        11.1464
    ],
    "Boussé": [
        -1.89288,
        12.6576
    ],
    "Boulsa": [
        -0.57468,
        12.66664
    ],
    "Boromo": [
        -2.93006,
        11.74542
    ],
    "Bogandé": [
        -0.14953,
        12.9704
    ],
    "Bobo-Dioulasso": [
        -4.2979,
        11.17715
    ],
    "Batié": [
        -2.91667,
        9.88333
    ],
    "Banfora": [
        -4.76667,
        10.63333
    ],
    "Gaoua": [
        -3.25083,
        10.29917
    ],
    "Orodara": [
        -4.93417,
        10.94917
    ],
    "Tin-Akoff": [
        -0.16335,
        14.96549
    ]
}