{
    "Sitrah": [
        50.62056,
        26.15472
    ],
    "Madīnat ‘Īsá": [
        50.54778,
        26.17361
    ],
    "Jidd Ḩafş": [
        50.54778,
        26.21861
    ],
    "Madīnat Ḩamad": [
        50.50694,
        26.11528
    ],
    "Dār Kulayb": [
        50.50389,
        26.06861
    ],
    "Al Muharraq": [
        50.61194,
        26.25722
    ],
    "Manama": [
        50.5832,
        26.21536
    ],
    "Al Ḩadd": [
        50.65417,
        26.24556
    ],
    "Ar Rifā‘": [
        50.555,
        26.13
    ]
}