{
    "Makamba": [
        29.804,
        -4.1348
    ],
    "Bururi": [
        29.62438,
        -3.94877
    ],
    "Rumonge": [
        29.4386,
        -3.9736
    ],
    "Mwaro": [
        29.7034,
        -3.5272
    ],
    "Bujumbura": [
        29.3644,
        -3.3822
    ],
    "Muramvya": [
        29.6079,
        -3.2682
    ],
    "Gitega": [
        29.9308,
        -3.4264
    ],
    "Ruyigi": [
        30.24861,
        -3.47639
    ],
    "Cankuzo": [
        30.5528,
        -3.2186
    ],
    "Karuzi": [
        30.17351,
        -3.10608
    ],
    "Bubanza": [
        29.391,
        -3.0804
    ],
    "Cibitoke": [
        29.1248,
        -2.8869
    ],
    "Ngozi": [
        29.8306,
        -2.9075
    ],
    "Kayanza": [
        29.6293,
        -2.9221
    ],
    "Muyinga": [
        30.3414,
        -2.8451
    ],
    "Kirundo": [
        30.0959,
        -2.5845
    ],
    "Rutana": [
        29.992,
        -3.9279
    ]
}