{
    "Tchaourou": [
        2.59752,
        8.88649
    ],
    "Tanguiéta": [
        1.26651,
        10.62118
    ],
    "Savé": [
        2.4866,
        8.03424
    ],
    "Savalou": [
        1.97558,
        7.92807
    ],
    "Sakété": [
        2.65866,
        6.73618
    ],
    "Porto-Novo": [
        2.60359,
        6.49646
    ],
    "Pobé": [
        2.6649,
        6.98008
    ],
    "Parakou": [
        2.63031,
        9.33716
    ],
    "Ouidah": [
        2.08506,
        6.36307
    ],
    "Nikki": [
        3.21075,
        9.94009
    ],
    "Natitingou": [
        1.37962,
        10.30416
    ],
    "Malanville": [
        3.38327,
        11.86819
    ],
    "Lokossa": [
        1.71674,
        6.63869
    ],
    "Kétou": [
        2.59978,
        7.36332
    ],
    "Kandi": [
        2.93861,
        11.13417
    ],
    "Hinvi": [
        2.16667,
        6.76667
    ],
    "Hévié": [
        2.25,
        6.41667
    ],
    "Guilmaro": [
        1.72444,
        10.56583
    ],
    "Grand-Popo": [
        1.82251,
        6.28036
    ],
    "Dogbo": [
        1.78333,
        6.81667
    ],
    "Djougou": [
        1.66598,
        9.70853
    ],
    "Dassa-Zoumé": [
        2.18333,
        7.75
    ],
    "Cové": [
        2.34017,
        7.22097
    ],
    "Cotonou": [
        2.41833,
        6.36536
    ],
    "Comé": [
        1.88198,
        6.40764
    ],
    "Bohicon": [
        2.0667,
        7.17826
    ],
    "Bétérou": [
        2.25855,
        9.19916
    ],
    "Bembèrèkè": [
        2.66335,
        10.22827
    ],
    "Bassila": [
        1.6654,
        9.00814
    ],
    "Banikoara": [
        2.43856,
        11.29845
    ],
    "Aplahoué": [
        1.68333,
        6.93333
    ],
    "Allada": [
        2.15138,
        6.66547
    ],
    "Abomey-Calavi": [
        2.35566,
        6.44852
    ],
    "Abomey": [
        1.99119,
        7.18286
    ]
}