{
    "Tutong": [
        114.65,
        4.8
    ],
    "Seria": [
        114.32476,
        4.60637
    ],
    "Kuala Belait": [
        114.2312,
        4.58361
    ],
    "Bangar": [
        115.06667,
        4.71667
    ],
    "Bandar Seri Begawan": [
        114.94806,
        4.94029
    ]
}