{
    "San Pedro": [
        -68.85063,
        -16.23717
    ],
    "San Matías": [
        -58.4,
        -16.36667
    ],
    "Roboré": [
        -59.75,
        -18.33333
    ],
    "Puerto Quijarro": [
        -57.76667,
        -17.78333
    ],
    "Yamparáez": [
        -65.12329,
        -19.18929
    ],
    "Yacuiba": [
        -63.67968,
        -22.03799
    ],
    "Warnes": [
        -63.16667,
        -17.5
    ],
    "Viloco": [
        -67.55,
        -16.95
    ],
    "Villazón": [
        -65.59422,
        -22.08659
    ],
    "Villa Yapacaní": [
        -63.83333,
        -17.4
    ],
    "Villa Serrano": [
        -64.32343,
        -19.12489
    ],
    "Yotala": [
        -65.26417,
        -19.15861
    ],
    "Villamontes": [
        -63.46903,
        -21.26236
    ],
    "Vallegrande": [
        -64.10609,
        -18.48923
    ],
    "Uyuni": [
        -66.82503,
        -20.45967
    ],
    "Urubichá": [
        -62.94661,
        -15.39286
    ],
    "Tupiza": [
        -65.71875,
        -21.44344
    ],
    "La Santisima Trinidad": [
        -64.9,
        -14.83333
    ],
    "Totoral": [
        -66.8738,
        -18.49587
    ],
    "Totora": [
        -65.1932,
        -17.72662
    ],
    "Tomina": [
        -64.53333,
        -19.18333
    ],
    "Eucaliptus": [
        -67.51667,
        -17.58333
    ],
    "Tiahuanaco": [
        -68.67953,
        -16.55228
    ],
    "Tarija": [
        -64.72956,
        -21.53549
    ],
    "Tarata": [
        -66.02135,
        -17.60898
    ],
    "Tarabuco": [
        -64.91517,
        -19.18168
    ],
    "Sucre": [
        -65.26274,
        -19.03332
    ],
    "Sotomayor": [
        -64.99917,
        -19.34
    ],
    "Sorata": [
        -68.63333,
        -15.76667
    ],
    "Sipe Sipe": [
        -66.38333,
        -17.45
    ],
    "Sapirangui": [
        -63.78333,
        -19.93333
    ],
    "Santiago del Torno": [
        -63.38118,
        -17.98674
    ],
    "Santa Rosa del Sara": [
        -63.59514,
        -17.10916
    ],
    "Santa Rosa": [
        -66.88333,
        -14.16667
    ],
    "Santa Rita": [
        -63.35,
        -17.96667
    ],
    "Santa Elena": [
        -64.78333,
        -20.55
    ],
    "Santa Cruz de la Sierra": [
        -63.18117,
        -17.78629
    ],
    "Santa Bárbara": [
        -66.05,
        -20.91667
    ],
    "San Ramón": [
        -64.71667,
        -13.28333
    ],
    "San Pablo": [
        -68.83333,
        -16.21667
    ],
    "San Julian": [
        -62.86667,
        -17.78333
    ],
    "San Juan del Surutú": [
        -63.7,
        -17.48333
    ],
    "San Juan": [
        -65.3,
        -21.26667
    ],
    "San Ignacio de Velasco": [
        -60.95,
        -16.36667
    ],
    "San Francisco": [
        -64.7,
        -20.71667
    ],
    "San Carlos": [
        -63.75,
        -17.4
    ],
    "San Borja": [
        -66.85,
        -14.81667
    ],
    "Samaipata": [
        -63.87552,
        -18.18006
    ],
    "Salitre": [
        -64.91667,
        -20.88333
    ],
    "Rurrenabaque": [
        -67.52781,
        -14.44125
    ],
    "Rosario del Ingre": [
        -63.9,
        -20.58333
    ],
    "Riberalta": [
        -66.06312,
        -11.00654
    ],
    "Reyes": [
        -67.38333,
        -14.31667
    ],
    "Quime": [
        -67.21667,
        -16.98333
    ],
    "Punata": [
        -65.83472,
        -17.54234
    ],
    "Pulqui": [
        -65.21667,
        -19.23333
    ],
    "Puesto de Pailas": [
        -62.8,
        -17.65
    ],
    "Presto": [
        -64.93917,
        -18.92944
    ],
    "Potosí": [
        -65.75306,
        -19.58361
    ],
    "Potolo": [
        -65.52861,
        -19.00556
    ],
    "Portachuelo": [
        -63.39282,
        -17.35168
    ],
    "Poopó": [
        -66.96695,
        -18.38026
    ],
    "Pocpo": [
        -65.36667,
        -18.83333
    ],
    "Piocera": [
        -65.4,
        -18.75
    ],
    "Pilaya": [
        -64.75,
        -20.95
    ],
    "Paurito": [
        -62.96667,
        -17.88333
    ],
    "Patacamaya": [
        -67.92169,
        -17.2358
    ],
    "Pailón": [
        -62.75,
        -17.65
    ],
    "Padilla": [
        -64.30273,
        -19.30878
    ],
    "Oruro": [
        -67.15,
        -17.98333
    ],
    "Okinawa Número Uno": [
        -62.81667,
        -17.23333
    ],
    "Montero": [
        -63.2505,
        -17.33866
    ],
    "Monteagudo": [
        -63.95462,
        -19.79989
    ],
    "Mojotoro": [
        -65.06667,
        -18.91667
    ],
    "Mojocoya": [
        -64.61978,
        -18.7641
    ],
    "Mizque": [
        -65.34016,
        -17.94101
    ],
    "Mineros": [
        -63.231,
        -17.11876
    ],
    "Maragua": [
        -65.42861,
        -19.04611
    ],
    "Mapiri": [
        -68.16667,
        -15.25
    ],
    "Mairana": [
        -63.95965,
        -18.11919
    ],
    "Machacamarca": [
        -67.02099,
        -18.17251
    ],
    "Los Negros": [
        -63.43333,
        -17.73333
    ],
    "Llallagua": [
        -66.58388,
        -18.42426
    ],
    "Lintaca": [
        -65.33333,
        -20.76667
    ],
    "Limoncito": [
        -63.40523,
        -18.03104
    ],
    "Las Carreras": [
        -65.20988,
        -21.2084
    ],
    "La Paz": [
        -68.15,
        -16.5
    ],
    "Lahuachaca": [
        -67.67501,
        -17.37054
    ],
    "La Cueva": [
        -64.9,
        -20.93333
    ],
    "La Bélgica": [
        -63.21667,
        -17.55
    ],
    "Jorochito": [
        -63.42821,
        -18.05514
    ],
    "Isla del Sol": [
        -69.15,
        -16.01667
    ],
    "Irpa Irpa": [
        -66.26667,
        -17.71667
    ],
    "Huayllas": [
        -65.32611,
        -19.16972
    ],
    "Huatajata": [
        -68.68333,
        -16.2
    ],
    "Huata": [
        -65.25,
        -19.01667
    ],
    "Huarina": [
        -68.63333,
        -16.2
    ],
    "Huanuni": [
        -66.83583,
        -18.289
    ],
    "Huajlaya": [
        -64.55,
        -20.6
    ],
    "Guayaramerín": [
        -65.36136,
        -10.83676
    ],
    "Entre Ríos": [
        -64.17299,
        -21.52661
    ],
    "Curahuara de Carangas": [
        -68.43333,
        -17.86667
    ],
    "Culpina": [
        -64.94492,
        -20.82358
    ],
    "Cotoca": [
        -63.05,
        -17.81667
    ],
    "Coroico": [
        -67.72713,
        -16.18889
    ],
    "Coripata": [
        -67.6,
        -16.3
    ],
    "Concepción": [
        -60.9,
        -16.43333
    ],
    "Comarapa": [
        -64.48333,
        -17.9
    ],
    "Colquiri": [
        -67.12671,
        -17.38918
    ],
    "Colquechaca": [
        -66.00397,
        -18.70031
    ],
    "Colomi": [
        -65.86667,
        -17.35
    ],
    "Colchani": [
        -66.71667,
        -17.31667
    ],
    "Cochabamba": [
        -66.1568,
        -17.3895
    ],
    "Cobija": [
        -68.76918,
        -11.02671
    ],
    "Cliza": [
        -65.93253,
        -17.58777
    ],
    "Chuqui Chuqui": [
        -65.06667,
        -18.81667
    ],
    "Chulumani": [
        -67.52626,
        -16.40962
    ],
    "Chimoré": [
        -65.14002,
        -16.94807
    ],
    "Chaunaca": [
        -65.46667,
        -19.01667
    ],
    "Charagua": [
        -63.19864,
        -19.79151
    ],
    "Challapata": [
        -66.77048,
        -18.90208
    ],
    "Carandayti": [
        -63.06667,
        -20.75
    ],
    "Capinota": [
        -66.26082,
        -17.71113
    ],
    "Camiri": [
        -63.51833,
        -20.03849
    ],
    "Camatindi": [
        -63.43333,
        -20.98333
    ],
    "Camargo": [
        -65.20893,
        -20.64064
    ],
    "Buena Vista": [
        -63.65876,
        -17.45659
    ],
    "Boyuibe": [
        -63.28147,
        -20.43227
    ],
    "Betanzos": [
        -65.45395,
        -19.55293
    ],