{
    "Upper Hell's Gate": [
        -63.22649,
        17.643
    ],
    "The Bottom": [
        -63.24919,
        17.6259
    ],
    "Oranjestad": [
        -62.98324,
        17.48268
    ],
    "Kralendijk": [
        -68.26667,
        12.15
    ],
    "Dorp Tera Kora": [
        -68.26667,
        12.13333
    ],
    "Dorp Rincón": [
        -68.33333,
        12.23333
    ],
    "Dorp Antriol": [
        -68.26667,
        12.16667
    ]
}