{
    "West End": [
        -78.99638,
        26.70138
    ],
    "Spanish Wells": [
        -76.76405,
        25.54717
    ],
    "San Andros": [
        -78.05,
        25.06667
    ],
    "Rock Sound": [
        -76.2,
        24.9
    ],
    "Port Nelson": [
        -74.83333,
        23.63333
    ],
    "Nassau": [
        -77.34306,
        25.05823
    ],
    "Matthew Town": [
        -73.66667,
        20.95
    ],
    "Masons Bay": [
        -73.8778,
        22.54352
    ],
    "Marsh Harbour": [
        -77.0636,
        26.54124
    ],
    "Lucaya": [
        -78.66667,
        26.53333
    ],
    "High Rock": [
        -78.27863,
        26.60999
    ],
    "Hard Bargain": [
        -77.56667,
        26.31667
    ],
    "Governor’s Harbour": [
        -76.23333,
        25.16667
    ],
    "George Town": [
        -75.78665,
        23.51616
    ],
    "Freeport": [
        -78.7,
        26.53333
    ],
    "Dunmore Town": [
        -76.63633,
        25.50216
    ],
    "Duncan Town": [
        -75.72583,
        22.19083
    ],
    "Cooper’s Town": [
        -77.51667,
        26.86667
    ],
    "Colonel Hill": [
        -74.20415,
        22.7545
    ],
    "Cockburn Town": [
        -74.51667,
        24.03333
    ],
    "Clarence Town": [
        -74.98333,
        23.1
    ],
    "Black Point": [
        -76.38333,
        24.1
    ],
    "Arthur’s Town": [
        -75.67151,
        24.6224
    ],
    "Andros Town": [
        -77.76667,
        24.7
    ],
    "Alice Town": [
        -79.3,
        25.71667
    ],
    "Abraham’s Bay": [
        -72.96667,
        22.36667
    ]
}