{
    "Werda": [
        23.28333,
        -25.26667
    ],
    "Tshabong": [
        22.45,
        -26.05
    ],
    "Tsau": [
        22.45,
        -20.15
    ],
    "Tonota": [
        27.46153,
        -21.44236
    ],
    "Tobane": [
        27.9,
        -21.95
    ],
    "Thamaga": [
        25.53975,
        -24.67014
    ],
    "Tamasane": [
        27.40127,
        -22.4184
    ],
    "Sua": [
        26.2,
        -20.05
    ],
    "Shakawe": [
        21.84219,
        -18.36536
    ],
    "Serowe": [
        26.71077,
        -22.38754
    ],
    "Selebi-Phikwe": [
        27.84296,
        -21.97895
    ],
    "Sekoma": [
        23.88333,
        -24.4
    ],
    "Sehithwa": [
        22.71667,
        -20.46667
    ],
    "Sefophe": [
        27.96667,
        -22.18333
    ],
    "Sebina": [
        27.25,
        -20.86667
    ],
    "Ratholo": [
        27.57199,
        -22.72454
    ],
    "Ramotswa": [
        25.86989,
        -24.87158
    ],
    "Ramokgonami": [
        27.42391,
        -22.8645
    ],
    "Rakops": [
        24.36052,
        -21.02258
    ],
    "Pilikwe": [
        27.19376,
        -22.79904
    ],
    "Pilane": [
        26.13333,
        -24.45
    ],
    "Pandamatenga": [
        25.62698,
        -18.52779
    ],
    "Palapye": [
        27.12507,
        -22.54605
    ],
    "Otse": [
        25.73333,
        -25.01667
    ],
    "Orapa": [
        25.37642,
        -21.3115
    ],
    "Nokaneng": [
        22.26667,
        -19.66667
    ],
    "Nata": [
        26.18333,
        -20.21667
    ],
    "Mosopa": [
        25.42156,
        -24.7718
    ],
    "Mosetse": [
        26.65,
        -20.75
    ],
    "Mopipi": [
        24.88333,
        -21.18333
    ],
    "Mookane": [
        26.65948,
        -23.68805
    ],
    "Maunatlala": [
        27.63006,
        -22.59701
    ],
    "Molepolole": [
        25.49508,
        -24.40659
    ],
    "Makobeng": [
        27.66766,
        -22.99637
    ],
    "Moijabana": [
        26.41667,
        -22.43333
    ],
    "Mogoditshane": [
        25.86556,
        -24.62694
    ],
    "Mogapinyana": [
        27.6,
        -22.36667
    ],
    "Mogapi": [
        27.83492,
        -22.32301
    ],
    "Mochudi": [
        26.15,
        -24.41667
    ],
    "Mmathubudukwane": [
        26.43333,
        -24.6
    ],
    "Maun": [
        23.41667,
        -19.98333
    ],
    "Mathakola": [
        27.31057,
        -22.72125
    ],
    "Mathathane": [
        28.74946,
        -22.26875
    ],
    "Mathambgwane": [
        27.33158,
        -20.99075
    ],
    "Masunga": [
        27.44875,
        -20.62455
    ],
    "Manyana": [
        21.71667,
        -23.4
    ],
    "Makwata": [
        27.3,
        -23.28333
    ],
    "Makoba": [
        27.11667,
        -23.48333
    ],
    "Makaleng": [
        27.28333,
        -20.9
    ],
    "Mahalapye": [
        26.81421,
        -23.10407
    ],
    "Magothla": [
        27,
        -23.56667
    ],
    "Machaneng": [
        27.48856,
        -23.18621
    ],
    "Mabuli": [
        24.6,
        -25.78333
    ],
    "Maapi": [
        27.35001,
        -22.75785
    ],
    "Lokwabe": [
        21.83333,
        -24.16667
    ],
    "Lobatse": [
        25.67728,
        -25.22435
    ],
    "Letlhakeng": [
        25.02977,
        -24.09442
    ],
    "Letlhakane": [
        25.59263,
        -21.41494
    ],
    "Lenchwe Le Tau": [
        25.85,
        -24.38333
    ],
    "Lehututu": [
        21.86667,
        -23.96667
    ],
    "Letsheng": [
        27.2239,
        -22.66384
    ],
    "Kurametsi": [
        27.06667,
        -23.4
    ],
    "Kopong": [
        25.88333,
        -24.48333
    ],
    "Khudumelapye": [
        24.75,
        -23.88333
    ],
    "Khakhea": [
        23.49403,
        -24.68954
    ],
    "Kasane": [
        25.15,
        -17.81667
    ],
    "Kanye": [
        25.33274,
        -24.96675
    ],
    "Kang": [
        22.78762,
        -23.67518
    ],
    "Kalamare": [
        26.57032,
        -22.93369
    ],
    "Janeng": [
        25.55,
        -25.41667
    ],
    "Hukuntsi": [
        21.77962,
        -23.9988
    ],
    "Gweta": [
        25.23333,
        -20.18333
    ],
    "Gobojango": [
        28.72882,
        -21.8327
    ],
    "Ghanzi": [
        21.78333,
        -21.56667
    ],
    "Gaborone": [
        25.90859,
        -24.65451
    ],
    "Gabane": [
        25.78222,
        -24.66667
    ],
    "Francistown": [
        27.50788,
        -21.16995
    ],
    "Dutlwe": [
        23.9,
        -23.98333
    ],
    "Dukwe": [
        26.41667,
        -20.58333
    ],
    "Dekar": [
        21.93333,
        -21.53333
    ],
    "Botlhapatlou": [
        25.48976,
        -24.02591
    ],
    "Bokaa": [
        26.01667,
        -24.45
    ],
    "Gaphatshwe": [
        25.83417,
        -24.57389
    ],
    "Metsemotlhaba": [
        25.80306,
        -24.55139
    ],
    "Mmopone": [
        25.87417,
        -24.56694
    ],
    "Nkoyaphiri": [
        25.83139,
        -24.63222
    ]
}