{
    "Indura": [
        23.8823,
        53.4605
    ],
    "Skidal’": [
        24.2478,
        53.5904
    ],
    "Horad Zhodzina": [
        28.3331,
        54.0985
    ],
    "Zhlobin": [
        30.024,
        52.8926
    ],
    "Zhytkavichy": [
        27.8561,
        52.2168
    ],
    "Zhyrovichy": [
        25.3443,
        53.0131
    ],
    "Zhdanovichy": [
        27.425,
        53.9432
    ],
    "Zhabinka": [
        24.0115,
        52.1984
    ],
    "Zyembin": [
        28.2207,
        54.3579
    ],
    "Zel’va": [
        24.8153,
        53.1504
    ],
    "Zaslawye": [
        27.2695,
        54.0114
    ],
    "Zamostochcha": [
        27.8685,
        53.8198
    ],
    "Yel’sk": [
        29.1522,
        51.8141
    ],
    "Yalizava": [
        29.0048,
        53.3994
    ],
    "Vysokaye": [
        23.37083,
        52.37091
    ],
    "Voranava": [
        25.3112,
        54.1492
    ],
    "Vitebsk": [
        30.2049,
        55.1904
    ],
    "Vishow": [
        29.9925,
        53.9805
    ],
    "Vishnyeva": [
        26.5228,
        54.7102
    ],
    "Vilyeyka": [
        26.9111,
        54.4914
    ],
    "Vidzy": [
        26.6305,
        55.3945
    ],
    "Veyno": [
        30.38333,
        53.83333
    ],
    "Vyetka": [
        31.1794,
        52.5591
    ],
    "Vyerkhnyadzvinsk": [
        27.9389,
        55.7777
    ],
    "Vawkavysk": [
        24.4513,
        53.1561
    ],
    "Vasilyevichy": [
        29.8288,
        52.2512
    ],
    "Valozhyn": [
        26.5266,
        54.0892
    ],
    "Uzda": [
        27.2137,
        53.4627
    ],
    "Urechcha": [
        27.893,
        52.9479
    ],
    "Turaw": [
        27.735,
        52.0683
    ],
    "Talachyn": [
        29.6955,
        54.4087
    ],
    "Tsimkavichy": [
        26.9902,
        53.0672
    ],
    "Tsyelyakhany": [
        25.8429,
        52.5175
    ],
    "Svir": [
        26.395,
        54.8517
    ],
    "Svyetlahorsk": [
        29.7389,
        52.6329
    ],
    "Stowbtsy": [
        26.7434,
        53.4785
    ],
    "Stolin": [
        26.84597,
        51.89115
    ],
    "Staryya Darohi": [
        28.267,
        53.0402
    ],
    "Starobin": [
        27.4606,
        52.7267
    ],
    "Stan’kava": [
        27.229,
        53.6292
    ],
    "Sasnovy Bor": [
        29.5988,
        52.5194
    ],
    "Sapotskin": [
        23.6598,
        53.8329
    ],
    "Soly": [
        26.19381,
        54.51301
    ],
    "Snow": [
        26.401,
        53.2201
    ],
    "Smarhon’": [
        26.3957,
        54.4798
    ],
    "Horad Smalyavichy": [
        28.0894,
        54.0249
    ],
    "Smilavichy": [
        28.0115,
        53.7496
    ],
    "Slutsk": [
        27.5597,
        53.0274
    ],
    "Slonim": [
        25.3163,
        53.0869
    ],
    "Slabada": [
        27.8866,
        54.0087
    ],
    "Slawharad": [
        31.0014,
        53.4429
    ],
    "Shklow": [
        30.2877,
        54.2131
    ],
    "Shchuchin": [
        24.7465,
        53.6014
    ],
    "Sharkawshchyna": [
        27.4686,
        55.3689
    ],
    "Syanno": [
        29.7086,
        54.8108
    ],
    "Syenitsa": [
        27.5343,
        53.8313
    ],
    "Syomkava": [
        27.441,
        54.0101
    ],
    "Sarachy": [
        28.0186,
        52.7867
    ],
    "Samakhvalavichy": [
        27.5037,
        53.7396
    ],
    "Salihorsk": [
        27.5415,
        52.7876
    ],
    "Ruzhany": [
        24.89357,
        52.86322
    ],
    "Rudzyensk": [
        27.8621,
        53.5983
    ],
    "Rasony": [
        28.8135,
        55.9058
    ],
    "Ros’": [
        24.4128,
        53.2858
    ],
    "Rahachow": [
        30.0495,
        53.0934
    ],
    "Rechytsa": [
        30.3916,
        52.3617
    ],
    "Rakaw": [
        27.0562,
        53.9674
    ],
    "Radashkovichy": [
        27.2412,
        54.1554
    ],
    "Pukhavichy": [
        28.2467,
        53.5297
    ],
    "Pruzhany": [
        24.4573,
        52.556
    ],
    "Prawdzinski": [
        27.8303,
        53.5248
    ],
    "Polatsk": [
        28.7856,
        55.4879
    ],
    "Plyeshchanitsy": [
        27.8301,
        54.4235
    ],
    "Pinsk": [
        26.0951,
        52.1229
    ],
    "Pyatryshki": [
        27.2179,
        54.0686
    ],
    "Pyetrykaw": [
        28.4921,
        52.1289
    ],
    "Pastavy": [
        26.83263,
        55.11676
    ],
    "Parychy": [
        29.4176,
        52.8042
    ],
    "Azyartso": [
        27.3917,
        53.8397
    ],
    "Osveya": [
        28.11049,
        56.0147
    ],
    "Astravyets": [
        25.95537,
        54.61378
    ],
    "Astrashytski Haradok": [
        27.695,
        54.0651
    ],
    "Asnyezhytsy": [
        26.1299,
        52.1891
    ],
    "Asipovichy": [
        28.6386,
        53.3011
    ],
    "Orsha": [
        30.4172,
        54.5081
    ],
    "Aktsyabrski": [
        28.8801,
        52.644
    ],
    "Novy Svyerzhan’": [
        26.7301,
        53.4542
    ],
    "Kadino": [
        30.52028,
        53.88389
    ],
    "Novoye Medvezhino": [
        27.45,
        53.88333
    ],
    "Novosel’ye": [
        27.2009,
        53.9162
    ],
    "Novolukoml’": [
        29.15016,
        54.66192
    ],
    "Nasilava": [
        26.78209,
        54.30441
    ],
    "Nyasvizh": [
        26.6779,
        53.2189
    ],
    "Nyakhachava": [
        25.2027,
        52.644
    ],
    "Navapolatsk": [
        28.5987,
        55.5318
    ],
    "Navahrudak": [
        25.8191,
        53.5942
    ],
    "Narowlya": [
        29.5004,
        51.7961
    ],
    "Narach": [
        26.7314,
        54.5652
    ],
    "Myshkavichy": [
        29.512,
        53.2172
    ],
    "Myadzyel": [
        26.9371,
        54.8789
    ],
    "Mstsislaw": [
        31.7217,
        54.0185
    ],
    "Mosar": [
        27.4609,
        55.2232
    ],
    "Mir": [
        26.467,
        53.4544
    ],
    "Myory": [
        27.6281,
        55.6222
    ],
    "Minsk": [
        27.56667,
        53.9
    ],
    "Mikashevichy": [
        27.476,
        52.2173
    ],
    "Myazhysyatki": [
        30.1765,
        53.7776
    ],
    "Mazyr": [
        29.2456,
        52.0495
    ],
    "Masty": [
        24.5387,
        53.4122
    ],
    "Mar’’ina Horka": [
        28.147,
        53.509
    ],
    "Malaryta": [
        24.074,
        51.7905
    ],
    "Maladzyechna": [
        26.854,
        54.3167
    ],
    "Mahilyow": [
        30.3449,
        53.9168
    ],
    "Machulishchy": [
        27.5948,
        53.7788
    ],
    "Lyubcha": [
        26.0603,
        53.7522
    ],
    "Lyuban’": [
        28.0048,
        52.7985
    ],
    "Lyntupy": [
        26.3103,
        55.0516
    ],
    "Lyepyel’": [
        28.699,
        54.8814
    ],
    "Lyakhavichy": [
        26.2656,
        53.0388
    ],
    "Luninyets": [
        26.8047,
        52.2472
    ],
    "Luhavaya Slabada": [
        27.8434,
        53.7823
    ],
    "Loyew": [
        30.7953,
        51.9458
    ],
    "Loshnitsa": [
        28.7649,
        54.2796
    ],
    "Lahoysk": [
        27.8512,
        54.2064
    ],
    "Lyozna": [
        30.797,
        55.0247
    ],
    "Lida": [
        25.29972,
        53.88333
    ],
    "Lyel’chytsy": [
        28.3288,
        51.7862
    ],
    "Lahishyn": [
        25.9867,
        52.339
    ],
    "Krychaw": [
        31.717,
        53.7125
    ],
    "Krupki": [
        29.1374,
        54.3178
    ],
    "Kruhlaye": [
        29.7968,
        54.2497
    ],
    "Kryvichy": [
        27.2886,
        54.7132
    ],
    "Kreva": [
        26.2916,
        54.3118
    ],
    "Krasnaye": [
        27.0758,
        54.2438
    ],
    "Krasnasyel’ski": [
        24.4301,
        53.2645
    ],
    "Krasnapollye": [
        31.3999,
        53.3353
    ],