{
    "Shipyard": [
        -88.61667,
        17.88333
    ],
    "San Pedro": [
        -87.9659,
        17.91598
    ],
    "San Ignacio": [
        -89.07139,
        17.15611
    ],
    "Punta Gorda": [
        -88.8097,
        16.09835
    ],
    "Placentia Village": [
        -88.36667,
        16.51667
    ],
    "Orange Walk": [
        -88.56328,
        18.08124
    ],
    "Dangriga": [
        -88.23206,
        16.96921
    ],
    "Corozal": [
        -88.38849,
        18.39375
    ],
    "Benque Viejo del Carmen": [
        -89.13917,
        17.075
    ],
    "Belmopan": [
        -88.76667,
        17.25
    ],
    "Belize City": [
        -88.19756,
        17.49952
    ],
    "Valley of Peace": [
        -88.83472,
        17.33472
    ]
}