{
    "Yangambi": [
        24.43359,
        0.81021
    ],
    "Watsa": [
        29.53551,
        3.03716
    ],
    "Wamba": [
        27.99466,
        2.14838
    ],
    "Uvira": [
        29.13779,
        -3.39534
    ],
    "Tshikapa": [
        20.79995,
        -6.41621
    ],
    "Sake": [
        29.04339,
        -1.57386
    ],
    "Mwene-Ditu": [
        23.45278,
        -7.00906
    ],
    "Mweka": [
        21.5595,
        -4.85187
    ],
    "Mbuji-Mayi": [
        23.58979,
        -6.13603
    ],
    "Lusambo": [
        23.44391,
        -4.97503
    ],
    "Luebo": [
        21.42192,
        -5.35218
    ],
    "Lubao": [
        25.74885,
        -5.38771
    ],
    "Lodja": [
        23.6005,
        -3.52105
    ],
    "Lisala": [
        21.51672,
        2.15127
    ],
    "Kongolo": [
        27.00028,
        -5.38532
    ],
    "Kisangani": [
        25.19099,
        0.51528
    ],
    "Kindu": [
        25.92237,
        -2.94373
    ],
    "Kasongo": [
        26.66656,
        -4.42741
    ],
    "Kananga": [
        22.41659,
        -5.89624
    ],
    "Kampene": [
        26.66715,
        -3.59678
    ],
    "Kamina": [
        24.99056,
        -8.73861
    ],
    "Kalemie": [
        29.19471,
        -5.94749
    ],
    "Kabinda": [
        24.48179,
        -6.13791
    ],
    "Kabare": [
        28.79081,
        -2.49682
    ],
    "Kabalo": [
        26.91667,
        -6.05
    ],
    "Isiro": [
        27.61603,
        2.77391
    ],
    "Ilebo": [
        20.58638,
        -4.33112
    ],
    "Goma": [
        29.22845,
        -1.67409
    ],
    "Gbadolite": [
        21.00284,
        4.279
    ],
    "Gandajika": [
        23.95,
        -6.75
    ],
    "Demba": [
        22.26962,
        -5.49573
    ],
    "Butembo": [
        29.29117,
        0.14164
    ],
    "Buta": [
        24.72998,
        2.78582
    ],
    "Businga": [
        20.88577,
        3.33863
    ],
    "Bunia": [
        30.25224,
        1.55941
    ],
    "Bumba": [
        22.46827,
        2.18771
    ],
    "Bukavu": [
        28.84281,
        -2.49076
    ],
    "Bukama": [
        25.85,
        -9.2
    ],
    "Bongandanga": [
        21.0726,
        1.50695
    ],
    "Bondo": [
        23.68665,
        3.81461
    ],
    "Boende": [
        20.88053,
        -0.28163
    ],
    "Beni": [
        29.47306,
        0.49113
    ],
    "Basoko": [
        23.61598,
        1.23909
    ],
    "Aketi": [
        23.78326,
        2.73877
    ],
    "Lubumbashi": [
        27.47938,
        -11.66089
    ],
    "Likasi": [
        26.73333,
        -10.98139
    ],
    "Kolwezi": [
        25.46674,
        -10.71484
    ],
    "Kipushi": [
        27.23333,
        -11.76667
    ],
    "Kambove": [
        26.59694,
        -10.87639
    ],
    "Tshela": [
        12.9484,
        -4.99707
    ],
    "Nioki": [
        17.69001,
        -2.72037
    ],
    "Mushie": [
        16.92238,
        -3.01728
    ],
    "Mbanza-Ngungu": [
        14.85838,
        -5.25837
    ],
    "Mbandaka": [
        18.26034,
        0.04865
    ],
    "Matadi": [
        13.44068,
        -5.79949
    ],
    "Mangai": [
        19.53385,
        -4.02328
    ],
    "Lukolela": [
        17.1821,
        -1.06046
    ],
    "Libenge": [
        18.63566,
        3.65332
    ],
    "Kinshasa": [
        15.30807,
        -4.32142
    ],
    "Kikwit": [
        18.81619,
        -5.04098
    ],
    "Kasongo-Lunda": [
        16.81735,
        -6.47833
    ],
    "Kasangulu": [
        15.17083,
        -4.59111
    ],
    "Inongo": [
        18.2881,
        -1.9275
    ],
    "Gemena": [
        19.77234,
        3.25651
    ],
    "Bulungu": [
        18.60364,
        -4.54438
    ],
    "Bosobolo": [
        19.8833,
        4.1898
    ],
    "Bolobo": [
        16.23249,
        -2.158
    ],
    "Bandundu": [
        17.38063,
        -3.31687
    ],
    "Masina": [
        15.39139,
        -4.38361
    ]
}