{
    "Sibiti": [
        13.34985,
        -3.68192
    ],
    "Sémbé": [
        14.58056,
        1.64806
    ],
    "Pointe-Noire": [
        11.86352,
        -4.77609
    ],
    "Owando": [
        15.89988,
        -0.48193
    ],
    "Ouésso": [
        16.05167,
        1.61361
    ],
    "Mossendjo": [
        12.70423,
        -2.94968
    ],
    "Makoua": [
        15.63333,
        0.00694
    ],
    "Madingou": [
        13.55,
        -4.15361
    ],
    "Dolisie": [
        12.66664,
        -4.19834
    ],
    "Loandjili": [
        11.85778,
        -4.75611
    ],
    "Kinkala": [
        14.76444,
        -4.36139
    ],
    "Kayes": [
        13.28608,
        -4.20493
    ],
    "Impfondo": [
        18.05981,
        1.61804
    ],
    "Gamboma": [
        15.86444,
        -1.87639
    ],
    "Ewo": [
        14.82056,
        -0.8725
    ],
    "Djambala": [
        14.75333,
        -2.54472
    ],
    "Brazzaville": [
        15.28318,
        -4.26613
    ],
    "Nkayi": [
        13.2859,
        -4.18396
    ]
}