{
    "Zuénoula": [
        -6.05054,
        7.43027
    ],
    "Yamoussoukro": [
        -5.27674,
        6.82055
    ],
    "Vavoua": [
        -6.47778,
        7.38194
    ],
    "Toumodi": [
        -5.01769,
        6.55799
    ],
    "Toulépleu Gueré": [
        -8.42592,
        6.57395
    ],
    "Touba": [
        -7.68333,
        8.28333
    ],
    "Tengrela": [
        -6.40694,
        10.48115
    ],
    "Tiassalé": [
        -4.82293,
        5.89839
    ],
    "Tanda": [
        -3.16832,
        7.80336
    ],
    "Tabou": [
        -7.3528,
        4.42295
    ],
    "Sinfra": [
        -5.91144,
        6.62103
    ],
    "Sassandra": [
        -6.08531,
        4.95384
    ],
    "San-Pédro": [
        -6.6363,
        4.74851
    ],
    "Sakassou": [
        -5.29263,
        7.45462
    ],
    "Oumé": [
        -5.41759,
        6.38309
    ],
    "Odienné": [
        -7.56433,
        9.50511
    ],
    "Mankono": [
        -6.18972,
        8.05861
    ],
    "Man": [
        -7.55383,
        7.41251
    ],
    "Maféré": [
        -3.03006,
        5.4151
    ],
    "Lakota": [
        -5.682,
        5.84752
    ],
    "Korhogo": [
        -5.62961,
        9.45803
    ],
    "Katiola": [
        -5.10095,
        8.13728
    ],
    "Jacqueville": [
        -4.4146,
        5.20515
    ],
    "Issia": [
        -6.58558,
        6.49224
    ],
    "Guiglo": [
        -7.4935,
        6.54368
    ],
    "Guibéroua": [
        -6.17146,
        6.23869
    ],
    "Grand-Lahou": [
        -5.02396,
        5.13553
    ],
    "Grand-Bassam": [
        -3.73884,
        5.2118
    ],
    "Affery": [
        -3.95235,
        6.32035
    ],
    "Gagnoa": [
        -5.9506,
        6.13193
    ],
    "Ferkessédougou": [
        -5.19449,
        9.5928
    ],
    "Duekoué": [
        -7.34918,
        6.74202
    ],
    "Divo": [
        -5.35723,
        5.83739
    ],
    "Dimbokro": [
        -4.70519,
        6.64678
    ],
    "Daoukro": [
        -3.9631,
        7.0591
    ],
    "Danané": [
        -8.15498,
        7.25957
    ],
    "Daloa": [
        -6.45022,
        6.87736
    ],
    "Dabou": [
        -4.37685,
        5.32556
    ],
    "Dabakala": [
        -4.42863,
        8.36321
    ],
    "Boundiali": [
        -6.48694,
        9.52167
    ],
    "Bouna": [
        -2.9951,
        9.26926
    ],
    "Bouaké": [
        -5.03031,
        7.69385
    ],
    "Bouaflé": [
        -5.7442,
        6.99041
    ],
    "Botro": [
        -5.31063,
        7.85249
    ],
    "Bonoua": [
        -3.59625,
        5.27247
    ],
    "Bongouanou": [
        -4.20406,
        6.65175
    ],
    "Bondoukou": [
        -2.80003,
        8.0402
    ],
    "Bocanda": [
        -4.49948,
        7.06264
    ],
    "Bingerville": [
        -3.88537,
        5.35581
    ],
    "Biankouma": [
        -7.61377,
        7.73909
    ],
    "Béoumi": [
        -5.58086,
        7.67395
    ],
    "Bangolo": [
        -7.4864,
        7.01232
    ],
    "Azaguié": [
        -4.08204,
        5.62984
    ],
    "Ayamé": [
        -3.15709,
        5.6052
    ],
    "Arrah": [
        -3.96938,
        6.67342
    ],
    "Anyama": [
        -4.05183,
        5.49462
    ],
    "Alépé": [
        -3.66308,
        5.5004
    ],
    "Akoupé": [
        -3.88759,
        6.38423
    ],
    "Agnibilékrou": [
        -3.20415,
        7.13113
    ],
    "Agboville": [
        -4.21319,
        5.92801
    ],
    "Adzopé": [
        -3.86194,
        6.10694
    ],
    "Adiaké": [
        -3.30402,
        5.28634
    ],
    "Aboisso": [
        -3.20711,
        5.46779
    ],
    "Abobo": [
        -4.0159,
        5.41613
    ],
    "Abidjan": [
        -4.01266,
        5.30966
    ],
    "Abengourou": [
        -3.49639,
        6.72972
    ],
    "Séguéla": [
        -6.67306,
        7.96111
    ],
    "Agou": [
        -3.94393,
        5.98289
    ],
    "Tiapoum": [
        -3.02308,
        5.13622
    ],
    "Soubré": [
        -6.60833,
        5.78556
    ],
    "Songon": [
        -4.25415,
        5.3196
    ]
}