{
    "Yumbel": [
        -72.56084,
        -37.0982
    ],
    "Viña del Mar": [
        -71.55183,
        -33.02457
    ],
    "Villarrica": [
        -72.2279,
        -39.28569
    ],
    "Villa Alemana": [
        -71.37333,
        -33.04222
    ],
    "Vilcún": [
        -72.22565,
        -38.66875
    ],
    "Vicuña": [
        -70.71274,
        -30.03541
    ],
    "Victoria": [
        -72.33292,
        -38.23291
    ],
    "Valparaíso": [
        -71.62725,
        -33.03932
    ],
    "Vallenar": [
        -70.25551,
        -28.51576
    ],
    "Valdivia": [
        -73.24589,
        -39.81422
    ],
    "Traiguén": [
        -72.67027,
        -38.2496
    ],
    "Tomé": [
        -72.95593,
        -36.61756
    ],
    "Tocopilla": [
        -70.19792,
        -22.09198
    ],
    "Teno": [
        -71.16219,
        -34.87055
    ],
    "Temuco": [
        -72.59842,
        -38.73965
    ],
    "Taltal": [
        -70.48358,
        -25.40872
    ],
    "Talcahuano": [
        -73.11684,
        -36.72494
    ],
    "Talca": [
        -71.65542,
        -35.4264
    ],
    "Talagante": [
        -70.92734,
        -33.66386
    ],
    "San Vicente": [
        -71.08333,
        -34.43333
    ],
    "Santiago": [
        -70.64827,
        -33.45694
    ],
    "Santa Cruz": [
        -71.36576,
        -34.63881
    ],
    "San Pedro de Atacama": [
        -68.20113,
        -22.9111
    ],
    "San Javier": [
        -71.72924,
        -35.5952
    ],
    "San Felipe": [
        -70.72584,
        -32.74976
    ],
    "San Clemente": [
        -71.487,
        -35.53777
    ],
    "San Carlos": [
        -71.958,
        -36.42477
    ],
    "San Bernardo": [
        -70.6996,
        -33.59218
    ],
    "San Antonio": [
        -71.60746,
        -33.59473
    ],
    "Salamanca": [
        -70.96389,
        -31.77922
    ],
    "Río Bueno": [
        -72.95564,
        -40.33494
    ],
    "Rengo": [
        -70.85834,
        -34.40639
    ],
    "Rauco": [
        -71.31722,
        -34.92546
    ],
    "Rancagua": [
        -70.74444,
        -34.17083
    ],
    "Quilpué": [
        -71.44249,
        -33.04752
    ],
    "Quillota": [
        -71.24882,
        -32.8834
    ],
    "Puyehue": [
        -72.60172,
        -40.65944
    ],
    "Putre": [
        -69.56071,
        -18.19821
    ],
    "Purranque": [
        -73.15913,
        -40.91305
    ],
    "Punta Arenas": [
        -70.91129,
        -53.15483
    ],
    "Puerto Varas": [
        -72.98538,
        -41.31946
    ],
    "Puerto Quellón": [
        -73.61661,
        -43.11819
    ],
    "Puerto Natales": [
        -72.48745,
        -51.72363
    ],
    "Puerto Montt": [
        -72.94289,
        -41.46574
    ],
    "Puerto Cisnes": [
        -72.69695,
        -44.74736
    ],
    "Puerto Aisén": [
        -72.69184,
        -45.40303
    ],
    "Puente Alto": [
        -70.57577,
        -33.61169
    ],
    "Pucón": [
        -71.95427,
        -39.28223
    ],
    "Pitrufquén": [
        -72.63721,
        -38.98635
    ],
    "Pichilemu": [
        -72,
        -34.38333
    ],
    "Penco": [
        -72.99528,
        -36.74075
    ],
    "Peñaflor": [
        -70.87649,
        -33.60627
    ],
    "Parral": [
        -71.82605,
        -36.14311
    ],
    "Panguipulli": [
        -72.33269,
        -39.64355
    ],
    "Palena": [
        -71.80434,
        -43.61876
    ],
    "Paine": [
        -70.74109,
        -33.80796
    ],
    "Ovalle": [
        -71.19901,
        -30.60106
    ],
    "Osorno": [
        -73.13348,
        -40.57395
    ],
    "Nueva Imperial": [
        -72.95025,
        -38.74451
    ],
    "Nacimiento": [
        -72.67307,
        -37.50253
    ],
    "Mulchén": [
        -72.24099,
        -37.71893
    ],
    "Monte Patria": [
        -70.9577,
        -30.69496
    ],
    "Molina": [
        -71.28232,
        -35.11428
    ],
    "Melipilla": [
        -71.21528,
        -33.68909
    ],
    "Machalí": [
        -70.64934,
        -34.18082
    ],
    "Lota": [
        -73.1577,
        -37.08994
    ],
    "Los Ángeles": [
        -72.35366,
        -37.46973
    ],
    "Los Andes": [
        -70.59827,
        -32.83369
    ],
    "Longaví": [
        -71.6836,
        -35.96496
    ],
    "Loncoche": [
        -72.63087,
        -39.36708
    ],
    "Llaillay": [
        -70.95623,
        -32.84043
    ],
    "Linares": [
        -71.59308,
        -35.84667
    ],
    "Limache": [
        -71.26667,
        -33.01667
    ],
    "Lebu": [
        -73.65356,
        -37.60825
    ],
    "Lautaro": [
        -72.43652,
        -38.53066
    ],
    "La Unión": [
        -73.08167,
        -40.29313
    ],
    "La Serena": [
        -71.24894,
        -29.90453
    ],
    "Lampa": [
        -70.87562,
        -33.2863
    ],
    "La Ligua": [
        -71.23106,
        -32.45242
    ],
    "La Laja": [
        -72.71105,
        -37.28415
    ],
    "La Ensenada": [
        -72.5384,
        -41.20746
    ],
    "Iquique": [
        -70.13913,
        -20.22036
    ],
    "Illapel": [
        -71.16967,
        -31.63349
    ],
    "Hacienda La Calera": [
        -71.21667,
        -32.78333
    ],
    "Graneros": [
        -70.72747,
        -34.06863
    ],
    "Futaleufú": [
        -71.86722,
        -43.18492
    ],
    "Frutillar": [
        -73.04372,
        -41.12676
    ],
    "Freire": [
        -72.62653,
        -38.95252
    ],
    "El Tabo": [
        -71.66667,
        -33.45
    ],
    "El Monte": [
        -70.98482,
        -33.67969
    ],
    "Diego de Almagro": [
        -70.05,
        -26.36667
    ],
    "Curicó": [
        -71.23943,
        -34.98279
    ],
    "Curanilahue": [
        -73.34495,
        -37.47793
    ],
    "Corral": [
        -73.42747,
        -39.88972
    ],
    "Coronel": [
        -73.14019,
        -37.03386
    ],
    "Coquimbo": [
        -71.33947,
        -29.95332
    ],
    "Copiapó": [
        -70.3314,
        -27.36679
    ],
    "Constitución": [
        -72.41156,
        -35.33321
    ],
    "Concepción": [
        -73.04977,
        -36.82699
    ],
    "Collipulli": [
        -72.43438,
        -37.95453
    ],
    "Colbún": [
        -71.40568,
        -35.69494
    ],
    "Coihueco": [
        -71.83068,
        -36.62786
    ],
    "Coihaique": [
        -72.06619,
        -45.57524
    ],
    "Cochrane": [
        -72.5695,
        -47.2557
    ],
    "Chonchi": [
        -73.77674,
        -42.62003
    ],
    "Chimbarongo": [
        -71.0434,
        -34.71247
    ],
    "Chillán": [
        -72.10344,
        -36.60664
    ],
    "Chile Chico": [
        -71.72375,
        -46.541
    ],
    "Chiguayante": [
        -73.02841,
        -36.9256
    ],
    "Chicureo Abajo": [
        -70.65333,
        -33.28379
    ],
    "Chaitén": [
        -72.70632,
        -42.91596
    ],
    "Cauquenes": [
        -72.32248,
        -35.9671
    ],
    "Castro": [
        -73.77319,
        -42.4721
    ],
    "Cartagena": [
        -71.60761,
        -33.55384
    ],
    "Carahue": [
        -73.16101,
        -38.71122
    ],
    "Cañete": [
        -73.39616,
        -37.80128
    ],
    "Calbuco": [
        -73.13049,
        -41.77338
    ],
    "Calama": [
        -68.93015,
        -22.45591
    ],
    "Cabrero": [
        -72.40468,
        -37.03394
    ],
    "Bulnes": [
        -72.29854,
        -36.74232
    ],
    "Buin": [
        -70.74281,
        -33.73257
    ],
    "Arica": [
        -70.29792,
        -18.4746
    ],
    "Arauco": [
        -73.31752,
        -37.2463
    ],
    "Antofagasta": [
        -70.3954,
        -23.65236
    ],
    "Angol": [
        -72.71636,
        -37.79519
    ],
    "Ancud": [
        -73.81622,
        -41.8707
    ],
    "Puerto Chacabuco": [
        -72.81667,
        -45.46667
    ],
    "La Junta": [
        -72.40554,
        -43.97434
    ],