{
    "Yoko": [
        12.31667,
        5.53333
    ],
    "Yokadouma": [
        15.05,
        3.51667
    ],
    "Yaoundé": [
        11.51667,
        3.86667
    ],
    "Yagoua": [
        15.23288,
        10.34107
    ],
    "Yabassi": [
        9.96822,
        4.45697
    ],
    "Wum": [
        10.06667,
        6.38333
    ],
    "Tonga": [
        10.7,
        4.96667
    ],
    "Tiko": [
        9.3699,
        4.0745
    ],
    "Tignère": [
        12.65,
        7.36667
    ],
    "Tibati": [
        12.63333,
        6.46667
    ],
    "Tcholliré": [
        14.1698,
        8.4022
    ],
    "Sangmélima": [
        11.98333,
        2.93333
    ],
    "Saa": [
        11.45,
        4.36667
    ],
    "Rey Bouba": [
        14.1786,
        8.6724
    ],
    "Poli": [
        13.25,
        8.48333
    ],
    "Pitoa": [
        13.53333,
        9.38333
    ],
    "Penja": [
        9.67987,
        4.63911
    ],
    "Ombésa": [
        11.25,
        4.6
    ],
    "Okola": [
        11.38333,
        4.01667
    ],
    "Okoa": [
        11.6,
        3.98333
    ],
    "Obala": [
        11.53333,
        4.16667
    ],
    "Ntui": [
        11.63333,
        4.45
    ],
    "Nkoteng": [
        12.03333,
        4.51667
    ],
    "Nkongsamba": [
        9.9404,
        4.9547
    ],
    "Njinikom": [
        10.28333,
        6.23333
    ],
    "Nguti": [
        9.4185,
        5.3299
    ],
    "Ngoro": [
        11.38333,
        4.95
    ],
    "Ngomedzap": [
        11.2,
        3.25
    ],
    "Ngaoundéré": [
        13.58472,
        7.32765
    ],
    "Ngambé": [
        10.61667,
        4.23333
    ],
    "Ndikiniméki": [
        10.83333,
        4.76667
    ],
    "Ndelele": [
        14.92501,
        4.04065
    ],
    "Nanga Eboko": [
        12.36667,
        4.68333
    ],
    "Mvangué": [
        11.51667,
        2.96667
    ],
    "Muyuka": [
        9.4103,
        4.2898
    ],
    "Mutengene": [
        9.3144,
        4.0913
    ],
    "Mundemba": [
        8.8724,
        4.9479
    ],
    "Mouanko": [
        9.77694,
        3.63972
    ],
    "Mora": [
        14.14011,
        11.04611
    ],
    "Mokolo": [
        13.80188,
        10.73978
    ],
    "Mme-Bafumen": [
        10.23333,
        6.33333
    ],
    "Minta": [
        12.8,
        4.58333
    ],
    "Mindif": [
        14.43626,
        10.39757
    ],
    "Melong": [
        9.96143,
        5.1218
    ],
    "Meïganga": [
        14.3,
        6.51667
    ],
    "Mbouda": [
        10.25517,
        5.62578
    ],
    "Mbengwi": [
        10,
        6.01667
    ],
    "Mbankomo": [
        11.38333,
        3.78333
    ],
    "Mbanga": [
        9.5671,
        4.5016
    ],
    "Mbang": [
        13.33333,
        4.58333
    ],
    "Mbandjok": [
        11.9,
        4.45
    ],
    "Mbalmayo": [
        11.5,
        3.51667
    ],
    "Maroua": [
        14.31592,
        10.59095
    ],
    "Manjo": [
        9.8217,
        4.8428
    ],
    "Mamfe": [
        9.3123,
        5.754
    ],
    "Makary": [
        14.46662,
        12.5717
    ],
    "Loum": [
        9.7351,
        4.7182
    ],
    "Lolodorf": [
        10.73333,
        3.23333
    ],
    "Limbe": [
        9.2149,
        4.0242
    ],
    "Lagdo": [
        13.73333,
        9.05
    ],
    "Kumbo": [
        10.66667,
        6.2
    ],
    "Kumba": [
        9.4469,
        4.6363
    ],
    "Kribi": [
        9.91667,
        2.95
    ],
    "Koza": [
        13.87855,
        10.87079
    ],
    "Kousséri": [
        15.03063,
        12.07689
    ],
    "Kontcha": [
        12.23333,
        7.96667
    ],
    "Bankim": [
        11.4905,
        6.08303
    ],
    "Kaélé": [
        14.45083,
        10.10917
    ],
    "Jakiri": [
        10.65,
        6.1
    ],
    "Guider": [
        13.94861,
        9.93417
    ],
    "Garoua Boulaï": [
        14.55,
        5.88333
    ],
    "Garoua": [
        13.4,
        9.3
    ],
    "Fundong": [
        10.26667,
        6.25
    ],
    "Foumbot": [
        10.6356,
        5.50787
    ],
    "Foumban": [
        10.90011,
        5.7291
    ],
    "Fontem": [
        9.8818,
        5.4685
    ],
    "Évodoula": [
        11.2,
        4.08333
    ],
    "Essé": [
        11.9,
        4.1
    ],
    "Eséka": [
        10.76667,
        3.65
    ],
    "Edéa": [
        10.13333,
        3.8
    ],
    "Ébolowa": [
        11.15,
        2.9
    ],
    "Dschang": [
        10.05332,
        5.44397
    ],
    "Doumé": [
        13.45,
        4.23333
    ],
    "Douala": [
        9.70428,
        4.04827
    ],
    "Djohong": [
        14.7,
        6.83333
    ],
    "Dizangué": [
        9.98333,
        3.76667
    ],
    "Dimako": [
        13.56667,
        4.38333
    ],
    "Dibombari": [
        9.6561,
        4.1787
    ],
    "Diang": [
        10.01667,
        4.25
    ],
    "Buea": [
        9.241,
        4.1527
    ],
    "Bonabéri": [
        9.6759,
        4.0779
    ],
    "Bogo": [
        14.60928,
        10.7336
    ],
    "Bétaré Oya": [
        14.08333,
        5.6
    ],
    "Bertoua": [
        13.68459,
        4.57728
    ],
    "Belo": [
        10.25,
        6.13333
    ],
    "Bélel": [
        14.43333,
        7.05
    ],
    "Bélabo": [
        13.3,
        4.93333
    ],
    "Bekondo": [
        9.3214,
        4.6819
    ],
    "Bazou": [
        10.46751,
        5.06001
    ],
    "Batouri": [
        14.36667,
        4.43333
    ],
    "Batibo": [
        9.8553,
        5.8358
    ],
    "Banyo": [
        11.81667,
        6.75
    ],
    "Bansoa": [
        10.31355,
        5.44836
    ],
    "Ngou": [
        10.38595,
        5.19685
    ],
    "Bangangté": [
        10.52535,
        5.14079
    ],
    "Bandjoun": [
        10.41326,
        5.37568
    ],
    "Bana": [
        10.27545,
        5.14655
    ],
    "Bamusso": [
        8.9027,
        4.4591
    ],
    "Bamendjou": [
        10.33014,
        5.38988
    ],
    "Bamenda": [
        10.15824,
        5.95266
    ],
    "Bali": [
        10.01248,
        5.88724
    ],
    "Bafoussam": [
        10.41759,
        5.47775
    ],
    "Bafia": [
        11.23333,
        4.75
    ],
    "Bafang": [
        10.1771,
        5.15705
    ],
    "Babanki": [
        10.25,
        6.11667
    ],
    "Ambam": [
        11.28333,
        2.38333
    ],
    "Akonolinga": [
        12.25,
        3.76667
    ],
    "Akono": [
        11.33333,
        3.5
    ],
    "Akom II": [
        10.56667,
        2.78333
    ],
    "Abong Mbang": [
        13.18333,
        3.98333
    ],
    "Idenao": [
        9.00472,
        4.2475
    ],
    "Ndom": [
        9.5628,
        4.4978
    ],
    "Somié": [
        11.43299,
        6.45843
    ]
}