{
    "Zarcero": [
        -84.39076,
        10.18561
    ],
    "Upala": [
        -85.01454,
        10.89792
    ],
    "Turrialba": [
        -83.68352,
        9.90467
    ],
    "Tucurrique": [
        -83.72273,
        9.85336
    ],
    "Tres Ríos": [
        -83.9876,
        9.90644
    ],
    "Tobosí": [
        -83.98391,
        9.83837
    ],
    "Tilarán": [
        -84.96709,
        10.47029
    ],
    "Tejar": [
        -84.23368,
        9.74622
    ],
    "Sixaola": [
        -82.62185,
        9.52766
    ],
    "Siquirres": [
        -83.50659,
        10.09748
    ],
    "Sardinal": [
        -85.64748,
        10.51674
    ],
    "San Vito": [
        -82.97092,
        8.82079
    ],
    "San Vicente": [
        -84.04762,
        9.96016
    ],
    "Santo Domingo": [
        -84.15499,
        10.06388
    ],
    "Santiago": [
        -84.31428,
        9.84636
    ],
    "Santa Cruz": [
        -85.5851,
        10.26053
    ],
    "Santa Ana": [
        -84.18254,
        9.9326
    ],
    "San Ramón": [
        -84.47022,
        10.08802
    ],
    "San Rafael Arriba": [
        -84.07661,
        9.87556
    ],
    "San Rafael Abajo": [
        -84.29008,
        9.831
    ],
    "San Rafael": [
        -84.13722,
        9.92787
    ],
    "San Pedro": [
        -84.05074,
        9.92829
    ],
    "San Pablo": [
        -84.09656,
        9.99559
    ],
    "San Miguel": [
        -84.06084,
        9.87121
    ],
    "San Marcos": [
        -84.02026,
        9.6601
    ],
    "San Juan de Dios": [
        -84.0847,
        9.8773
    ],
    "San Juan": [
        -84.08165,
        9.95974
    ],
    "San Josecito": [
        -84.1,
        10.01667
    ],
    "San José": [
        -84.08333,
        9.93333
    ],
    "San Isidro": [
        -83.70399,
        9.3721
    ],
    "San Ignacio": [
        -84.16173,
        9.79853
    ],
    "San Francisco": [
        -84.12934,
        9.99299
    ],
    "San Felipe": [
        -84.10551,
        9.90488
    ],
    "San Diego": [
        -84.00287,
        9.89898
    ],
    "San Antonio": [
        -84.18333,
        9.98333
    ],
    "Sámara": [
        -85.52665,
        9.8824
    ],
    "Salitrillos": [
        -84.09062,
        9.85259
    ],
    "Salitral": [
        -84.17835,
        9.91163
    ],
    "Sabanilla": [
        -84.03926,
        9.94522
    ],
    "Roxana": [
        -83.75133,
        10.27528
    ],
    "Río Segundo": [
        -84.27933,
        10.24138
    ],
    "Quesada": [
        -84.42714,
        10.32381
    ],
    "Quepos": [
        -84.16522,
        9.42357
    ],
    "Purral": [
        -84.0305,
        9.95808
    ],
    "Puntarenas": [
        -84.83836,
        9.97625
    ],
    "Puerto Limón": [
        -83.03053,
        9.99286
    ],
    "Pocosol": [
        -84.61667,
        10.36667
    ],
    "Pocora": [
        -83.60439,
        10.17185
    ],
    "Pital": [
        -84.27406,
        10.45056
    ],
    "Pejibaye": [
        -83.70336,
        9.81135
    ],
    "Patarrá": [
        -84.03501,
        9.88071
    ],
    "Parrita": [
        -84.32249,
        9.52012
    ],
    "Paraíso": [
        -83.86556,
        9.83832
    ],
    "Paquera": [
        -84.93513,
        9.82005
    ],
    "Palmichal": [
        -84.20478,
        9.83778
    ],
    "Pacayas": [
        -84.04764,
        9.80709
    ],
    "Orotina": [
        -84.52337,
        9.91197
    ],
    "Orosí": [
        -83.85383,
        9.79617
    ],
    "Nicoya": [
        -85.45201,
        10.14828
    ],
    "Naranjo": [
        -84.37824,
        10.09866
    ],
    "Nandayure": [
        -85.2,
        10.03333
    ],
    "Miramar": [
        -84.72978,
        10.0925
    ],
    "Mercedes": [
        -83.58202,
        9.2627
    ],
    "Matina": [
        -83.28953,
        10.07609
    ],
    "Los Chiles": [
        -84.71667,
        11.03333
    ],
    "Llorente": [
        -84.15448,
        9.99844
    ],
    "Liberia": [
        -85.43772,
        10.63504
    ],
    "La Suiza": [
        -83.61331,
        9.85238
    ],
    "La Cruz": [
        -85.63272,
        11.07377
    ],
    "La Asunción": [
        -84.17281,
        9.97961
    ],
    "Juntas": [
        -84.95951,
        10.2809
    ],
    "Jacó": [
        -84.62975,
        9.61497
    ],
    "Ipís": [
        -84.01326,
        9.96746
    ],
    "Hojancha": [
        -85.41803,
        10.0579
    ],
    "Heredia": [
        -84.11651,
        10.00236
    ],
    "Guápiles": [
        -83.78661,
        10.21588
    ],
    "Guadalupe": [
        -84.05279,
        9.94611
    ],
    "Guácimo": [
        -83.68067,
        10.21044
    ],
    "Granadilla": [
        -84.01688,
        9.93491
    ],
    "Golfito": [
        -83.16603,
        8.63901
    ],
    "Fortuna": [
        -85.19984,
        10.67384
    ],
    "La Fortuna": [
        -84.64535,
        10.47089
    ],
    "Esquipulas": [
        -84.42337,
        10.05676
    ],
    "Esparza": [
        -84.66466,
        9.99447
    ],
    "Escazú": [
        -84.1399,
        9.91887
    ],
    "Desamparados": [
        -84.50626,
        9.94727
    ],
    "Daniel Flores": [
        -83.6694,
        9.33554
    ],
    "Curridabat": [
        -84.03407,
        9.91178
    ],
    "Cot": [
        -83.87302,
        9.89449
    ],
    "Corredor": [
        -82.946,
        8.64002
    ],
    "Concepción": [
        -84,
        9.93333
    ],
    "Colón": [
        -84.2417,
        9.91491
    ],
    "Colima": [
        -84.08503,
        9.95091
    ],
    "Ciudad Cortés": [
        -83.52381,
        8.95988
    ],
    "Chacarita": [
        -84.77232,
        9.98289
    ],
    "Cartago": [
        -83.91944,
        9.86444
    ],
    "Carrillos": [
        -84.27404,
        10.02918
    ],
    "Canoas": [
        -82.83844,
        8.53305
    ],
    "Cañas": [
        -85.09311,
        10.4294
    ],
    "Calle Blancos": [
        -84.06667,
        9.95
    ],
    "Buenos Aires": [
        -83.33417,
        9.17189
    ],
    "Bijagua": [
        -85.05676,
        10.7328
    ],
    "Belén": [
        -85.58836,
        10.40788
    ],
    "Batán": [
        -83.341,
        10.08444
    ],
    "Bagaces": [
        -85.25482,
        10.52709
    ],
    "Atenas": [
        -84.38032,
        9.97806
    ],
    "Aserrí": [
        -84.0923,
        9.85876
    ],
    "Ángeles": [
        -84.05126,
        9.9959
    ],
    "Alajuelita": [
        -84.10042,
        9.90163
    ],
    "Alajuela": [
        -84.21163,
        10.01625
    ],
    "San Vicente de Moravia": [
        -84.0488,
        9.96164
    ]
}