{
    "Zaza del Medio": [
        -79.36931,
        21.99431
    ],
    "Yara": [
        -76.95399,
        20.2733
    ],
    "Yaguajay": [
        -79.23778,
        22.32722
    ],
    "Viñales": [
        -83.71136,
        22.61243
    ],
    "Vertientes": [
        -78.15338,
        21.25528
    ],
    "Venezuela": [
        -78.79639,
        21.73528
    ],
    "Varadero": [
        -81.25139,
        23.15361
    ],
    "Urbano Noris": [
        -76.13188,
        20.60101
    ],
    "Unión de Reyes": [
        -81.5375,
        22.79528
    ],
    "Trinidad": [
        -79.98417,
        21.80194
    ],
    "Topes de Collantes": [
        -80.02194,
        21.91361
    ],
    "Soroa": [
        -83.01667,
        22.8
    ],
    "Sibanicú": [
        -77.52639,
        21.235
    ],
    "Santo Domingo": [
        -80.24361,
        22.58667
    ],
    "Santiago de las Vegas": [
        -82.38694,
        22.97
    ],
    "Santiago de Cuba": [
        -75.82194,
        20.02472
    ],
    "Santa Cruz del Sur": [
        -77.9986,
        20.71176
    ],
    "Santa Cruz del Norte": [
        -81.92611,
        23.15374
    ],
    "Santa Clara": [
        -79.96667,
        22.4
    ],
    "San Nicolás": [
        -81.91333,
        22.78444
    ],
    "San Miguel del Padrón": [
        -82.29472,
        23.06639
    ],
    "San Luis": [
        -75.85083,
        20.1875
    ],
    "San José de las Lajas": [
        -82.15111,
        22.96139
    ],
    "San Diego de los Baños": [
        -83.36972,
        22.64667
    ],
    "Sancti Spíritus": [
        -79.4425,
        21.92972
    ],
    "San Cristóbal": [
        -83.04806,
        22.71417
    ],
    "San Antonio de los Baños": [
        -82.49917,
        22.89111
    ],
    "Sagua la Grande": [
        -80.07556,
        22.80667
    ],
    "Sagua de Tánamo": [
        -75.24139,
        20.58194
    ],
    "Rodas": [
        -80.55538,
        22.33794
    ],
    "Río Guayabal de Yateras": [
        -75.01667,
        20.36667
    ],
    "Río Cauto": [
        -76.92122,
        20.56284
    ],
    "Remedios": [
        -79.54488,
        22.49303
    ],
    "Regla": [
        -82.33194,
        23.125
    ],
    "Ranchuelo": [
        -80.14983,
        22.37485
    ],
    "Rancho Veloz": [
        -80.39167,
        22.88056
    ],
    "Quivicán": [
        -82.355,
        22.82306
    ],
    "Quemado de Güines": [
        -80.25361,
        22.78528
    ],
    "Puerto Padre": [
        -76.60355,
        21.19449
    ],
    "Primero de Enero": [
        -78.42833,
        21.94694
    ],
    "Placetas": [
        -79.65333,
        22.31194
    ],
    "Pinar del Río": [
        -83.69806,
        22.4175
    ],
    "Perico": [
        -81.01889,
        22.76917
    ],
    "Pedro Betancourt": [
        -81.28852,
        22.72467
    ],
    "Palmira": [
        -80.39028,
        22.24167
    ],
    "Palma Soriano": [
        -75.99843,
        20.21238
    ],
    "Nuevitas": [
        -77.26444,
        21.54528
    ],
    "Nueva Gerona": [
        -82.8,
        21.88333
    ],
    "Niquero": [
        -77.5851,
        20.04478
    ],
    "Morón": [
        -78.6275,
        22.10944
    ],
    "Moa": [
        -74.94028,
        20.65694
    ],
    "Minas de Matahambre": [
        -83.945,
        22.5875
    ],
    "Minas": [
        -77.61832,
        21.48833
    ],
    "Melena del Sur": [
        -82.15138,
        22.78813
    ],
    "Media Luna": [
        -77.43658,
        20.14001
    ],
    "Matanzas": [
        -81.5775,
        23.04111
    ],
    "Martí": [
        -80.91966,
        22.9437
    ],
    "Mariel": [
        -82.75361,
        22.9875
    ],
    "Manzanillo": [
        -77.11667,
        20.34333
    ],
    "Mantua": [
        -84.28173,
        22.28259
    ],
    "Manicaragua": [
        -79.97361,
        22.14944
    ],
    "Manguito": [
        -80.91444,
        22.58806
    ],
    "Manatí": [
        -76.93955,
        21.31084
    ],
    "Maisí": [
        -74.15181,
        20.24673
    ],
    "Madruga": [
        -81.85611,
        22.91139
    ],
    "Los Palacios": [
        -83.24861,
        22.58722
    ],
    "Los Arabos": [
        -80.72139,
        22.72806
    ],
    "Las Tunas": [
        -76.95111,
        20.96167
    ],
    "La Sierpe": [
        -79.24306,
        21.75722
    ],
    "La Salud": [
        -82.42193,
        22.86991
    ],
    "Havana": [
        -82.38304,
        23.13302
    ],
    "La Esperanza": [
        -83.73194,
        22.77056
    ],
    "Jovellanos": [
        -81.19444,
        22.80444
    ],
    "Jobabo": [
        -77.28819,
        20.90508
    ],
    "Jiguaní": [
        -76.42722,
        20.36667
    ],
    "Jesús Menéndez": [
        -76.47889,
        21.16
    ],
    "Jatibonico": [
        -79.17484,
        21.941
    ],
    "Jaruco": [
        -82.01083,
        23.04306
    ],
    "Jamaica": [
        -82.17028,
        22.97917
    ],
    "Jagüey Grande": [
        -81.12861,
        22.52694
    ],
    "Holguín": [
        -76.26306,
        20.88722
    ],
    "Guisa": [
        -76.54152,
        20.25101
    ],
    "Güira de Melena": [
        -82.50823,
        22.79274
    ],
    "Güines": [
        -82.02806,
        22.83611
    ],
    "Guayos": [
        -79.46184,
        22.0506
    ],
    "Guara": [
        -82.20306,
        22.81
    ],
    "Guantánamo": [
        -75.20917,
        20.14444
    ],
    "Guane": [
        -84.0875,
        22.2025
    ],
    "Guanajay": [
        -82.6875,
        22.92639
    ],
    "Guanabacoa": [
        -82.30028,
        23.12389
    ],
    "Guáimaro": [
        -77.35021,
        21.05176
    ],
    "Mañalich": [
        -82.14748,
        22.81112
    ],
    "Gibara": [
        -76.13167,
        21.10972
    ],
    "Fomento": [
        -79.71913,
        22.1001
    ],
    "Florida": [
        -78.22583,
        21.52472
    ],
    "Florencia": [
        -78.97764,
        22.14518
    ],
    "Esperanza": [
        -80.09609,
        22.4439
    ],
    "Esmeralda": [
        -78.12005,
        21.85155
    ],
    "Encrucijada": [
        -79.86458,
        22.61611
    ],
    "El Cobre": [
        -75.95033,
        20.04751
    ],
    "El Caney": [
        -78.48333,
        21.3
    ],
    "Cumanayagua": [
        -80.20222,
        22.14944
    ],
    "Cueto": [
        -75.9402,
        20.64511
    ],
    "Cruces": [
        -80.27028,
        22.34175
    ],
    "Corralillo": [
        -80.58556,
        22.98194
    ],
    "Contramaestre": [
        -76.24139,
        20.29778
    ],
    "Consolación del Sur": [
        -83.51095,
        22.50528
    ],
    "Condado": [
        -79.84028,
        21.87667
    ],
    "Colón": [
        -80.90583,
        22.71917
    ],
    "Colombia": [
        -77.42972,
        20.98806
    ],
    "Ciro Redondo": [
        -78.705,
        22.01222
    ],
    "Cifuentes": [
        -80.04611,
        22.645
    ],
    "Cienfuegos": [
        -80.43556,
        22.14611
    ],
    "Ciego de Ávila": [
        -78.76194,
        21.84
    ],
    "Chambas": [
        -78.91569,
        22.18736
    ],
    "Cerro": [
        -82.37778,
        23.10861
    ],
    "Cauto Cristo": [
        -76.47444,
        20.55639
    ],
    "Cárdenas": [
        -81.20472,
        23.0375
    ],
    "Candelaria": [
        -82.95817,
        22.73478
    ],
    "Campechuela": [
        -77.27889,
        20.23417
    ],
    "Camajuaní": [
        -79.75,
        22.48333
    ],
    "Camagüey": [
        -77.91694,
        21.38083
    ],
    "Calimete": [
        -80.9045,
        22.53166
    ],
    "Calabazar de Sagua": [
        -79.89539,
        22.64178
    ],
    "Caibarién": [
        -79.46694,
        22.52056
    ],
    "Cacocum": [
        -76.32646,
        20.73668
    ],
    "Cabañas": [
        -82.91927,
        22.97581
    ],