{
    "Vila Nova Sintra": [
        -24.71667,
        14.86667
    ],
    "Vila do Maio": [
        -23.21667,
        15.13333
    ],
    "Vila da Ribeira Brava": [
        -24.3,
        16.61667
    ],
    "Tarrafal de S達o Nicolau": [
        -24.36667,
        16.56667
    ],
    "Tarrafal": [
        -23.75381,
        15.27591
    ],
    "S達o Filipe": [
        -24.49556,
        14.8961
    ],
    "S達o Domingos": [
        -23.5625,
        15.02438
    ],
    "Santa Maria": [
        -22.9,
        16.6
    ],
    "Santa Cruz": [
        -23.56667,
        15.13333
    ],
    "Vila de Sal Rei": [
        -22.91667,
        16.18333
    ],
    "Ribeira Grande": [
        -25.07243,
        17.18561
    ],
    "Praia": [
        -23.51254,
        14.93152
    ],
    "Porto Novo": [
        -25.06471,
        17.01969
    ],
    "Porto dos Mosteiros": [
        -24.33333,
        15.03333
    ],
    "Ponta do Sol": [
        -25.09192,
        17.19942
    ],
    "Pombas": [
        -25.02007,
        17.15026
    ],
    "Picos": [
        -23.63236,
        15.0836
    ],
    "Mindelo": [
        -24.98042,
        16.89014
    ],
    "Cova Figueira": [
        -24.29343,
        14.89054
    ],
    "Cidade Velha": [
        -23.61667,
        14.91667
    ],
    "Calheta": [
        -23.59228,
        15.18613
    ],
    "Assomada": [
        -23.68333,
        15.1
    ],
    "Jo達o Teves": [
        -23.58969,
        15.06457
    ],
    "Pedra Badejo": [
        -23.53216,
        15.13493
    ],
    "Espargos": [
        -22.9446,
        16.75524
    ]
}