{
    "Willemstad": [
        -68.93354,
        12.1084
    ],
    "Sint Michiel Liber": [
        -68.98333,
        12.15
    ],
    "Newport": [
        -68.81667,
        12.05
    ],
    "Dorp Soto": [
        -69.1,
        12.26667
    ],
    "Barber": [
        -69.06667,
        12.28333
    ]
}