{
    "Tadjoura": [
        42.88444,
        11.78528
    ],
    "Obock": [
        43.29056,
        11.96306
    ],
    "Loyada": [
        43.25278,
        11.46111
    ],
    "Holhol": [
        42.92944,
        11.31028
    ],
    "Dorra": [
        42.47624,
        12.15028
    ],
    "Djibouti": [
        43.14503,
        11.58901
    ],
    "Dikhil": [
        42.37389,
        11.10861
    ],
    "Ḏânan": [
        42.93333,
        11.18333
    ],
    "‘Arta": [
        42.84194,
        11.52222
    ],
    "'Ali Sabieh": [
        42.7125,
        11.15583
    ],
    "Alaïli Ḏaḏḏa‘": [
        42.89556,
        12.42167
    ],
    "Goubétto": [
        43.00028,
        11.42389
    ],
    "Gâlâfi": [
        41.83611,
        11.71583
    ]
}