{
    "Vrå": [
        9.95154,
        57.34763
    ],
    "Vordingborg": [
        11.91057,
        55.00801
    ],
    "Vojens": [
        9.30604,
        55.24639
    ],
    "Vodskov": [
        10.02215,
        57.10854
    ],
    "Vissenbjerg": [
        10.13784,
        55.38482
    ],
    "Virklund": [
        9.55582,
        56.13218
    ],
    "Vipperød": [
        11.73967,
        55.66768
    ],
    "Vindinge": [
        12.1387,
        55.62298
    ],
    "Vinderup": [
        8.79081,
        56.47515
    ],
    "Vindeby": [
        10.61309,
        55.04489
    ],
    "Vildbjerg": [
        8.76667,
        56.2
    ],
    "Videbæk": [
        8.62852,
        56.0876
    ],
    "Viby": [
        12.02391,
        55.54872
    ],
    "Viborg": [
        9.40201,
        56.45319
    ],
    "Vester Hassing": [
        10.12558,
        57.06767
    ],
    "Vestbjerg": [
        9.95942,
        57.13166
    ],
    "Veksø": [
        12.23837,
        55.75473
    ],
    "Vejle": [
        9.5357,
        55.70927
    ],
    "Vejen": [
        9.15,
        55.48333
    ],
    "Varde": [
        8.48069,
        55.62112
    ],
    "Vamdrup": [
        9.28435,
        55.42764
    ],
    "Vallensbæk": [
        12.36667,
        55.63333
    ],
    "Vadum": [
        9.857,
        57.1179
    ],
    "Ulstrup": [
        9.79354,
        56.38994
    ],
    "Ullerslev": [
        10.6519,
        55.36172
    ],
    "Ulfborg": [
        8.32167,
        56.26725
    ],
    "Tune": [
        12.18319,
        55.59528
    ],
    "Trørød": [
        12.54432,
        55.83946
    ],
    "Trige": [
        10.1484,
        56.25291
    ],
    "Tranebjerg": [
        10.59723,
        55.8326
    ],
    "Tranbjerg": [
        10.11937,
        56.0901
    ],
    "Tørring": [
        9.48333,
        55.85
    ],
    "Tønder": [
        8.86674,
        54.93306
    ],
    "Tølløse": [
        11.77034,
        55.6125
    ],
    "Tommerup Stationsby": [
        10.17594,
        55.34535
    ],
    "Tommerup": [
        10.20659,
        55.31952
    ],
    "Toftlund": [
        9.06925,
        55.18858
    ],
    "Tjæreborg": [
        8.57968,
        55.46457
    ],
    "Tinglev": [
        9.25243,
        54.93099
    ],
    "Thyborøn": [
        8.21238,
        56.69846
    ],
    "Thurø By": [
        10.66385,
        55.0474
    ],
    "Thisted": [
        8.69491,
        56.95523
    ],
    "Taulov": [
        9.61553,
        55.54582
    ],
    "Taastrup": [
        12.29216,
        55.65173
    ],
    "Tårs": [
        10.11667,
        57.38333
    ],
    "Tårnby": [
        12.60035,
        55.6303
    ],
    "Tarm": [
        8.53041,
        55.90862
    ],
    "Svogerslev": [
        12.01465,
        55.63423
    ],
    "Svinninge": [
        11.46547,
        55.72111
    ],
    "Svenstrup": [
        9.84806,
        56.9723
    ],
    "Svendborg": [
        10.60677,
        55.05982
    ],
    "Svejbæk": [
        9.63289,
        56.13255
    ],
    "Svebølle": [
        11.28658,
        55.65183
    ],
    "Sunds": [
        9.01266,
        56.20417
    ],
    "Sundby": [
        11.79302,
        54.864
    ],
    "Stubbekøbing": [
        12.04102,
        54.88875
    ],
    "Struer": [
        8.58376,
        56.49122
    ],
    "Strøby Egede": [
        12.24502,
        55.41382
    ],
    "Strib": [
        9.76748,
        55.54021
    ],
    "Strandby": [
        10.49608,
        57.4915
    ],
    "Storvorde": [
        10.10125,
        57.00392
    ],
    "Store Heddinge": [
        12.38885,
        55.30965
    ],
    "Støvring": [
        9.83839,
        56.88536
    ],
    "Stoholm": [
        9.14617,
        56.48454
    ],
    "Stilling": [
        9.98822,
        56.06224
    ],
    "Stige": [
        10.4094,
        55.43941
    ],
    "Stenløse": [
        12.19723,
        55.76828
    ],
    "Stenlille": [
        11.59146,
        55.54022
    ],
    "Stege": [
        12.28461,
        54.98704
    ],
    "Stavtrup": [
        10.11987,
        56.13124
    ],
    "Stavnsholt": [
        12.40545,
        55.81479
    ],
    "Starup": [
        9.53503,
        55.24097
    ],
    "Spentrup": [
        10.03792,
        56.53703
    ],
    "Sorø": [
        11.55547,
        55.43184
    ],
    "Søndersø": [
        10.2554,
        55.48526
    ],
    "Sønderborg": [
        9.80737,
        54.90926
    ],
    "Sønder Bjert": [
        9.56741,
        55.45272
    ],
    "Søften": [
        10.0851,
        56.23801
    ],
    "Solrød Strand": [
        12.22227,
        55.53285
    ],
    "Solrød": [
        12.1827,
        55.53628
    ],
    "Solbjerg": [
        10.08631,
        56.04271
    ],
    "Snoghøj": [
        9.72125,
        55.52253
    ],
    "Snejbjerg": [
        8.89896,
        56.13875
    ],
    "Smørumnedre": [
        12.30276,
        55.74232
    ],
    "Slangerup": [
        12.18333,
        55.85
    ],
    "Slagelse": [
        11.35459,
        55.40276
    ],
    "Sherrebek": [
        8.76901,
        55.15735
    ],
    "Skovby": [
        9.95695,
        56.1534
    ],
    "Skørping": [
        9.89255,
        56.83626
    ],
    "Skælskør": [
        11.29352,
        55.25058
    ],
    "Skjern": [
        8.5,
        55.95
    ],
    "Skive": [
        9.03333,
        56.56667
    ],
    "Skibby": [
        11.96083,
        55.75122
    ],
    "Skanderborg": [
        9.9272,
        56.03991
    ],
    "Skagen": [
        10.58394,
        57.72093
    ],
    "Sindal": [
        10.20312,
        57.47117
    ],
    "Silkeborg": [
        9.54508,
        56.1697
    ],
    "Seden": [
        10.44265,
        55.42648
    ],
    "Sæby": [
        10.52251,
        57.33188
    ],
    "Sakskøbing": [
        11.62599,
        54.7997
    ],
    "Sabro": [
        10.03441,
        56.21333
    ],
    "Ryomgård": [
        10.50295,
        56.3843
    ],
    "Ry": [
        9.76505,
        56.09038
    ],
    "Rudkøbing": [
        10.71019,
        54.93639
    ],
    "Roskilde": [
        12.08035,
        55.64152
    ],
    "Rønnede": [
        12.02124,
        55.2571
    ],
    "Rønne": [
        14.70664,
        55.10091
    ],
    "Rønde": [
        10.47506,
        56.30145
    ],
    "Rødovre": [
        12.45373,
        55.68062
    ],
    "Rødekro": [
        9.31641,
        55.07016
    ],
    "Rødding": [
        9.06316,
        55.36569
    ],
    "Rødbyhavn": [
        11.35203,
        54.65442
    ],
    "Rødby": [
        11.38885,
        54.69495
    ],
    "Ringsted": [
        11.79011,
        55.4426
    ],
    "Ringkøbing": [
        8.24402,
        56.09006
    ],
    "Ringe": [
        10.47065,
        55.24506
    ],
    "Ribe": [
        8.76966,
        55.33051
    ],
    "Randers": [
        10.05,
        56.46667
    ],
    "Præstø": [
        12.05727,
        55.11777
    ],
    "Pandrup": [
        9.67569,
        57.22147
    ],
    "Padborg": [
        9.36247,
        54.82657
    ],
    "Otterup": [
        10.39756,
        55.51527
    ],
    "Osted": [
        11.95786,
        55.56228
    ],
    "Ørslev": [
        11.96792,
        55.04356
    ],
    "Ølstykke": [
        12.15509,
        55.79567
    ],
    "Ølgod": [
        8.62859,
        55.80682
    ],
    "Oksbøl": [
        8.28757,
        55.6268
    ],
    "Odense": [
        10.38831,
        55.39594
    ],
    "Odder": [
        10.153,
        55.97313
    ],
    "Nyråd": [
        11.9606,
        55.00511
    ],
    "Nykøbing Falster": [
        11.87425,
        54.76906
    ],
    "Nykøbing Sjælland": [
        11.67109,
        55.92491
    ],
    "Nykøbing Mors": [
        8.85282,
        56.79334
    ],
    "Nyborg": [
        10.78964,
        55.31274
    ],
    "Næstved": [
        11.76092,
        55.22992
    ],
    "Nordby": [
        8.39786,
        55.44603
    ],