{
    "Woodford Hill": [
        -61.33333,
        15.56667
    ],
    "Wesley": [
        -61.31667,
        15.56667
    ],
    "Soufrière": [
        -61.35881,
        15.23374
    ],
    "Salisbury": [
        -61.45,
        15.43333
    ],
    "Saint Joseph": [
        -61.43333,
        15.4
    ],
    "Roseau": [
        -61.38808,
        15.30174
    ],
    "Rosalie": [
        -61.26667,
        15.36667
    ],
    "Portsmouth": [
        -61.46667,
        15.58333
    ],
    "Pont Cassé": [
        -61.35,
        15.36667
    ],
    "Pointe Michel": [
        -61.37452,
        15.25976
    ],
    "Marigot": [
        -61.3,
        15.53333
    ],
    "Mahaut": [
        -61.39701,
        15.36357
    ],
    "La Plaine": [
        -61.25,
        15.33333
    ],
    "Colihaut": [
        -61.46215,
        15.48478
    ],
    "Castle Bruce": [
        -61.26667,
        15.43333
    ],
    "Calibishie": [
        -61.35,
        15.58333
    ],
    "Berekua": [
        -61.31667,
        15.23333
    ]
}