{
    "Yayas de Viajama": [
        -70.92753,
        18.6071
    ],
    "Yamasá": [
        -70.02508,
        18.77014
    ],
    "Yaguate": [
        -70.18113,
        18.3353
    ],
    "Villa Vásquez": [
        -71.4464,
        19.7411
    ],
    "Villa Tapia": [
        -70.42199,
        19.30084
    ],
    "Villarpando": [
        -71.03916,
        18.6586
    ],
    "Villa Riva": [
        -69.91319,
        19.18068
    ],
    "Villa Jaragua": [
        -71.48377,
        18.49077
    ],
    "Villa Isabela": [
        -71.05641,
        19.82288
    ],
    "Villa González": [
        -70.78853,
        19.54057
    ],
    "Villa Francisca": [
        -69.9,
        18.46667
    ],
    "Villa Elisa": [
        -71.27007,
        19.6856
    ],
    "Villa Consuelo": [
        -69.9,
        18.48333
    ],
    "Villa Bisonó": [
        -70.87582,
        19.56378
    ],
    "Villa Altagracia": [
        -70.17095,
        18.67297
    ],
    "Vicente Noble": [
        -71.1801,
        18.38443
    ],
    "Veragua Arriba": [
        -70.33333,
        19.58333
    ],
    "Vallejuelo": [
        -71.33431,
        18.65354
    ],
    "Tireo Arriba": [
        -70.6885,
        18.93537
    ],
    "Tenares": [
        -70.35087,
        19.37439
    ],
    "Tamboril": [
        -70.61104,
        19.48538
    ],
    "Tamayo": [
        -71.2029,
        18.3947
    ],
    "Tábara Arriba": [
        -70.87978,
        18.57
    ],
    "Sosúa": [
        -70.51667,
        19.76667
    ],
    "San Víctor Arriba": [
        -70.53585,
        19.47741
    ],
    "Santo Domingo": [
        -69.98857,
        18.50012
    ],
    "Santiago de los Caballeros": [
        -70.69703,
        19.4517
    ],
    "Santa Cruz de El Seibo": [
        -69.03886,
        18.76559
    ],
    "Santa Cruz de Barahona": [
        -71.10077,
        18.20854
    ],
    "Samaná": [
        -69.33685,
        19.20561
    ],
    "San Rafael del Yuma": [
        -68.6739,
        18.42993
    ],
    "San Pedro de Macorís": [
        -69.29718,
        18.46156
    ],
    "San Juan de la Maguana": [
        -71.22991,
        18.80588
    ],
    "San José de Ocoa": [
        -70.50631,
        18.54661
    ],
    "San José de Las Matas": [
        -70.93819,
        19.33915
    ],
    "San Gregorio de Nigua": [
        -70.08333,
        18.38333
    ],
    "San Francisco de Macorís": [
        -70.25259,
        19.30099
    ],
    "San Fernando de Monte Cristi": [
        -71.64597,
        19.84826
    ],
    "Puerto Plata": [
        -70.6884,
        19.79344
    ],
    "Sánchez": [
        -69.6137,
        19.2281
    ],
    "San Carlos": [
        -69.9,
        18.48333
    ],
    "Salvaleón de Higüey": [
        -68.70798,
        18.61501
    ],
    "Salsipuedes": [
        -70.37985,
        19.40552
    ],
    "Salcedo": [
        -70.41762,
        19.37762
    ],
    "Sabaneta": [
        -71.34125,
        19.47793
    ],
    "Sabana Yegua": [
        -71.01667,
        18.71667
    ],
    "Sabana Iglesia": [
        -70.75992,
        19.32114
    ],
    "Sabana Grande de Palenque": [
        -70.14822,
        18.26256
    ],
    "Sabana Grande de Boyá": [
        -69.79331,
        18.94498
    ],
    "Sabana del Puerto": [
        -70.41667,
        19.06667
    ],
    "Sabana de La Mar": [
        -69.38843,
        19.05934
    ],
    "Sabana Buey": [
        -70.52352,
        18.27351
    ],
    "Río Verde Arriba": [
        -70.56643,
        19.31583
    ],
    "Río San Juan": [
        -70.07635,
        19.64385
    ],
    "Río Limpio": [
        -71.53077,
        19.24513
    ],
    "Río Grande": [
        -70.76667,
        19.66667
    ],
    "Rincón": [
        -70.40632,
        19.11938
    ],
    "Restauración": [
        -71.69239,
        19.31532
    ],
    "Ramón Santana": [
        -69.17979,
        18.54224
    ],
    "Quisqueya": [
        -69.40814,
        18.55542
    ],
    "Punta Cana": [
        -68.40431,
        18.58182
    ],
    "Pueblo Viejo": [
        -70.76765,
        18.4
    ],
    "Postrer Río": [
        -71.63561,
        18.54374
    ],
    "Polo": [
        -71.28723,
        18.07873
    ],
    "Pizarrete": [
        -70.22648,
        18.29935
    ],
    "Pimentel": [
        -70.10884,
        19.18416
    ],
    "Piedra Blanca": [
        -70.31688,
        18.84431
    ],
    "Pescadería": [
        -71.16612,
        18.26766
    ],
    "Peralta": [
        -70.77029,
        18.58164
    ],
    "Pepillo Salcedo": [
        -71.74513,
        19.69841
    ],
    "Pedro Santana": [
        -71.69498,
        19.10515
    ],
    "Pedro Sánchez": [
        -69.10868,
        18.86375
    ],
    "Pedro García": [
        -70.65256,
        19.59202
    ],
    "Pedro Corto": [
        -71.41041,
        18.84856
    ],
    "Pedernales": [
        -71.74403,
        18.03838
    ],
    "Paya": [
        -70.2956,
        18.26196
    ],
    "Partido": [
        -71.5473,
        19.48403
    ],
    "Paraíso": [
        -71.16526,
        17.99172
    ],
    "Palmar de Ocoa": [
        -70.58635,
        18.29656
    ],
    "Palmar Arriba": [
        -70.73826,
        19.53957
    ],
    "Padre Las Casas": [
        -70.93916,
        18.73172
    ],
    "Oviedo": [
        -71.401,
        17.80136
    ],
    "Otra Banda": [
        -68.66281,
        18.65016
    ],
    "Nizao": [
        -70.21053,
        18.24697
    ],
    "Neiba": [
        -71.41965,
        18.48138
    ],
    "Nagua": [
        -69.8474,
        19.3832
    ],
    "Monte Plata": [
        -69.78399,
        18.807
    ],
    "Monción": [
        -71.15257,
        19.41084
    ],
    "Moca": [
        -70.52598,
        19.39352
    ],
    "Miches": [
        -69.0476,
        18.98364
    ],
    "Mella": [
        -71.41716,
        18.35871
    ],
    "Matayaya": [
        -71.59459,
        18.89036
    ],
    "Matanzas": [
        -70.41768,
        18.24297
    ],
    "Mao": [
        -71.07813,
        19.55186
    ],
    "Majagual": [
        -69.83616,
        19.04134
    ],
    "Maizal": [
        -71.02734,
        19.63655
    ],
    "Luperón": [
        -70.96204,
        19.89132
    ],
    "Los Ríos": [
        -71.59106,
        18.52131
    ],
    "Los Llanos": [
        -69.49581,
        18.62035
    ],
    "Los Hidalgos": [
        -71.03333,
        19.73333
    ],
    "Los Botados": [
        -69.99536,
        18.73226
    ],
    "Loma de Cabrera": [
        -71.6,
        19.43333
    ],
    "Licey al Medio": [
        -70.6,
        19.43333
    ],
    "La Uvilla": [
        -71.21046,
        18.36186
    ],
    "Las Terrenas": [
        -69.5428,
        19.31102
    ],
    "Las Salinas": [
        -71.31596,
        18.27485
    ],
    "Las Matas de Santa Cruz": [
        -71.50471,
        19.67119
    ],
    "Las Matas de Farfán": [
        -71.51656,
        18.87309
    ],
    "Las Guáranas": [
        -70.20835,
        19.1931
    ],
    "Las Charcas": [
        -70.61724,
        18.45026
    ],
    "La Romana": [
        -68.97285,
        18.42734
    ],
    "La Julia": [
        -69.93333,
        18.46667
    ],
    "Laguna Salada": [
        -71.09446,
        19.64827
    ],
    "La Entrada": [
        -69.90762,
        19.55367
    ],
    "La Descubierta": [
        -71.72967,
        18.57053
    ],
    "La Ciénaga": [
        -71.10651,
        18.06858
    ],
    "La Caya": [
        -71.12084,
        19.69981
    ],
    "La Canela": [
        -70.81629,
        19.47341
    ],
    "La Agustina": [
        -69.93333,
        18.5
    ],
    "Juncalito Abajo": [
        -70.81905,
        19.2199
    ],
    "Juan Santiago": [
        -71.58971,
        18.70342
    ],
    "Juan López Abajo": [
        -70.5,
        19.43333
    ],
    "Juan de Herrera": [
        -71.2383,
        18.87402
    ],
    "Juancho": [
        -71.29311,
        17.85782
    ],