{
    "Boumerdas": [
        3.47717,
        36.76639
    ],
    "Zeribet el Oued": [
        6.51109,
        34.68284
    ],
    "Zeralda": [
        2.84244,
        36.71169
    ],
    "Zemoura": [
        0.75509,
        35.72251
    ],
    "Touggourt": [
        6.05796,
        33.10527
    ],
    "Tolga": [
        5.37845,
        34.72224
    ],
    "Tlemcen": [
        -1.315,
        34.87833
    ],
    "Tizi Rached": [
        4.19176,
        36.67176
    ],
    "Tizi Ouzou": [
        4.04591,
        36.71182
    ],
    "Tizi-n-Tleta": [
        4.05712,
        36.54569
    ],
    "Tizi Gheniff": [
        3.77445,
        36.58839
    ],
    "Tissemsilt": [
        1.81081,
        35.60722
    ],
    "Tirmitine": [
        3.98143,
        36.65393
    ],
    "Tipasa": [
        2.4475,
        36.58972
    ],
    "Tindouf": [
        -8.14744,
        27.67111
    ],
    "Timizart": [
        4.26667,
        36.8
    ],
    "Timimoun": [
        0.23098,
        29.26388
    ],
    "el hed": [
        4.77361,
        36.65
    ],
    "Tiaret": [
        1.31699,
        35.37103
    ],
    "Theniet el Had": [
        2.02806,
        35.87111
    ],
    "Thenia": [
        3.55665,
        36.72544
    ],
    "Telerghma": [
        6.35434,
        36.11653
    ],
    "Tébessa": [
        8.12417,
        35.40417
    ],
    "Tebesbest": [
        6.08333,
        33.11667
    ],
    "Tazoult-Lambese": [
        6.26074,
        35.48171
    ],
    "Tamanrasset": [
        5.52278,
        22.785
    ],
    "Tamalous": [
        6.64018,
        36.83763
    ],
    "Tadmaït": [
        3.90045,
        36.74413
    ],
    "Sour el Ghozlane": [
        3.69123,
        36.14766
    ],
    "Souma": [
        2.90528,
        36.51833
    ],
    "Souk Ahras": [
        7.95111,
        36.28639
    ],
    "Sougueur": [
        1.49612,
        35.18568
    ],
    "Skikda": [
        6.90921,
        36.87617
    ],
    "Sig": [
        -0.19369,
        35.52832
    ],
    "Sidi Okba": [
        5.89833,
        34.74512
    ],
    "Sidi Moussa": [
        3.08783,
        36.60637
    ],
    "Sidi Mérouane": [
        6.26111,
        36.52056
    ],
    "Sidi Khaled": [
        4.98785,
        34.387
    ],
    "Sidi ech Chahmi": [
        -0.52168,
        35.65903
    ],
    "Sidi Bel Abbès": [
        -0.63085,
        35.18994
    ],
    "Sidi Amrane": [
        6.00803,
        33.49885
    ],
    "Sidi Akkacha": [
        1.30258,
        36.46472
    ],
    "Sidi Aïssa": [
        3.77236,
        35.88548
    ],
    "Sidi Abdelli": [
        -1.13706,
        35.06937
    ],
    "Sfizef": [
        -0.24435,
        35.23464
    ],
    "Sétif": [
        5.41373,
        36.19112
    ],
    "Sedrata": [
        7.53376,
        36.12868
    ],
    "Seddouk": [
        4.68611,
        36.54722
    ],
    "Sebdou": [
        -1.33143,
        34.63703
    ],
    "Saoula": [
        3.02462,
        36.70456
    ],
    "Salah Bey": [
        5.29053,
        35.8545
    ],
    "Saïda": [
        0.15171,
        34.83034
    ],
    "Rouissat": [
        5.35018,
        31.92427
    ],
    "Rouiba": [
        3.28079,
        36.73829
    ],
    "Rouached": [
        6.04267,
        36.45774
    ],
    "Robbah": [
        6.90984,
        33.27966
    ],
    "Remchi": [
        -1.43362,
        35.06196
    ],
    "Relizane": [
        0.55599,
        35.73734
    ],
    "Reguiba": [
        6.70326,
        33.56391
    ],
    "Reghaïa": [
        3.34018,
        36.73587
    ],
    "Reggane": [
        0.1714,
        26.71576
    ],
    "Râs el Oued": [
        5.03107,
        35.9441
    ],
    "Râs el Aïoun": [
        5.6453,
        35.67384
    ],
    "Oum el Bouaghi": [
        7.11353,
        35.87541
    ],
    "Oumache": [
        5.68092,
        34.69292
    ],
    "Ouled Moussa": [
        3.36661,
        36.68394
    ],
    "Ouled Mimoun": [
        -1.03394,
        34.90472
    ],
    "Oued Sly": [
        1.19949,
        36.10124
    ],
    "Oued Rhiou": [
        0.91896,
        35.96124
    ],
    "Oued Fodda": [
        1.53299,
        36.18503
    ],
    "Oued el Alleug": [
        2.79028,
        36.55528
    ],
    "Oued el Abtal": [
        0.68778,
        35.45595
    ],
    "Ouargla": [
        5.32502,
        31.94932
    ],
    "Oran": [
        -0.64167,
        35.69111
    ],
    "Nedroma": [
        -1.74799,
        35.01361
    ],
    "Naciria": [
        3.83163,
        36.74625
    ],
    "Naama": [
        -0.31667,
        33.26667
    ],
    "M’Sila": [
        4.54194,
        35.70583
    ],
    "Mouzaïa": [
        2.68991,
        36.46695
    ],
    "Mostaganem": [
        0.08918,
        35.93115
    ],
    "Mila": [
        6.26444,
        36.45028
    ],
    "Metlili Chaamba": [
        3.63333,
        32.26667
    ],
    "Messaad": [
        3.50309,
        34.15429
    ],
    "Meskiana": [
        7.66606,
        35.63058
    ],
    "Mers el Kebir": [
        -0.7081,
        35.7279
    ],
    "Merouana": [
        5.91186,
        35.63106
    ],
    "Melouza": [
        4.18665,
        35.97999
    ],
    "Mekla": [
        4.26378,
        36.68178
    ],
    "Mehdia": [
        1.75714,
        35.43058
    ],
    "Megarine": [
        6.08695,
        33.19195
    ],
    "Meftah": [
        3.22248,
        36.6204
    ],
    "Médéa": [
        2.75393,
        36.26417
    ],
    "Mazouna": [
        0.89865,
        36.12232
    ],
    "Mascara": [
        0.14027,
        35.39664
    ],
    "Mansourah": [
        4.45192,
        36.08725
    ],
    "Mansoûra": [
        -1.33935,
        34.86158
    ],
    "Makouda": [
        4.06273,
        36.78567
    ],
    "L’Arbaa Naït Irathen": [
        4.19864,
        36.63112
    ],
    "Larbaâ": [
        3.15434,
        36.56471
    ],
    "Lakhdaria": [
        3.5933,
        36.56463
    ],
    "Laghouat": [
        2.86514,
        33.8
    ],
    "Ksar el Boukhari": [
        2.74905,
        35.88889
    ],
    "Ksar Chellala": [
        2.31889,
        35.21222
    ],
    "Kolea": [
        2.76845,
        36.63888
    ],
    "Khenchela": [
        7.14333,
        35.43583
    ],
    "Khemis Miliana": [
        2.22015,
        36.26104
    ],
    "Khemis el Khechna": [
        3.3308,
        36.64997
    ],
    "Kerkera": [
        6.58556,
        36.92917
    ],
    "Jijel": [
        5.76671,
        36.82055
    ],
    "Djidiouia": [
        0.82871,
        35.92989
    ],
    "Isser": [
        3.66924,
        36.71859
    ],
    "I-n-Salah": [
        2.46069,
        27.19351
    ],
    "Illizi": [
        8.46667,
        26.48333
    ],
    "Ighram": [
        4.50532,
        36.46295
    ],
    "Hennaya": [
        -1.36806,
        34.95139
    ],
    "Héliopolis": [
        7.44278,
        36.50361
    ],
    "Hassi Messaoud": [
        6.07286,
        31.68041
    ],
    "Hammamet": [
        7.95184,
        35.44862
    ],
    "Hammam Bou Hadjar": [
        -0.96778,
        35.37889
    ],
    "Hamma Bouziane": [
        6.59603,
        36.41205
    ],
    "Hadjout": [
        2.41382,
        36.51257
    ],
    "Guelma": [
        7.42608,
        36.46214
    ],
    "Ghardaïa": [
        3.67347,
        32.49094
    ],
    "Frenda": [
        1.04945,
        35.06544
    ],
    "Freha": [
        4.3155,
        36.75234
    ],
    "Feraoun": [
        4.85454,
        36.5604
    ],
    "Es Senia": [
        -0.62397,
        35.64779
    ],
    "El Tarf": [
        8.31377,
        36.7672
    ],
    "El Oued": [
        6.86319,
        33.35608
    ],
    "El Malah": [
        -1.09238,
        35.39138
    ],
    "El Kseur": [
        4.8555,
        36.67942
    ],
    "El Khroub": [
        6.69361,
        36.26333
    ],
    "El Kala": [
        8.44333,
        36.89556
    ],
    "El Idrissia": [
        2.52749,
        34.44542
    ],