{
    "Zaruma": [
        -79.61174,
        -3.69132
    ],
    "Zamora": [
        -78.95488,
        -4.06685
    ],
    "Yantzaza": [
        -78.76076,
        -3.83261
    ],
    "Yaguachi Nuevo": [
        -79.69485,
        -2.0968
    ],
    "Vinces": [
        -79.75191,
        -1.55611
    ],
    "Ventanas": [
        -79.45943,
        -1.44158
    ],
    "Velasco Ibarra": [
        -79.63837,
        -1.04376
    ],
    "Valdez": [
        -78.98306,
        1.24917
    ],
    "Tulcán": [
        -77.71727,
        0.81187
    ],
    "Tosagua": [
        -80.23473,
        -0.78679
    ],
    "Tena": [
        -77.81286,
        -0.9938
    ],
    "Sucúa": [
        -78.17171,
        -2.45866
    ],
    "Sucre": [
        -80.41885,
        -1.27974
    ],
    "Saquisilí": [
        -78.667,
        -0.8399
    ],
    "Santo Domingo de los Colorados": [
        -79.17536,
        -0.25305
    ],
    "Santa Rosa": [
        -79.95952,
        -3.44882
    ],
    "Santa Lucía": [
        -80,
        -2.18333
    ],
    "Santa Elena": [
        -80.85872,
        -2.22622
    ],
    "Santa Ana": [
        -80.37132,
        -1.20726
    ],
    "San Miguel de Salcedo": [
        -78.59062,
        -1.04547
    ],
    "San Miguel": [
        -79.04311,
        -1.70884
    ],
    "San Lorenzo de Esmeraldas": [
        -78.83514,
        1.28626
    ],
    "Sangolquí": [
        -78.45217,
        -0.33405
    ],
    "San Gabriel": [
        -77.83078,
        0.59318
    ],
    "Samborondón": [
        -79.72402,
        -1.96276
    ],
    "Salinas": [
        -80.97026,
        -2.20738
    ],
    "Rosa Zarate": [
        -79.43438,
        0.32721
    ],
    "Rocafuerte": [
        -80.44946,
        -0.9236
    ],
    "Riobamba": [
        -78.64712,
        -1.67098
    ],
    "Quito": [
        -78.52495,
        -0.22985
    ],
    "Quevedo": [
        -79.46352,
        -1.02863
    ],
    "Quero": [
        -78.60812,
        -1.38122
    ],
    "Puyo": [
        -78.00257,
        -1.48369
    ],
    "Pujilí": [
        -78.69636,
        -0.95759
    ],
    "Puerto Villamil": [
        -90.96654,
        -0.95542
    ],
    "Puerto Francisco de Orellana": [
        -76.98719,
        -0.46645
    ],
    "Puerto Bolívar": [
        -79.99749,
        -3.26649
    ],
    "Puerto Baquerizo Moreno": [
        -89.60474,
        -0.92322
    ],
    "Puerto Ayora": [
        -90.3138,
        -0.74018
    ],
    "Portoviejo": [
        -80.45445,
        -1.05458
    ],
    "Portovelo": [
        -79.62187,
        -3.72145
    ],
    "Playas": [
        -80.38808,
        -2.63199
    ],
    "Piñas": [
        -79.68083,
        -3.68107
    ],
    "Pimampiro": [
        -77.94068,
        0.39116
    ],
    "Píllaro": [
        -78.54676,
        -1.17414
    ],
    "Pelileo": [
        -78.5434,
        -1.3299
    ],
    "Pedro Carbo": [
        -80.23308,
        -1.81563
    ],
    "Pedernales": [
        -80.0525,
        0.07166
    ],
    "Pasaje": [
        -79.80697,
        -3.32561
    ],
    "Palora": [
        -77.96516,
        -1.70131
    ],
    "Palestina": [
        -79.71396,
        -1.93709
    ],
    "Palenque": [
        -79.75647,
        -1.43795
    ],
    "Paján": [
        -80.42958,
        -1.55238
    ],
    "Otavalo": [
        -78.25978,
        0.23141
    ],
    "Nulti": [
        -78.85,
        -2.91667
    ],
    "Naranjito": [
        -79.4654,
        -2.16671
    ],
    "Naranjal": [
        -79.6183,
        -2.67364
    ],
    "Muisne": [
        -80.01863,
        0.61129
    ],
    "Montecristi": [
        -80.65889,
        -1.04576
    ],
    "Montalvo": [
        -79.28759,
        -1.79008
    ],
    "Manta": [
        -80.71271,
        -0.96212
    ],
    "Machala": [
        -79.96054,
        -3.25861
    ],
    "Machachi": [
        -78.56712,
        -0.51011
    ],
    "Macas": [
        -78.11135,
        -2.30868
    ],
    "Macará": [
        -79.9437,
        -4.38181
    ],
    "Lomas de Sargentillo": [
        -80.08333,
        -1.88333
    ],
    "Loja": [
        -79.20422,
        -3.99313
    ],
    "Llacao": [
        -78.88333,
        -2.86667
    ],
    "La Unión": [
        -78.78333,
        -2.85
    ],
    "La Troncal": [
        -79.33977,
        -2.42355
    ],
    "Latacunga": [
        -78.61554,
        -0.93521
    ],
    "La Maná": [
        -79.22506,
        -0.94094
    ],
    "La Libertad": [
        -80.91039,
        -2.233
    ],
    "Nueva Loja": [
        -76.88837,
        0.09057
    ],
    "Junín": [
        -80.20583,
        -0.92777
    ],
    "Jipijapa": [
        -80.57875,
        -1.34872
    ],
    "Ibarra": [
        -78.12233,
        0.35171
    ],
    "Huaquillas": [
        -80.23084,
        -3.47523
    ],
    "Guayaquil": [
        -79.90795,
        -2.20584
    ],
    "Guaranda": [
        -79.00098,
        -1.59263
    ],
    "Guano": [
        -78.63105,
        -1.60789
    ],
    "Gualaquiza": [
        -78.58166,
        -3.40359
    ],
    "Gualaceo": [
        -78.77814,
        -2.89264
    ],
    "Esmeraldas": [
        -79.65397,
        0.9592
    ],
    "El Triunfo": [
        -79.96667,
        -1.93333
    ],
    "Eloy Alfaro": [
        -79.85519,
        -2.17579
    ],
    "El Ángel": [
        -77.94003,
        0.62279
    ],
    "Cuenca": [
        -79.00453,
        -2.90054
    ],
    "Cotacachi": [
        -78.26428,
        0.30107
    ],
    "Coronel Marcelino Maridueña": [
        -79.43248,
        -2.20924
    ],
    "Colimes": [
        -80.01164,
        -1.54553
    ],
    "Chone": [
        -80.09361,
        -0.69819
    ],
    "Celica": [
        -79.95665,
        -4.10266
    ],
    "Cayambe": [
        -78.14524,
        0.04084
    ],
    "Catarama": [
        -79.45998,
        -1.57504
    ],
    "Catamayo": [
        -79.35912,
        -3.98652
    ],
    "Catacocha": [
        -79.64944,
        -4.04974
    ],
    "Cariamanga": [
        -79.55554,
        -4.32796
    ],
    "Cañar": [
        -78.9394,
        -2.56062
    ],
    "Calceta": [
        -80.16389,
        -0.84582
    ],
    "Boca Suno": [
        -77.14083,
        -0.69832
    ],
    "Baños": [
        -78.42289,
        -1.39699
    ],
    "Balzar": [
        -79.90494,
        -1.36501
    ],
    "Baláo": [
        -79.81441,
        -2.911
    ],
    "Bahía de Caráquez": [
        -80.42367,
        -0.59792
    ],
    "Babahoyo": [
        -79.53443,
        -1.80217
    ],
    "Azogues": [
        -78.8486,
        -2.73969
    ],
    "Atuntaqui": [
        -78.21371,
        0.33247
    ],
    "Archidona": [
        -77.80772,
        -0.9095
    ],
    "Ambato": [
        -78.61675,
        -1.24908
    ],
    "Alfredo Baquerizo Moreno": [
        -79.51667,
        -1.91667
    ],
    "Alausí": [
        -78.84714,
        -2.20329
    ]
}