{
    "Vändra": [
        25.03611,
        58.64806
    ],
    "Võru": [
        27.01944,
        57.83389
    ],
    "Voka": [
        27.58263,
        59.40776
    ],
    "Võhma": [
        25.54833,
        58.62833
    ],
    "Vinni": [
        26.43222,
        59.29583
    ],
    "Viljandi": [
        25.59,
        58.36389
    ],
    "Viiratsi": [
        25.63722,
        58.36
    ],
    "Viimsi": [
        24.86254,
        59.50086
    ],
    "Vana-Antsla": [
        26.53222,
        57.86611
    ],
    "Valga": [
        26.0473,
        57.77781
    ],
    "Väike-Maarja": [
        26.25,
        59.12639
    ],
    "Vaida": [
        24.96583,
        59.29056
    ],
    "Uuemõisa": [
        23.58944,
        58.93944
    ],
    "Ülenurme": [
        26.72517,
        58.3162
    ],
    "Türi": [
        25.4325,
        58.80861
    ],
    "Turba": [
        24.225,
        59.08306
    ],
    "Tõrva": [
        25.935,
        58.00278
    ],
    "Tootsi": [
        24.7925,
        58.57806
    ],
    "Toila": [
        27.50807,
        59.42127
    ],
    "Tartu": [
        26.72509,
        58.38062
    ],
    "Tapa": [
        25.95861,
        59.26056
    ],
    "Tamsalu": [
        26.11528,
        59.15861
    ],
    "Tallinn": [
        24.75353,
        59.43696
    ],
    "Tabasalu": [
        24.53306,
        59.43028
    ],
    "Suure-Jaani": [
        25.47056,
        58.53611
    ],
    "Sindi": [
        24.6675,
        58.40056
    ],
    "Sillamäe": [
        27.76331,
        59.39697
    ],
    "Sauga": [
        24.49496,
        58.4272
    ],
    "Saue": [
        24.5525,
        59.32028
    ],
    "Särevere": [
        25.42806,
        58.79
    ],
    "Saku": [
        24.65778,
        59.30222
    ],
    "Rummu": [
        24.79972,
        59.53528
    ],
    "Riisipere": [
        24.31056,
        59.11417
    ],
    "Rapla": [
        24.79278,
        59.00722
    ],
    "Räpina": [
        27.46361,
        58.09806
    ],
    "Rakvere": [
        26.35583,
        59.34639
    ],
    "Rakke": [
        26.25444,
        58.98167
    ],
    "Raasiku": [
        25.18306,
        59.36639
    ],
    "Püssi": [
        27.04972,
        59.36
    ],
    "Puhja": [
        26.31472,
        58.34194
    ],
    "Põlva": [
        27.06944,
        58.06028
    ],
    "Põltsamaa": [
        25.97056,
        58.6525
    ],
    "Pärnu-Jaagupi": [
        24.50689,
        58.61052
    ],
    "Pärnu": [
        24.49711,
        58.38588
    ],
    "Paldiski": [
        24.05306,
        59.35667
    ],
    "Paikuse": [
        24.63444,
        58.37917
    ],
    "Paide": [
        25.55722,
        58.88556
    ],
    "Orissaare": [
        23.08262,
        58.55917
    ],
    "Karksi-Nuia": [
        25.56278,
        58.10333
    ],
    "Nõo": [
        26.5375,
        58.27556
    ],
    "Narva-Jõesuu": [
        28.04083,
        59.45889
    ],
    "Narva": [
        28.19028,
        59.37722
    ],
    "Mustvee": [
        26.93972,
        58.84861
    ],
    "Mõisaküla": [
        25.18639,
        58.09222
    ],
    "Märjamaa": [
        24.43056,
        58.90389
    ],
    "Maardu": [
        25.025,
        59.47667
    ],
    "Loo": [
        24.94833,
        59.43639
    ],
    "Loksa": [
        25.72139,
        59.57639
    ],
    "Lihula": [
        23.84528,
        58.68139
    ],
    "Kuusalu": [
        25.44139,
        59.44389
    ],
    "Kuressaare": [
        22.50389,
        58.24806
    ],
    "Kunda": [
        26.53333,
        59.48333
    ],
    "Kose": [
        24.87833,
        59.45806
    ],
    "Kohtla-Järve": [
        27.27306,
        59.39861
    ],
    "Kohtla-Nõmme": [
        27.175,
        59.35167
    ],
    "Kohila": [
        24.7575,
        59.16806
    ],
    "Koeru": [
        26.03083,
        58.96306
    ],
    "Kiviõli": [
        26.97111,
        59.35306
    ],
    "Kilingi-Nõmme": [
        24.96417,
        58.15028
    ],
    "Kiili": [
        24.83778,
        59.30694
    ],
    "Keila": [
        24.41306,
        59.30361
    ],
    "Kehtna": [
        24.87806,
        58.93028
    ],
    "Kehra": [
        25.32111,
        59.33611
    ],
    "Kärdla": [
        22.74917,
        58.99778
    ],
    "Kallaste": [
        27.15917,
        58.655
    ],
    "Kadrina": [
        26.145,
        59.33472
    ],
    "Jüri": [
        24.89417,
        59.35417
    ],
    "Jõhvi": [
        27.42111,
        59.35917
    ],
    "Jõgeva": [
        26.39389,
        58.74667
    ],
    "Järvakandi": [
        24.82583,
        58.77889
    ],
    "Järva-Jaani": [
        25.88639,
        59.03861
    ],
    "Hullo": [
        23.24441,
        58.99004
    ],
    "Haljala": [
        26.26139,
        59.43361
    ],
    "Haapsalu": [
        23.54139,
        58.94306
    ],
    "Haabneeme": [
        24.82111,
        59.51139
    ],
    "Elva": [
        26.42111,
        58.2225
    ],
    "Audru": [
        24.37389,
        58.40861
    ],
    "Aseri": [
        26.8675,
        59.45056
    ],
    "Aruküla": [
        25.07722,
        59.36444
    ],
    "Abja-Paluoja": [
        25.34972,
        58.12528
    ],
    "Sõmeru": [
        26.4375,
        59.36111
    ],
    "Tabivere": [
        26.59556,
        58.55417
    ],
    "Laagri": [
        24.61418,
        59.35083
    ]
}