{
    "Ziftá": [
        31.24425,
        30.7142
    ],
    "Toukh": [
        31.20071,
        30.35394
    ],
    "Tanda": [
        31.00192,
        30.78847
    ],
    "Ţāmiyah": [
        30.96119,
        29.47639
    ],
    "Ţalkhā": [
        31.37787,
        31.0539
    ],
    "Talā": [
        30.94292,
        30.68025
    ],
    "Ţahţā": [
        31.50214,
        26.7693
    ],
    "Sumusţā as Sulţānī": [
        30.85,
        28.91667
    ],
    "Sohag": [
        31.69478,
        26.55695
    ],
    "Siwa Oasis": [
        25.51965,
        29.2032
    ],
    "Sīdī Sālim": [
        30.78665,
        31.27105
    ],
    "Shirbīn": [
        31.5243,
        31.19688
    ],
    "Shibīn al Qanāţir": [
        31.32018,
        30.31269
    ],
    "Shibīn al Kawm": [
        31.00904,
        30.55258
    ],
    "Sharm ash Shaykh": [
        34.30499,
        27.85183
    ],
    "Samannūd": [
        31.24069,
        30.9616
    ],
    "Samālūţ": [
        30.71007,
        28.31214
    ],
    "Rosetta": [
        30.41639,
        31.40444
    ],
    "Rafaḩ": [
        34.23807,
        31.28781
    ],
    "Quwaysinā": [
        31.15777,
        30.56482
    ],
    "Quţūr": [
        30.95614,
        30.97225
    ],
    "Kousa": [
        32.76362,
        25.91407
    ],
    "Qinā": [
        32.72671,
        26.16418
    ],
    "Qaşr al Farāfirah": [
        27.96979,
        27.0568
    ],
    "Qalyūb": [
        31.2056,
        30.17922
    ],
    "Nuwaybi‘a": [
        34.6634,
        29.04681
    ],
    "Naj‘ Ḩammādī": [
        32.24142,
        26.04949
    ],
    "Minyat an Naşr": [
        31.64313,
        31.12624
    ],
    "Minūf": [
        30.93164,
        30.46579
    ],
    "Maţāy": [
        30.77924,
        28.41899
    ],
    "Mashtūl as Sūq": [
        31.3776,
        30.36056
    ],
    "Mersa Matruh": [
        27.23725,
        31.3529
    ],
    "Marsa Alam": [
        34.89005,
        25.06305
    ],
    "Manfalūţ": [
        30.97004,
        27.3104
    ],
    "Mallawī": [
        30.84165,
        27.7314
    ],
    "Madīnat Sittah Uktūbar": [
        31.05,
        29.81667
    ],
    "Ash Shaykh Zuwayd": [
        34.11074,
        31.2163
    ],
    "Kawm Umbū": [
        32.94626,
        24.47669
    ],
    "Kawm Ḩamādah": [
        30.69733,
        30.76096
    ],
    "Kafr Şaqr": [
        31.62575,
        30.79336
    ],
    "Kafr az Zayyāt": [
        30.81805,
        30.8248
    ],
    "Kafr ash Shaykh": [
        30.94012,
        31.1143
    ],
    "Kafr ad Dawwār": [
        30.12843,
        31.13385
    ],
    "Juhaynah": [
        31.4976,
        26.67319
    ],
    "Jirjā": [
        31.89161,
        26.33826
    ],
    "‘Izbat al Burj": [
        31.84106,
        31.5084
    ],
    "Iţsā": [
        30.78944,
        29.2376
    ],
    "Isnā": [
        32.55402,
        25.29336
    ],
    "Idkū": [
        30.29901,
        31.30782
    ],
    "Ibshawāy": [
        30.68142,
        29.35804
    ],
    "Ḩalwān": [
        31.30084,
        29.84144
    ],
    "Hihyā": [
        31.58801,
        30.6713
    ],
    "Ḩawsh ‘Īsá": [
        30.29018,
        30.9128
    ],
    "Fuwah": [
        30.55018,
        31.20291
    ],
    "Farshūţ": [
        32.16329,
        26.05494
    ],
    "Fāraskūr": [
        31.71507,
        31.32977
    ],
    "Fāqūs": [
        31.80182,
        30.73006
    ],
    "Damietta": [
        31.81332,
        31.41648
    ],
    "Diyarb Najm": [
        31.44016,
        30.75438
    ],
    "Disūq": [
        30.64649,
        31.13305
    ],
    "Dishnā": [
        32.47598,
        26.12467
    ],
    "Dikirnis": [
        31.59478,
        31.08898
    ],
    "Dhahab": [
        34.51338,
        28.50098
    ],
    "Dayrūţ": [
        30.80764,
        27.55602
    ],
    "Dayr Mawās": [
        30.84662,
        27.64176
    ],
    "Damanhūr": [
        30.46914,
        31.03917
    ],
    "Būsh": [
        31.12733,
        29.14816
    ],
    "Port Said": [
        32.28412,
        31.25654
    ],
    "Būr Safājah": [
        33.93651,
        26.72918
    ],
    "Bilqās": [
        31.35798,
        31.21452
    ],
    "Bilbays": [
        31.56223,
        30.42039
    ],
    "Basyūn": [
        30.81338,
        30.93976
    ],
    "Banī Suwayf": [
        31.09785,
        29.07441
    ],
    "Banī Mazār": [
        30.8004,
        28.5036
    ],
    "Banhā": [
        31.17858,
        30.45906
    ],
    "Zagazig": [
        31.502,
        30.58768
    ],
    "Awsīm": [
        31.13571,
        30.12303
    ],
    "Tor": [
        33.6254,
        28.23638
    ],
    "At Tall al Kabīr": [
        31.78525,
        30.54448
    ],
    "Asyūţ": [
        31.18368,
        27.18096
    ],
    "Aswan": [
        32.89942,
        24.09082
    ],
    "Suez": [
        32.52627,
        29.97371
    ],
    "Aş Şaff": [
        31.28111,
        29.56472
    ],
    "Ash Shuhadā’": [
        30.89875,
        30.59618
    ],
    "Ashmūn": [
        30.97635,
        30.29857
    ],
    "Al Wāsiţah": [
        31.20556,
        29.33778
    ],
    "Luxor": [
        32.6421,
        25.69893
    ],
    "Al Qūşīyah": [
        30.81841,
        27.4402
    ],
    "Al Quşayr": [
        34.27793,
        26.10426
    ],
    "Al Qurayn": [
        31.73514,
        30.61618
    ],
    "Al Qanāyāt": [
        31.46099,
        30.6188
    ],
    "Al Qanāţir al Khayrīyah": [
        31.13703,
        30.19327
    ],
    "Cairo": [
        31.24967,
        30.06263
    ],
    "Al Minyā": [
        30.7503,
        28.10988
    ],
    "Al Maţarīyah": [
        32.03108,
        31.18287
    ],
    "Al Manzilah": [
        31.937,
        31.15815
    ],
    "Al Manşūrah": [
        31.38069,
        31.03637
    ],
    "Al Manshāh": [
        31.8035,
        26.47686
    ],
    "Al Maḩallah al Kubrá": [
        31.16499,
        30.9745
    ],
    "Al Khārijah": [
        30.54635,
        25.4514
    ],
    "Al Khānkah": [
        31.36812,
        30.21035
    ],
    "Al Jīzah": [
        31.21093,
        30.00808
    ],
    "Al Jamālīyah": [
        31.86518,
        31.18086
    ],
    "Ismailia": [
        32.27225,
        30.60427
    ],
    "Alexandria": [
        29.95527,
        31.21564
    ],
    "Al Ibrāhīmīyah": [
        31.56299,
        30.71877
    ],
    "Al Ḩawāmidīyah": [
        31.25,
        29.9
    ],
    "Al Ḩāmūl": [
        31.14766,
        31.31146
    ],
    "Al Ghardaqah": [
        33.81291,
        27.25738
    ],
    "Al Fayyūm": [
        30.8418,
        29.30995
    ],
    "Al Fashn": [
        30.89948,
        28.82431
    ],
    "Al Bawīţī": [
        28.86591,
        28.34919
    ],
    "Al Balyanā": [
        32.00347,
        26.23568
    ],
    "Al Bājūr": [
        31.03681,
        30.43026
    ],
    "Al Badārī": [
        31.41554,
        26.99257
    ],
    "Al ‘Ayyāţ": [
        31.2575,
        29.61972
    ],
    "Arish": [
        33.79844,
        31.13159
    ],
    "Al ‘Alamayn": [
        28.95502,
        30.83007
    ],
    "Akhmīm": [
        31.74503,
        26.56217
    ],
    "Ajā": [
        31.29039,
        30.94162
    ],
    "Ad Dilinjāt": [
        30.53633,
        30.82791
    ],
    "Abū Tīj": [
        31.31897,
        27.04411
    ],
    "Abū Sunbul": [
        31.61624,
        22.3457
    ],
    "Abū Qurqāş": [
        30.83841,
        27.9312
    ],
    "Abū Kabīr": [
        31.67148,
        30.72508
    ],
    "Abū al Maţāmīr": [
        30.17438,
        30.91018
    ],
    "Abnūb": [
        31.15105,
        27.2696
    ],
    "Bi’r al ‘Abd": [
        33.0098,
        31.01887
    ],
    "Idfu": [
        32.87472,
        24.98028
    ],
    "Az Zarqā": [
        31.63528,
        31.20864
    ],
    "El Gouna": [
        33.67825,
        27.39417
    ],
    "Makadi Bay": [
        33.89952,
        26.99123
    ],