{
    "Smara": [
        -11.67194,
        26.73841
    ],
    "Laayoune Plage": [
        -13.41583,
        27.09611
    ],
    "Laâyoune / El Aaiún": [
        -13.20315,
        27.16224
    ],
    "Dakhla": [
        -15.95798,
        23.68477
    ]
}