{
    "Ziway": [
        38.71667,
        7.93333
    ],
    "Yirga ‘Alem": [
        38.41667,
        6.75
    ],
    "Yabēlo": [
        38.08333,
        4.88333
    ],
    "Werota": [
        37.7,
        11.91667
    ],
    "Were Īlu": [
        39.43767,
        10.58964
    ],
    "Wenjī": [
        39.28333,
        8.45
    ],
    "Wendo": [
        38.41667,
        6.6
    ],
    "Turmi": [
        36.48333,
        4.96667
    ],
    "Tulu Bolo": [
        38.21667,
        8.66667
    ],
    "Tippi": [
        35.45,
        7.2
    ],
    "Sirre": [
        39.48333,
        8.31667
    ],
    "Shashemenē": [
        38.6,
        7.2
    ],
    "Shambu": [
        37.1,
        9.56667
    ],
    "Shakīso": [
        38.91667,
        5.75
    ],
    "Sendafa": [
        39.02335,
        9.15202
    ],
    "Sebeta": [
        38.61667,
        8.91667
    ],
    "Robīt": [
        39.63333,
        12.01667
    ],
    "Nejo": [
        35.5,
        9.5
    ],
    "Nazrēt": [
        39.26667,
        8.55
    ],
    "Mojo": [
        39.11667,
        8.6
    ],
    "Mīzan Teferī": [
        35.58948,
        6.99674
    ],
    "Metu": [
        35.58333,
        8.3
    ],
    "Metahāra": [
        39.91667,
        8.9
    ],
    "Mendī": [
        35.1,
        9.8
    ],
    "Mekele": [
        39.47528,
        13.49667
    ],
    "Mēga": [
        38.3,
        4.05
    ],
    "Maych’ew": [
        39.54222,
        12.7875
    ],
    "Lobuni": [
        36.1,
        4.83333
    ],
    "Leku": [
        38.44425,
        6.87309
    ],
    "Lalībela": [
        39.03333,
        12.03333
    ],
    "Korem": [
        39.52278,
        12.50583
    ],
    "Konso": [
        37.48333,
        5.25
    ],
    "K’olīto": [
        38.08333,
        7.31667
    ],
    "Kofelē": [
        38.78333,
        7.06667
    ],
    "Kibre Mengist": [
        38.98333,
        5.88333
    ],
    "Kemisē": [
        39.86997,
        10.71668
    ],
    "Kombolcha": [
        39.74339,
        11.08155
    ],
    "Jinka": [
        36.65,
        5.65
    ],
    "Jīma": [
        36.83333,
        7.66667
    ],
    "Jijiga": [
        42.8,
        9.35
    ],
    "Inda Silasē": [
        38.28289,
        14.10307
    ],
    "Huruta": [
        39.35,
        8.15
    ],
    "Hīrna": [
        41.1,
        9.21667
    ],
    "Harar": [
        42.11815,
        9.31387
    ],
    "Hāgere Selam": [
        38.51667,
        6.48333
    ],
    "Hāgere Hiywet": [
        37.85,
        8.98333
    ],
    "Guder": [
        37.76667,
        8.96667
    ],
    "Gorē": [
        35.53333,
        8.15
    ],
    "Gondar": [
        37.46667,
        12.6
    ],
    "Goba": [
        39.98333,
        7.01667
    ],
    "Giyon": [
        37.98333,
        8.53333
    ],
    "Ginir": [
        40.71083,
        7.13952
    ],
    "Gimbi": [
        35.83491,
        9.17031
    ],
    "Gīdolē": [
        37.36667,
        5.65
    ],
    "Gewanē": [
        40.64689,
        10.16658
    ],
    "Genet": [
        38.5,
        9.06667
    ],
    "Gelemso": [
        40.51667,
        8.81667
    ],
    "Gēdo": [
        37.45,
        9.01667
    ],
    "Gebre Guracha": [
        38.4,
        9.8
    ],
    "Gambēla": [
        34.58333,
        8.25
    ],
    "Finote Selam": [
        37.26667,
        10.7
    ],
    "Fichē": [
        38.73333,
        9.8
    ],
    "Felege Neway": [
        36.88333,
        6.3
    ],
    "Dubtī": [
        41.08528,
        11.73611
    ],
    "Dodola": [
        39.18333,
        6.98333
    ],
    "Dire Dawa": [
        41.86611,
        9.59306
    ],
    "Dīla": [
        38.31667,
        6.41667
    ],
    "Desē": [
        39.63333,
        11.13333
    ],
    "Dembī Dolo": [
        34.8,
        8.53333
    ],
    "Dejen": [
        38.13333,
        10.16667
    ],
    "Deder": [
        41.44301,
        9.31168
    ],
    "Debre Zeyit": [
        38.98333,
        8.75
    ],
    "Debre Werk’": [
        38.16667,
        10.66667
    ],
    "Debre Tabor": [
        38.01667,
        11.85
    ],
    "Debre Sīna": [
        39.76027,
        9.84752
    ],
    "Debre Mark’os": [
        37.73333,
        10.35
    ],
    "Debre Birhan": [
        39.53262,
        9.67954
    ],
    "Debark’": [
        37.89806,
        13.15611
    ],
    "Dabat": [
        37.765,
        12.98417
    ],
    "Butajīra": [
        38.36667,
        8.11667
    ],
    "Burē": [
        37.06667,
        10.7
    ],
    "Bonga": [
        36.23333,
        7.28333
    ],
    "Bodītī": [
        37.86667,
        6.96667
    ],
    "Bichena": [
        38.2,
        10.45
    ],
    "Bedēsa": [
        40.78333,
        8.9
    ],
    "Bedelē": [
        36.35302,
        8.456
    ],
    "Batī": [
        40.01675,
        11.19152
    ],
    "Bako": [
        36.56667,
        5.78333
    ],
    "Bahir Dar": [
        37.39077,
        11.59364
    ],
    "Āwash": [
        40.16667,
        8.98333
    ],
    "Hawassa": [
        38.47635,
        7.06205
    ],
    "Āsosa": [
        34.53333,
        10.06667
    ],
    "Āsbe Teferī": [
        40.86708,
        9.08569
    ],
    "Asaita": [
        41.43869,
        11.56838
    ],
    "Āsasa": [
        39.2,
        7.1
    ],
    "Āreka": [
        37.7,
        7.06667
    ],
    "Ārba Minch’": [
        37.55,
        6.03333
    ],
    "Āksum": [
        38.72444,
        14.12448
    ],
    "Hagere Maryam": [
        38.23603,
        5.63418
    ],
    "Āgaro": [
        36.65,
        7.85
    ],
    "Ādīs Zemen": [
        37.78333,
        12.11667
    ],
    "Ādīs ‘Alem": [
        38.4,
        9.03333
    ],
    "Addis Ababa": [
        38.74689,
        9.02497
    ],
    "Ādīgrat": [
        39.462,
        14.277
    ],
    "Addiet Canna": [
        37.48333,
        11.26667
    ],
    "Abomsa": [
        39.98333,
        9.98333
    ],
    "Semera": [
        41.20098,
        11.50099
    ]
}