{
    "Suva": [
        178.44149,
        -18.14161
    ],
    "Nadi": [
        177.41667,
        -17.8
    ],
    "Levuka": [
        179.31667,
        -18.06667
    ],
    "Lautoka": [
        177.46667,
        -17.61667
    ],
    "Lambasa": [
        179.38333,
        -16.41667
    ],
    "Ahau": [
        177.05,
        -12.5
    ],
    "Ba": [
        177.67407,
        -17.5343
    ]
}