{
    "Weno Town": [
        151.8468,
        7.45154
    ],
    "Tofol": [
        163.00781,
        5.32479
    ],
    "Palikir - National Government Center": [
        158.16109,
        6.92477
    ],
    "Kolonia Town": [
        158.206,
        6.964
    ],
    "Rumung": [
        138.154,
        9.622
    ],
    "Kolonia": [
        158.2062,
        6.964
    ],
    "Kapingamarangi": [
        154.80752,
        1.07861
    ],
    "Nukuoro": [
        154.97143,
        3.83619
    ],
    "Ngatik": [
        157.15942,
        5.7885
    ],
    "Pingelap": [
        160.70327,
        6.20589
    ],
    "Namoluk": [
        153.14,
        5.915
    ],
    "Houk": [
        149.29908,
        6.6894
    ],
    "Polowat": [
        149.19908,
        7.35661
    ],
    "Pulap": [
        149.42878,
        7.6366
    ],
    "Tamatam": [
        149.41428,
        7.53868
    ],
    "Onoun": [
        149.687,
        8.575
    ],
    "Pisaras": [
        150.4195,
        8.569
    ],
    "Onou": [
        150.2915,
        8.799
    ],
    "Unanu": [
        150.341,
        8.75
    ],
    "Makur": [
        150.1275,
        8.985
    ],
    "Mokil": [
        159.76283,
        6.69281
    ],
    "Nomwin": [
        151.748,
        8.43
    ],
    "Fananu": [
        151.90922,
        8.55811
    ],
    "Murilo": [
        152.3435,
        8.692
    ],
    "Ruo": [
        152.2455,
        8.609
    ],
    "Nema": [
        152.575,
        6.993
    ],
    "Losap": [
        152.74,
        6.894
    ],
    "Piis": [
        152.701,
        6.834
    ],
    "Ettal": [
        153.564,
        5.592
    ],
    "Lukunor": [
        153.8205,
        5.507
    ],
    "Oneop": [
        153.7105,
        5.5066
    ],
    "Moch": [
        153.54,
        5.4918
    ],
    "Kuttu": [
        153.4575,
        5.453
    ],
    "Ta": [
        153.648,
        5.2842
    ],
    "Satowan": [
        153.738,
        5.334
    ],
    "Satawal": [
        147.0322,
        7.382
    ],
    "Lamotrek": [
        146.305,
        7.491
    ],
    "Elato": [
        146.166,
        7.502
    ],
    "Faraulep": [
        144.508,
        8.588
    ],
    "Ifalik": [
        144.4445,
        7.25
    ],
    "Eauripik": [
        143.0375,
        6.687
    ],
    "Sorol": [
        140.394,
        8.1435
    ],
    "Fais": [
        140.52,
        9.766
    ],
    "Ngulu": [
        137.484,
        8.45
    ],
    "Colonia": [
        138.12167,
        9.51638
    ],
    "Lelu": [
        163.02248,
        5.33359
    ],
    "Tafunsak": [
        162.98532,
        5.3671
    ],
    "Malem": [
        163.02609,
        5.28599
    ],
    "Utwe": [
        162.97656,
        5.27486
    ],
    "Madolenihm Municipality Government": [
        158.2987,
        6.83493
    ],
    "Tonoas Municipal Building": [
        151.88433,
        7.37597
    ],
    "Weno Municipal Offices": [
        151.84103,
        7.44428
    ]
}