{
    "Vestmanna": [
        -7.16639,
        62.15639
    ],
    "Vágur": [
        -6.81185,
        61.47324
    ],
    "Tvøroyri": [
        -6.81109,
        61.55557
    ],
    "Tórshavn": [
        -6.77164,
        62.00973
    ],
    "Sørvágur": [
        -7.3577,
        62.09726
    ],
    "Sandur": [
        -6.80778,
        61.8425
    ],
    "Miðvágur": [
        -7.19389,
        62.05111
    ],
    "Kollafjørður": [
        -6.91067,
        62.11167
    ],
    "Klaksvík": [
        -6.58901,
        62.22655
    ],
    "Hoyvík": [
        -6.78127,
        62.03407
    ],
    "Fuglafjørður": [
        -6.81395,
        62.24398
    ],
    "Eiði": [
        -7.09245,
        62.2993
    ],
    "Argir": [
        -6.77154,
        61.99595
    ],
    "Eystur": [
        -6.75247,
        62.20907
    ]
}