{
    "Tchibanga": [
        11.03333,
        -2.85
    ],
    "Port-Gentil": [
        8.78151,
        -0.71933
    ],
    "Oyem": [
        11.57933,
        1.5995
    ],
    "Omboué": [
        9.26184,
        -1.57464
    ],
    "Okondja": [
        13.67533,
        -0.65487
    ],
    "Ntoum": [
        9.76096,
        0.39051
    ],
    "Ndendé": [
        11.35813,
        -2.40077
    ],
    "Ndjolé": [
        10.76488,
        -0.17827
    ],
    "Mounana": [
        13.15857,
        -1.4085
    ],
    "Mouila": [
        11.05594,
        -1.86846
    ],
    "Moanda": [
        13.21775,
        -1.55746
    ],
    "Mitzic": [
        11.54904,
        0.78206
    ],
    "Mimongo": [
        11.60675,
        -1.61952
    ],
    "Mbigou": [
        11.906,
        -1.90046
    ],
    "Mayumba": [
        10.6554,
        -3.43198
    ],
    "Makokou": [
        12.86419,
        0.57381
    ],
    "Libreville": [
        9.45356,
        0.39241
    ],
    "Lékoni": [
        14.25905,
        -1.58431
    ],
    "Lastoursville": [
        12.70818,
        -0.81742
    ],
    "Lambaréné": [
        10.24055,
        -0.7001
    ],
    "Koulamoutou": [
        12.47359,
        -1.13032
    ],
    "Gamba": [
        10,
        -2.65
    ],
    "Franceville": [
        13.58357,
        -1.63333
    ],
    "Fougamou": [
        10.58378,
        -1.21544
    ],
    "Cocobeach": [
        9.58228,
        1.00019
    ],
    "Booué": [
        11.93846,
        -0.09207
    ],
    "Bitam": [
        11.50065,
        2.07597
    ]
}