{
    "Abastumani": [
        42.84572,
        41.7075
    ],
    "Zugdidi": [
        41.87088,
        42.5088
    ],
    "Zhinvali": [
        44.77264,
        42.13181
    ],
    "Zestap’oni": [
        43.0525,
        42.11
    ],
    "Zahesi": [
        44.75361,
        41.82458
    ],
    "Vani": [
        42.52163,
        42.0832
    ],
    "Vale": [
        42.87224,
        41.61558
    ],
    "Urek’i": [
        41.77861,
        41.99556
    ],
    "Tsnori": [
        45.96943,
        41.62088
    ],
    "Tsqnet’i": [
        44.69861,
        41.69472
    ],
    "Ts’khinvali": [
        43.96861,
        42.22764
    ],
    "Tsinandali": [
        45.57129,
        41.89315
    ],
    "Tsalka": [
        44.08909,
        41.5946
    ],
    "Tsalenjikha": [
        42.06825,
        42.60444
    ],
    "Tsaghveri": [
        43.48194,
        41.80365
    ],
    "Tqvarch'eli": [
        41.68007,
        42.84035
    ],
    "Tqibuli": [
        42.99874,
        42.35121
    ],
    "T’ianet’i": [
        44.96389,
        42.10833
    ],
    "T’et’ri Tsqaro": [
        44.46153,
        41.54448
    ],
    "T’elavi": [
        45.47315,
        41.91978
    ],
    "Tbilisi": [
        44.83368,
        41.69411
    ],
    "Surami": [
        43.55556,
        42.02431
    ],
    "Sokhumi": [
        40.9893,
        43.00697
    ],
    "Sighnaghi": [
        45.92198,
        41.62046
    ],
    "Shorapani": [
        43.08662,
        42.0898
    ],
    "Naghvarevi": [
        44.76178,
        41.35272
    ],
    "Senaki": [
        42.0675,
        42.27042
    ],
    "Samtredia": [
        42.33517,
        42.1537
    ],
    "Sagarejo": [
        45.33148,
        41.73397
    ],
    "Rust’avi": [
        44.99323,
        41.54949
    ],
    "Qvareli": [
        45.81716,
        41.95492
    ],
    "P’ot’i": [
        41.67197,
        42.14616
    ],
    "P’asanauri": [
        44.68912,
        42.3506
    ],
    "Ozurget’i": [
        42.00682,
        41.92442
    ],
    "Oni": [
        43.4425,
        42.57944
    ],
    "Ochkhamuri": [
        41.85309,
        41.85975
    ],
    "Och’amch’ire": [
        41.46863,
        42.71232
    ],
    "Ninotsminda": [
        43.5916,
        41.26458
    ],
    "Mts’khet’a": [
        44.71875,
        41.84514
    ],
    "Mestia": [
        42.7278,
        43.04581
    ],
    "Martvili": [
        42.37924,
        42.41436
    ],
    "Marneuli": [
        44.80894,
        41.47588
    ],
    "Manglisi": [
        44.38448,
        41.69698
    ],
    "Makhinjauri": [
        41.69401,
        41.67385
    ],
    "Lent’ekhi": [
        42.72611,
        42.78556
    ],
    "Lagodekhi": [
        46.27667,
        41.82681
    ],
    "K’veda Ch’khorotsqu": [
        42.09661,
        42.48103
    ],
    "K'ut'aisi": [
        42.69459,
        42.26791
    ],
    "Kulashi": [
        42.34944,
        42.20444
    ],
    "Kobuleti": [
        41.77528,
        41.82
    ],
    "Khoni": [
        42.42061,
        42.3226
    ],
    "Khobi": [
        41.89871,
        42.31558
    ],
    "Khashuri": [
        43.59994,
        41.99414
    ],
    "Step’antsminda": [
        44.64333,
        42.65667
    ],
    "Kaspi": [
        44.42568,
        41.9252
    ],
    "Java": [
        43.93667,
        42.39972
    ],
    "Gurjaani": [
        45.80111,
        41.74292
    ],
    "Gudaut’a": [
        40.62067,
        43.10547
    ],
    "Gori": [
        44.11578,
        41.98422
    ],
    "Gardabani": [
        45.09283,
        41.46054
    ],
    "Gant’iadi": [
        40.07944,
        43.38111
    ],
    "Gali": [
        41.73808,
        42.62655
    ],
    "Gagra": [
        40.25614,
        43.30387
    ],
    "Jvari": [
        42.052,
        42.71692
    ],
    "Dranda": [
        41.15333,
        42.87167
    ],
    "Dmanisi": [
        44.3472,
        41.52514
    ],
    "Dioknisi": [
        42.39171,
        41.62933
    ],
    "Didi Lilo": [
        44.96472,
        41.73611
    ],
    "Borjomi": [
        43.41284,
        41.85272
    ],
    "Bolnisi": [
        44.53838,
        41.44794
    ],
    "Bichvint’a": [
        40.34102,
        43.16198
    ],
    "Batumi": [
        41.63593,
        41.64159
    ],
    "Bakuriani": [
        43.5325,
        41.74972
    ],
    "Bagdadi": [
        46.03333,
        41.81667
    ],
    "Aspindza": [
        43.24826,
        41.57389
    ],
    "Ambrolauri": [
        43.14949,
        42.52652
    ],
    "Akhmeta": [
        45.2075,
        42.03111
    ],
    "Akhalts’ikhe": [
        42.98262,
        41.63901
    ],
    "Akhalk’alak’i": [
        43.48629,
        41.40514
    ],
    "Stantsiya Novyy Afon": [
        40.83833,
        43.08056
    ],
    "Akhalgori": [
        44.48333,
        42.12597
    ],
    "Akhaldaba": [
        42.15163,
        41.65395
    ],
    "Agara": [
        43.82382,
        42.03761
    ],
    "Adigeni": [
        42.69867,
        41.6819
    ],
    "Abasha": [
        42.22111,
        42.20959
    ],
    "Primorskoe": [
        40.6965,
        43.09236
    ],
    "Tsqaltubo": [
        42.5976,
        42.34129
    ],
    "Naruja": [
        41.95417,
        41.90694
    ],
    "Bakurianis Andeziti": [
        43.47242,
        41.73371
    ],
    "Kelasuri": [
        41.07067,
        42.97877
    ],
    "Kharagauli": [
        43.19773,
        42.02137
    ]
}