{
    "Yendi": [
        -0.00991,
        9.44272
    ],
    "Winneba": [
        -0.62313,
        5.35113
    ],
    "Wenchi": [
        -2.10456,
        7.73916
    ],
    "Wa": [
        -2.50192,
        10.06069
    ],
    "Teshi Old Town": [
        -0.10722,
        5.58365
    ],
    "Tema": [
        -0.01657,
        5.6698
    ],
    "Techiman": [
        -1.94137,
        7.58616
    ],
    "Tarkwa": [
        -1.98474,
        5.30644
    ],
    "Tamale": [
        -0.8393,
        9.40078
    ],
    "Takoradi": [
        -1.75536,
        4.88447
    ],
    "Tafo": [
        -1.61275,
        6.73453
    ],
    "Swedru": [
        -0.69984,
        5.53711
    ],
    "Sunyani": [
        -2.32676,
        7.33991
    ],
    "Suhum": [
        -0.45004,
        6.04089
    ],
    "Shama Junction": [
        -1.63011,
        5.00872
    ],
    "Sekondi-Takoradi": [
        -1.7137,
        4.934
    ],
    "Savelugu": [
        -0.8253,
        9.62441
    ],
    "Saltpond": [
        -1.06058,
        5.20913
    ],
    "Salaga": [
        -0.51875,
        8.55083
    ],
    "Prestea": [
        -2.14284,
        5.43274
    ],
    "Kasoa": [
        -0.41679,
        5.53449
    ],
    "Akim Oda": [
        -0.98577,
        5.92665
    ],
    "Obuasi": [
        -1.66191,
        6.20602
    ],
    "Nungua": [
        -0.07713,
        5.60106
    ],
    "Nsawam": [
        -0.35026,
        5.80893
    ],
    "Nkawkaw": [
        -0.7662,
        6.55121
    ],
    "Navrongo": [
        -1.0921,
        10.89557
    ],
    "Mumford": [
        -0.75897,
        5.26176
    ],
    "Mpraeso": [
        -0.73462,
        6.5932
    ],
    "Mampong": [
        -1.4001,
        7.06273
    ],
    "Medina Estates": [
        -0.16308,
        5.6658
    ],
    "Kumasi": [
        -1.62443,
        6.68848
    ],
    "Kpandu": [
        0.29306,
        6.99536
    ],
    "Kpandae": [
        -0.01127,
        8.46885
    ],
    "Konongo": [
        -1.21667,
        6.61667
    ],
    "Koforidua": [
        -0.25913,
        6.09408
    ],
    "Kintampo": [
        -1.73058,
        8.05627
    ],
    "Kibi": [
        -0.55376,
        6.16494
    ],
    "Kete Krachi": [
        -0.0498,
        7.79391
    ],
    "Keta": [
        0.9879,
        5.91793
    ],
    "Hohoe": [
        0.47362,
        7.15181
    ],
    "Ho": [
        0.4713,
        6.60084
    ],
    "Gbawe": [
        -0.31035,
        5.57714
    ],
    "Foso": [
        -1.28657,
        5.70119
    ],
    "Elmina": [
        -1.35093,
        5.0847
    ],
    "Ejura": [
        -1.35617,
        7.38558
    ],
    "Dunkwa": [
        -1.77995,
        5.96562
    ],
    "Duayaw Nkwanta": [
        -2.1028,
        7.17242
    ],
    "Dome": [
        -0.2361,
        5.65003
    ],
    "Cape Coast": [
        -1.2466,
        5.10535
    ],
    "Bolgatanga": [
        -0.85139,
        10.78556
    ],
    "Bibiani": [
        -2.31938,
        6.46346
    ],
    "Berekum": [
        -2.58404,
        7.4534
    ],
    "Bekwai": [
        -1.57741,
        6.45335
    ],
    "Begoro": [
        -0.37738,
        6.38706
    ],
    "Bechem": [
        -2.02498,
        7.09034
    ],
    "Bawku": [
        -0.24168,
        11.0616
    ],
    "Axim": [
        -2.24046,
        4.86992
    ],
    "Asamankese": [
        -0.6635,
        5.86006
    ],
    "Apam": [
        -0.73711,
        5.28483
    ],
    "Anloga": [
        0.89728,
        5.79473
    ],
    "Akwatia": [
        -0.80876,
        6.04024
    ],
    "Akropong": [
        -0.08542,
        5.97462
    ],
    "Akim Swedru": [
        -1.01636,
        5.8938
    ],
    "Agogo": [
        -1.08193,
        6.80004
    ],
    "Achiaman": [
        -0.33333,
        5.7
    ],
    "Accra": [
        -0.1969,
        5.55602
    ],
    "Aburi": [
        -0.17449,
        5.84802
    ],
    "Aboso": [
        -1.94732,
        5.3617
    ],
    "Mamponteng": [
        -1.55,
        6.73333
    ]
}