{
    "Upernavik": [
        -56.15485,
        72.78684
    ],
    "Sisimiut": [
        -53.6735,
        66.93946
    ],
    "Qasigiannguit": [
        -51.19221,
        68.81926
    ],
    "Qaqortoq": [
        -46.03333,
        60.71667
    ],
    "Paamiut": [
        -49.66776,
        61.99402
    ],
    "Nuuk": [
        -51.72157,
        64.18347
    ],
    "Narsaq": [
        -46.05263,
        60.91517
    ],
    "Nanortalik": [
        -45.23715,
        60.14317
    ],
    "Maniitsoq": [
        -52.9,
        65.41667
    ],
    "Ilulissat": [
        -51.1,
        69.21667
    ],
    "Tasiilaq": [
        -37.63676,
        65.61451
    ],
    "Aasiaat": [
        -52.86988,
        68.70981
    ],
    "Uummannaq": [
        -52.12639,
        70.67472
    ]
}