{
    "Wellingara Ba": [
        -15.4,
        13.41667
    ],
    "Wassu": [
        -14.87884,
        13.69094
    ],
    "Toniataba": [
        -15.58333,
        13.43333
    ],
    "Sutukung": [
        -15.26667,
        13.46667
    ],
    "Sutukoba": [
        -14.01667,
        13.5
    ],
    "Sun Kunda": [
        -13.85,
        13.38333
    ],
    "Sukuta": [
        -16.70815,
        13.41033
    ],
    "Sudowol": [
        -13.96667,
        13.36667
    ],
    "Somita": [
        -16.30556,
        13.20583
    ],
    "Soma": [
        -15.53333,
        13.43333
    ],
    "Si Kunda": [
        -15.56667,
        13.43333
    ],
    "Saruja": [
        -14.91667,
        13.55
    ],
    "Sara Kunda": [
        -15.41667,
        13.53333
    ],
    "Sankwia": [
        -15.51667,
        13.46667
    ],
    "Sami": [
        -15.2,
        13.58333
    ],
    "Sabi": [
        -14.2,
        13.23333
    ],
    "Saba": [
        -16.04917,
        13.51639
    ],
    "Perai": [
        -14.03333,
        13.38333
    ],
    "Pateh Sam": [
        -15.06667,
        13.61667
    ],
    "Nyamanari": [
        -13.86667,
        13.33333
    ],
    "No Kunda": [
        -15.83333,
        13.56667
    ],
    "Nioro": [
        -15.75,
        13.35
    ],
    "Mansa Konko": [
        -15.55,
        13.46667
    ],
    "Lamin": [
        -16.43389,
        13.35222
    ],
    "Kunting": [
        -14.66667,
        13.53333
    ],
    "Kuntaur": [
        -14.88333,
        13.66667
    ],
    "Kumbija": [
        -14.18333,
        13.26667
    ],
    "Koina": [
        -13.86667,
        13.48333
    ],
    "Kerewan": [
        -16.08879,
        13.4898
    ],
    "Keneba": [
        -16.015,
        13.32889
    ],
    "Katchang": [
        -15.75,
        13.5
    ],
    "Kass Wollof": [
        -14.93333,
        13.78333
    ],
    "Karantaba": [
        -15.51667,
        13.43333
    ],
    "Kaiaf": [
        -15.61667,
        13.4
    ],
    "Jifarong": [
        -15.86667,
        13.3
    ],
    "Jenoi": [
        -15.56667,
        13.48333
    ],
    "Jarreng": [
        -15.18333,
        13.61667
    ],
    "Jali": [
        -15.96667,
        13.35
    ],
    "Jakhaly": [
        -14.96667,
        13.55
    ],
    "Gunjur Kuta": [
        -14.11667,
        13.53333
    ],
    "Gunjur": [
        -16.73389,
        13.20194
    ],
    "Georgetown": [
        -14.76667,
        13.53333
    ],
    "Galleh Manda": [
        -14.78333,
        13.43333
    ],
    "Farafenni": [
        -15.6,
        13.56667
    ],
    "Essau": [
        -16.53472,
        13.48389
    ],
    "Diabugu Basilla": [
        -13.95,
        13.33333
    ],
    "Diabugu": [
        -14.4,
        13.38333
    ],
    "Denton": [
        -14.93333,
        13.5
    ],
    "Demba Kunda": [
        -14.26667,
        13.25
    ],
    "Daru Rilwan": [
        -15.98333,
        13.55
    ],
    "Dankunku": [
        -15.31667,
        13.56667
    ],
    "Daba Kunda": [
        -14.3,
        13.31667
    ],
    "Chilla": [
        -16.28333,
        13.55
    ],
    "Bureng": [
        -15.28333,
        13.41667
    ],
    "Brikama Nding": [
        -14.93333,
        13.53333
    ],
    "Brikama": [
        -16.64944,
        13.27136
    ],
    "Brifu": [
        -13.93333,
        13.5
    ],
    "Basse Santa Su": [
        -14.21373,
        13.30995
    ],
    "Barra": [
        -16.54556,
        13.48278
    ],
    "Baro Kunda": [
        -15.26667,
        13.48333
    ],
    "Bantanto": [
        -14.65,
        13.41667
    ],
    "Bansang": [
        -14.65,
        13.43333
    ],
    "Banjul": [
        -16.57803,
        13.45274
    ],
    "Bambali": [
        -15.33333,
        13.48333
    ],
    "Bakau": [
        -16.68194,
        13.47806
    ],
    "Bakadagy": [
        -14.38333,
        13.3
    ],
    "Abuko": [
        -16.65583,
        13.40417
    ]
}