{
    "Youkounkoun": [
        -13.1224,
        12.5311
    ],
    "Yomou": [
        -9.26528,
        7.56028
    ],
    "Tougué": [
        -11.68333,
        11.45
    ],
    "Tondon": [
        -13.35,
        10.36667
    ],
    "Tokonou": [
        -9.78333,
        9.65
    ],
    "Télimélé": [
        -13.03333,
        10.9
    ],
    "Siguiri": [
        -9.16852,
        11.42282
    ],
    "Sanguéya": [
        -14.36667,
        10.7
    ],
    "Pita": [
        -12.4,
        11.08333
    ],
    "Nzérékoré": [
        -8.8179,
        7.75624
    ],
    "Mandiana": [
        -8.68333,
        10.63333
    ],
    "Mamou": [
        -12.09148,
        10.37546
    ],
    "Mali": [
        -12.2982,
        12.079
    ],
    "Macenta": [
        -9.47099,
        8.54351
    ],
    "Lola": [
        -8.53333,
        7.8
    ],
    "Labé": [
        -12.28332,
        11.31823
    ],
    "Kouroussa": [
        -9.88333,
        10.65
    ],
    "Koundara": [
        -13.3,
        12.48333
    ],
    "Koubia": [
        -11.9,
        11.58333
    ],
    "Kissidougou": [
        -10.09987,
        9.1848
    ],
    "Kindia": [
        -12.86576,
        10.05692
    ],
    "Kimbo": [
        -13.55,
        10.4
    ],
    "Kérouané": [
        -9.01667,
        9.26667
    ],
    "Kankan": [
        -9.30568,
        10.38542
    ],
    "Kamsar": [
        -14.6,
        10.66667
    ],
    "Gueckedou": [
        -10.1336,
        8.56744
    ],
    "Gaoual": [
        -13.2,
        11.75
    ],
    "Fria": [
        -13.53333,
        10.45
    ],
    "Forécariah": [
        -13.08806,
        9.43056
    ],
    "Faranah": [
        -10.74343,
        10.04036
    ],
    "Dubréka": [
        -13.52333,
        9.79111
    ],
    "Dinguiraye": [
        -10.71667,
        11.3
    ],
    "Dalaba": [
        -12.25,
        10.7
    ],
    "Dabola": [
        -11.11667,
        10.75
    ],
    "Coyah": [
        -13.37694,
        9.70556
    ],
    "Conakry": [
        -13.67729,
        9.53795
    ],
    "Camayenne": [
        -13.68778,
        9.535
    ],
    "Boké": [
        -14.29665,
        10.94094
    ],
    "Boffa": [
        -14.03333,
        10.16667
    ],
    "Beyla": [
        -8.63333,
        8.68333
    ],
    "Lélouma": [
        -12.93333,
        11.18333
    ]
}