{
    "Vieux-Habitants": [
        -61.76595,
        16.0589
    ],
    "Trois-Rivières": [
        -61.64509,
        15.97567
    ],
    "Terre-de-Bas": [
        -61.64417,
        15.85011
    ],
    "Saint-François": [
        -61.27414,
        16.25264
    ],
    "Sainte-Rose": [
        -61.69793,
        16.33238
    ],
    "Sainte-Anne": [
        -61.37919,
        16.22636
    ],
    "Saint-Claude": [
        -61.70215,
        16.02409
    ],
    "Port-Louis": [
        -61.53131,
        16.41901
    ],
    "Pointe-Noire": [
        -61.78783,
        16.23086
    ],
    "Pointe-à-Pitre": [
        -61.5343,
        16.2422
    ],
    "Petit-Canal": [
        -61.48788,
        16.37836
    ],
    "Petit-Bourg": [
        -61.59159,
        16.19135
    ],
    "Les Abymes": [
        -61.50451,
        16.27095
    ],
    "Le Moule": [
        -61.34728,
        16.33315
    ],
    "Le Gosier": [
        -61.49329,
        16.20685
    ],
    "Lamentin": [
        -61.63124,
        16.27105
    ],
    "Grande Anse": [
        -61.07406,
        16.30351
    ],
    "Grand-Bourg": [
        -61.31484,
        15.88346
    ],
    "Gourbeyre": [
        -61.69138,
        15.99378
    ],
    "Capesterre-Belle-Eau": [
        -61.56596,
        16.04322
    ],
    "Bouillante": [
        -61.76919,
        16.13041
    ],
    "Basse-Terre": [
        -61.72548,
        15.99854
    ],
    "Baillif": [
        -61.74632,
        16.02018
    ],
    "Baie-Mahault": [
        -61.58543,
        16.26738
    ],
    "Anse-Bertrand": [
        -61.50778,
        16.47206
    ]
}