{
    "Santiago de Baney": [
        8.9084,
        3.6992
    ],
    "Palé": [
        5.6325,
        -1.40139
    ],
    "Río Campo": [
        9.82212,
        2.33812
    ],
    "Rebola": [
        8.83333,
        3.71667
    ],
    "Nsok": [
        11.26603,
        1.12985
    ],
    "Nsang": [
        10.94599,
        2.02475
    ],
    "Ncue": [
        10.47066,
        2.01643
    ],
    "Mongomo": [
        11.31346,
        1.62742
    ],
    "Mikomeseng": [
        10.61322,
        2.13609
    ],
    "Mbini": [
        9.61341,
        1.57402
    ],
    "Machinda": [
        9.95133,
        1.88262
    ],
    "Evinayong": [
        10.55124,
        1.43677
    ],
    "Ebebiyín": [
        11.33528,
        2.15106
    ],
    "Malabo": [
        8.78333,
        3.75
    ],
    "Luba": [
        8.55465,
        3.45683
    ],
    "Bitica": [
        9.62316,
        1.4261
    ],
    "Bicurga": [
        10.46716,
        1.58113
    ],
    "Bata": [
        9.76582,
        1.86391
    ],
    "Ayene": [
        10.68994,
        1.85592
    ],
    "Añisoc": [
        10.76892,
        1.8658
    ],
    "Acurenam": [
        10.64882,
        1.03225
    ],
    "Aconibe": [
        10.93691,
        1.29683
    ]
}