{
    "Piti Village": [
        144.69331,
        13.46256
    ],
    "Santa Rita Village": [
        144.67226,
        13.38608
    ],
    "Sinajana Village": [
        144.75406,
        13.46334
    ],
    "Talofofo Village": [
        144.75835,
        13.35513
    ],
    "Tamuning-Tumon-Harmon Village": [
        144.78138,
        13.48773
    ],
    "Umatac Village": [
        144.6605,
        13.2976
    ],
    "Yigo Village": [
        144.88855,
        13.53605
    ],
    "Yona Village": [
        144.77697,
        13.40974
    ],
    "Merizo Village": [
        144.66908,
        13.26584
    ],
    "Inarajan Village": [
        144.74845,
        13.27363
    ],
    "Agana Heights Village": [
        144.74795,
        13.46559
    ],
    "Guam Government House": [
        144.74978,
        13.47191
    ],
    "Chalan Pago-Ordot Village": [
        144.75902,
        13.44741
    ],
    "Barrigada Village": [
        144.79901,
        13.46913
    ],
    "Agat Village": [
        144.65852,
        13.38855
    ],
    "Asan-Maina Village": [
        144.71654,
        13.47215
    ],
    "Dededo Village": [
        144.8391,
        13.51777
    ],
    "Hag친t침a": [
        144.74886,
        13.47567
    ],
    "Mangilao Village": [
        144.80109,
        13.44761
    ],
    "Mongmong-Toto-Maite Village": [
        144.78214,
        13.46857
    ],
    "Hag친t침a Village": [
        144.75802,
        13.47279
    ]
}