{
    "Quinhámel": [
        -15.85,
        11.88333
    ],
    "Quebo": [
        -14.93333,
        11.33333
    ],
    "Mansôa": [
        -15.31889,
        12.07333
    ],
    "Gabú": [
        -14.21667,
        12.28333
    ],
    "Farim": [
        -15.22167,
        12.48389
    ],
    "Catió": [
        -15.25,
        11.28333
    ],
    "Canchungo": [
        -16.03333,
        12.06722
    ],
    "Cacheu": [
        -16.16583,
        12.27056
    ],
    "Bubaque": [
        -15.83333,
        11.28333
    ],
    "Buba": [
        -15,
        11.58333
    ],
    "Bolama": [
        -15.46667,
        11.58333
    ],
    "Bissorã": [
        -15.4475,
        12.22306
    ],
    "Bissau": [
        -15.59767,
        11.86357
    ],
    "Bafatá": [
        -14.66667,
        12.16667
    ]
}