{
    "Vreed-en-Hoop": [
        -58.19798,
        6.80927
    ],
    "Skeldon": [
        -57.13333,
        5.88333
    ],
    "Rosignol": [
        -57.53697,
        6.27095
    ],
    "Parika": [
        -58.42941,
        6.83712
    ],
    "New Amsterdam": [
        -57.5171,
        6.24793
    ],
    "Mahdia": [
        -59.15,
        5.26667
    ],
    "Mahaicony Village": [
        -57.80486,
        6.57633
    ],
    "Mahaica Village": [
        -57.92181,
        6.68405
    ],
    "Mabaruma": [
        -59.78333,
        8.2
    ],
    "Linden": [
        -58.30714,
        6.00809
    ],
    "Lethem": [
        -59.8,
        3.38333
    ],
    "Georgetown": [
        -58.15527,
        6.80448
    ],
    "Bartica": [
        -58.61667,
        6.4
    ],
    "Anna Regina": [
        -58.50769,
        7.26439
    ]
}