{
    "Verrettes": [
        -72.46667,
        19.05
    ],
    "Trou du Nord": [
        -72.02076,
        19.61448
    ],
    "Torbeck": [
        -73.81194,
        18.16667
    ],
    "Tiburon": [
        -74.39598,
        18.32589
    ],
    "Thomonde": [
        -71.96076,
        19.01568
    ],
    "Thomazeau": [
        -72.09191,
        18.65094
    ],
    "Thomassique": [
        -71.83887,
        19.08058
    ],
    "Thiote": [
        -71.84077,
        18.24147
    ],
    "Saint-Raphaël": [
        -72.19794,
        19.43799
    ],
    "Saint-Marc": [
        -72.69379,
        19.10819
    ],
    "Saint-Louis du Sud": [
        -73.54502,
        18.26323
    ],
    "Saint-Louis du Nord": [
        -72.72167,
        19.93264
    ],
    "Roche-à-Bateau": [
        -74.00104,
        18.18095
    ],
    "Ranquitte": [
        -72.08333,
        19.41667
    ],
    "Quartier Morin": [
        -72.15694,
        19.69667
    ],
    "Port Margot": [
        -72.42787,
        19.751
    ],
    "Port-de-Paix": [
        -72.83257,
        19.9389
    ],
    "Port-au-Prince": [
        -72.335,
        18.53917
    ],
    "Port-à-Piment": [
        -74.0971,
        18.24963
    ],
    "Plaisance": [
        -72.46477,
        19.5969
    ],
    "Plaine du Nord": [
        -72.26761,
        19.67477
    ],
    "Pilate": [
        -72.55,
        19.66667
    ],
    "Pignon": [
        -72.11252,
        19.33512
    ],
    "Phaéton": [
        -71.89722,
        19.67417
    ],
    "Petit Trou de Nippes": [
        -73.50815,
        18.52535
    ],
    "Petit Goâve": [
        -72.86297,
        18.4294
    ],
    "Petite Rivière de Nippes": [
        -73.23495,
        18.47611
    ],
    "Petite Anse": [
        -73.15444,
        19.62972
    ],
    "Pétionville": [
        -72.28528,
        18.5125
    ],
    "Perches": [
        -71.92054,
        19.5206
    ],
    "Ouanaminthe": [
        -71.72397,
        19.54807
    ],
    "Moron": [
        -74.25765,
        18.55757
    ],
    "Mont Organisé": [
        -71.78076,
        19.40658
    ],
    "Môle Saint-Nicolas": [
        -73.37308,
        19.80543
    ],
    "Mirebalais": [
        -72.10528,
        18.83333
    ],
    "Miragoâne": [
        -73.08758,
        18.44232
    ],
    "Milot": [
        -72.20989,
        19.6057
    ],
    "Marmelade": [
        -72.35871,
        19.51602
    ],
    "Marigot": [
        -72.31428,
        18.23231
    ],
    "Maïssade": [
        -72.13456,
        19.17334
    ],
    "Limonade": [
        -72.12284,
        19.66775
    ],
    "Limbé": [
        -72.40027,
        19.70409
    ],
    "Les Irois": [
        -74.4528,
        18.4049
    ],
    "Les Anglais": [
        -74.21968,
        18.3054
    ],
    "Léogâne": [
        -72.63147,
        18.50959
    ],
    "Le Borgne": [
        -72.5206,
        19.84187
    ],
    "Lascahobas": [
        -71.93299,
        18.82902
    ],
    "Kenscoff": [
        -72.28485,
        18.44773
    ],
    "Jérémie": [
        -74.11667,
        18.65
    ],
    "Jean-Rabel": [
        -73.19167,
        19.85333
    ],
    "Jacmel": [
        -72.53472,
        18.23417
    ],
    "Hinche": [
        -72.01667,
        19.15
    ],
    "Gros Morne": [
        -72.67761,
        19.66825
    ],
    "Gressier": [
        -72.51667,
        18.55
    ],
    "Grand Goâve": [
        -72.76653,
        18.4262
    ],
    "Grande Saline": [
        -72.76897,
        19.26513
    ],
    "Grande Rivière du Nord": [
        -72.16576,
        19.57648
    ],
    "Gonaïves": [
        -72.68903,
        19.44749
    ],
    "Fort Liberté": [
        -71.83972,
        19.66778
    ],
    "Fond Verrettes": [
        -71.85447,
        18.39248
    ],
    "Fond Parisien": [
        -71.97667,
        18.50583
    ],
    "Fond des Blancs": [
        -73.13218,
        18.28194
    ],
    "Fond Bassin Bleu": [
        -72.8,
        19.8
    ],
    "Ferrier": [
        -71.77785,
        19.6141
    ],
    "Ennery": [
        -72.48333,
        19.48333
    ],
    "Dondon": [
        -72.24032,
        19.5262
    ],
    "Dessalines": [
        -72.51349,
        19.26163
    ],
    "Désarmes": [
        -72.38528,
        18.9916
    ],
    "Dérac": [
        -71.81667,
        19.65
    ],
    "Delmas 73": [
        -72.30278,
        18.54472
    ],
    "Dame-Marie": [
        -74.42167,
        18.56107
    ],
    "Croix des Bouquets": [
        -72.22302,
        18.57512
    ],
    "Côtes-de-Fer": [
        -73.00203,
        18.18847
    ],
    "Coteaux": [
        -74.03954,
        18.20599
    ],
    "Cornillon": [
        -71.9515,
        18.67429
    ],
    "Corail": [
        -73.89464,
        18.56585
    ],
    "Chardonnière": [
        -74.16613,
        18.27484
    ],
    "Chantal": [
        -73.88948,
        18.2011
    ],
    "Chambellan": [
        -74.31667,
        18.56667
    ],
    "Cerca la Source": [
        -71.7904,
        19.16271
    ],
    "Cayes Jacmel": [
        -72.39417,
        18.23073
    ],
    "Les Cayes": [
        -73.75,
        18.2
    ],
    "Cavaillon": [
        -73.65551,
        18.29928
    ],
    "Carrefour": [
        -72.39922,
        18.54114
    ],
    "Carice": [
        -71.83128,
        19.37587
    ],
    "Caracol": [
        -72.01422,
        19.68925
    ],
    "Cap-Haïtien": [
        -72.20417,
        19.75778
    ],
    "Cabaret": [
        -72.4175,
        18.73583
    ],
    "Bombardopolis": [
        -73.33296,
        19.69312
    ],
    "Belle-Anse": [
        -72.062,
        18.23801
    ],
    "Baradères": [
        -73.63759,
        18.48041
    ],
    "Baie de Henne": [
        -73.20888,
        19.6657
    ],
    "Bahon": [
        -72.11667,
        19.46667
    ],
    "Arcahaie": [
        -72.91667,
        19.81667
    ],
    "Aquin": [
        -73.4,
        18.28333
    ],
    "Anse Rouge": [
        -73.05573,
        19.63314
    ],
    "Anse-à-Veau": [
        -73.3449,
        18.5011
    ],
    "Anse-à-Pitres": [
        -71.75,
        18.05
    ],
    "Anse à Galets": [
        -72.86077,
        18.83104
    ],
    "Acul du Nord": [
        -72.31763,
        19.67804
    ],
    "Abricots": [
        -74.3417,
        18.63125
    ],
    "Ti Port-de-Paix": [
        -72.83333,
        19.93333
    ]
}