{
    "Buncrana": [
        -7.45,
        55.13333
    ],
    "Youghal": [
        -7.85056,
        51.95
    ],
    "Wicklow": [
        -6.04944,
        52.975
    ],
    "Loch Garman": [
        -6.4575,
        52.33417
    ],
    "Westport": [
        -9.51667,
        53.8
    ],
    "Waterford": [
        -7.11194,
        52.25833
    ],
    "Tullow": [
        -6.73694,
        52.80028
    ],
    "Tullamore": [
        -7.48889,
        53.27389
    ],
    "Tuam": [
        -8.85,
        53.51667
    ],
    "Trim": [
        -6.79167,
        53.555
    ],
    "Trá Mhór": [
        -7.15244,
        52.16235
    ],
    "Tralee": [
        -9.70264,
        52.27042
    ],
    "Tower": [
        -8.6,
        51.91667
    ],
    "Tipperary": [
        -8.15583,
        52.47333
    ],
    "Thurles": [
        -7.80222,
        52.68194
    ],
    "Thomastown": [
        -7.13722,
        52.52667
    ],
    "Templemore": [
        -7.83389,
        52.79472
    ],
    "Tallaght": [
        -6.37344,
        53.2859
    ],
    "Swords": [
        -6.21806,
        53.45972
    ],
    "Swinford": [
        -8.95,
        53.95
    ],
    "Sligo": [
        -8.46943,
        54.26969
    ],
    "Skibbereen": [
        -9.26667,
        51.55
    ],
    "Skerries": [
        -6.10833,
        53.58278
    ],
    "Sallins": [
        -6.66611,
        53.24889
    ],
    "An Ros": [
        -6.09308,
        53.5223
    ],
    "Rosslare": [
        -6.38444,
        52.27583
    ],
    "Roscrea": [
        -7.80167,
        52.95111
    ],
    "Roscommon": [
        -8.18333,
        53.63333
    ],
    "Ratoath": [
        -6.4625,
        53.50806
    ],
    "Rathkeale": [
        -8.93806,
        52.52444
    ],
    "Rathdrum": [
        -6.23556,
        52.92639
    ],
    "Rathcoole": [
        -6.47278,
        53.28278
    ],
    "Rathangan": [
        -6.995,
        53.22139
    ],
    "Prosperous": [
        -6.75389,
        53.29028
    ],
    "Portmarnock": [
        -6.1375,
        53.42306
    ],
    "Portlaoise": [
        -7.29979,
        53.03441
    ],
    "Portarlington": [
        -7.19111,
        53.16222
    ],
    "Passage West": [
        -8.34444,
        51.87389
    ],
    "Oranmore": [
        -8.92,
        53.26833
    ],
    "Old Kilcullen": [
        -6.76528,
        53.10639
    ],
    "Newtown Trim": [
        -6.77,
        53.55611
    ],
    "New Ross": [
        -6.93667,
        52.39667
    ],
    "Newmarket on Fergus": [
        -8.89556,
        52.76
    ],
    "Newcastle West": [
        -9.06111,
        52.44917
    ],
    "Droichead Nua": [
        -6.79667,
        53.18194
    ],
    "Nenagh": [
        -8.19667,
        52.86194
    ],
    "Navan": [
        -6.68139,
        53.65278
    ],
    "Naas": [
        -6.66694,
        53.21583
    ],
    "An Muileann gCearr": [
        -7.35,
        53.53333
    ],
    "Moycullen": [
        -9.18002,
        53.33783
    ],
    "Moville": [
        -7.05,
        55.18333
    ],
    "Mountrath": [
        -7.47278,
        52.99889
    ],
    "Mountmellick": [
        -7.32,
        53.11361
    ],
    "Monkstown": [
        -6.15312,
        53.29308
    ],
    "Monasterevin": [
        -7.06639,
        53.14056
    ],
    "Monaghan": [
        -6.96667,
        54.25
    ],
    "Moate": [
        -7.71667,
        53.55
    ],
    "Mitchelstown": [
        -8.26806,
        52.26583
    ],
    "Midleton": [
        -8.18052,
        51.91526
    ],
    "Maynooth": [
        -6.59361,
        53.385
    ],
    "Mallow": [
        -8.63333,
        52.13333
    ],
    "Malahide": [
        -6.15444,
        53.45083
    ],
    "Macroom": [
        -8.95,
        51.9
    ],
    "Lusk": [
        -6.16423,
        53.52743
    ],
    "Louth": [
        -6.54139,
        53.94861
    ],
    "Loughrea": [
        -8.56694,
        53.19694
    ],
    "Longford": [
        -7.79823,
        53.72536
    ],
    "Listowel": [
        -9.485,
        52.44639
    ],
    "Luimneach": [
        -8.62306,
        52.66472
    ],
    "Leifear": [
        -7.48361,
        54.83194
    ],
    "Letterkenny": [
        -7.73333,
        54.95
    ],
    "Leixlip": [
        -6.49556,
        53.36583
    ],
    "Laytown": [
        -6.23917,
        53.68194
    ],
    "Knockbridge": [
        -6.48597,
        53.9732
    ],
    "Kinsale": [
        -8.53056,
        51.7075
    ],
    "Kilrush": [
        -9.48333,
        52.63972
    ],
    "Kilmallock": [
        -8.57722,
        52.4
    ],
    "Killybegs": [
        -8.45,
        54.63333
    ],
    "Killorglin": [
        -9.78333,
        52.1
    ],
    "Cill Airne": [
        -9.51667,
        52.05
    ],
    "Kill": [
        -7.335,
        52.17611
    ],
    "Kilkenny": [
        -7.25222,
        52.65417
    ],
    "Kildare": [
        -6.91444,
        53.15611
    ],
    "Kilcoole": [
        -6.065,
        53.10278
    ],
    "Kilcock": [
        -6.67083,
        53.40222
    ],
    "Kenmare": [
        -9.58333,
        51.88333
    ],
    "Kells": [
        -6.87917,
        53.72639
    ],
    "Kanturk": [
        -8.9,
        52.16667
    ],
    "Howth": [
        -6.06528,
        53.38778
    ],
    "Gweedore": [
        -8.23194,
        55.05028
    ],
    "Greystones": [
        -6.06306,
        53.14083
    ],
    "Granard": [
        -7.5,
        53.76667
    ],
    "Gort": [
        -8.81667,
        53.06639
    ],
    "Gorey": [
        -6.2925,
        52.67472
    ],
    "Glenties": [
        -8.2825,
        54.7975
    ],
    "Gaillimh": [
        -9.04889,
        53.27194
    ],
    "Fermoy": [
        -8.27583,
        52.13583
    ],
    "Enniskerry": [
        -6.16917,
        53.1925
    ],
    "Enniscorthy": [
        -6.55778,
        52.50083
    ],
    "Ennis": [
        -8.98639,
        52.84361
    ],
    "Edenderry": [
        -7.04972,
        53.34528
    ],
    "Dunshaughlin": [
        -6.54,
        53.5125
    ],
    "Dunmore East": [
        -6.98611,
        52.15139
    ],
    "Dunmanway": [
        -9.11667,
        51.71667
    ],
    "Dunlewy": [
        -8.1,
        55.01667
    ],
    "Dún Laoghaire": [
        -6.13586,
        53.29395
    ],
    "Dungarvan": [
        -7.62528,
        52.08806
    ],
    "Dundalk": [
        -6.41667,
        54
    ],
    "Dunboyne": [
        -6.46667,
        53.4
    ],
    "Duleek": [
        -6.41917,
        53.65667
    ],
    "Dublin": [
        -6.24889,
        53.33306
    ],
    "Drogheda": [
        -6.34778,
        53.71889
    ],
    "Donnybrook": [
        -6.22274,
        53.31375
    ],
    "Donegal": [
        -8.11667,
        54.65
    ],
    "Donabate": [
        -6.15194,
        53.48722
    ],
    "Dingle": [
        -10.26889,
        52.14083
    ],
    "Derry": [
        -9.05026,
        51.58666
    ],
    "Cork": [
        -8.47061,
        51.89797
    ],
    "Cootehill": [
        -7.08194,
        54.0725
    ],
    "Cobh": [
        -8.29917,
        51.85722
    ],
    "Cluain Meala": [
        -7.70389,
        52.355
    ],
    "Clones": [
        -7.23333,
        54.18333
    ],
    "Clonakilty": [
        -8.87056,
        51.62306
    ],
    "Clifden": [
        -10.01667,
        53.48333
    ],
    "Claremorris": [
        -9,
        53.71667
    ],
    "Clara": [
        -7.61389,
        53.3425
    ],
    "Clane": [
        -6.68917,
        53.29139
    ],
    "Cherryville": [
        -6.96667,
        53.15694
    ],
    "Ráth Luirc": [
        -8.68333,
        52.35
    ],
    "Celbridge": [
        -6.54361,
        53.33861
    ],
    "Cavan": [
        -7.36056,
        53.99083
    ],
    "Castlerea": [
        -8.5,
        53.76667
    ],
    "Castleisland": [
        -9.46667,
        52.23333
    ],
    "Castlecomer": [
        -7.21056,
        52.80611
    ],
    "Castleblayney": [
        -6.73333,
        54.11667
    ],