{
    "Jerusalem": [
        35.21633,
        31.76904
    ],
    "Har Adar": [
        35.13093,
        31.82754
    ],
    "Ẕur Moshe": [
        34.91313,
        32.29819
    ],
    "Ẕur Hadassa": [
        35.09549,
        31.71794
    ],
    "Ẕefat": [
        35.50049,
        32.96564
    ],
    "Yeroẖam": [
        34.93176,
        30.98822
    ],
    "Yehud": [
        34.89091,
        32.03317
    ],
    "Yavne’el": [
        35.50662,
        32.70356
    ],
    "Yavne": [
        34.73843,
        31.88078
    ],
    "Yafo": [
        34.75224,
        32.05043
    ],
    "‘Uzeir": [
        35.32984,
        32.79212
    ],
    "Umm el Faḥm": [
        35.15349,
        32.51725
    ],
    "Tirat Karmel": [
        34.97183,
        32.76021
    ],
    "Timrat": [
        35.22359,
        32.70302
    ],
    "Tiberias": [
        35.53124,
        32.7922
    ],
    "Tel Mond": [
        34.91737,
        32.24995
    ],
    "Tel Aviv": [
        34.78057,
        32.08088
    ],
    "maalot Tarshīhā": [
        35.26667,
        33.01667
    ],
    "Tamra": [
        35.1987,
        32.85301
    ],
    "Sūlam": [
        35.33408,
        32.60606
    ],
    "Shelomi": [
        35.14608,
        33.07472
    ],
    "Sederot": [
        34.59693,
        31.525
    ],
    "Savyon": [
        34.8777,
        32.04966
    ],
    "Sakhnīn": [
        35.29707,
        32.86422
    ],
    "Sājūr": [
        35.34136,
        32.94266
    ],
    "Rosh Pinna": [
        35.54258,
        32.96894
    ],
    "Rosh Ha‘Ayin": [
        34.95664,
        32.09556
    ],
    "Rishon LeẔiyyon": [
        34.78939,
        31.97102
    ],
    "Rekhasim": [
        35.09901,
        32.74907
    ],
    "Ramla": [
        34.86563,
        31.92923
    ],
    "Ramat Yishay": [
        35.1707,
        32.70444
    ],
    "Ramat HaSharon": [
        34.8394,
        32.14613
    ],
    "Ramat Gan": [
        34.81065,
        32.08227
    ],
    "Ra'anana": [
        34.87386,
        32.1836
    ],
    "Qiryat Yam": [
        35.06973,
        32.84966
    ],
    "Qiryat Shemona": [
        35.57212,
        33.20733
    ],
    "Qiryat Motzkin": [
        35.0776,
        32.83706
    ],
    "Qiryat Gat": [
        34.76422,
        31.60998
    ],
    "Qiryat Bialik": [
        35.08583,
        32.8275
    ],
    "Qiryat Ata": [
        35.11255,
        32.81034
    ],
    "Qalansuwa": [
        34.98106,
        32.28493
    ],
    "Pardesiyya": [
        34.90911,
        32.30577
    ],
    "Or Yehuda": [
        34.85788,
        32.02923
    ],
    "Ofaqim": [
        34.62025,
        31.3141
    ],
    "Nordiyya": [
        34.89617,
        32.3147
    ],
    "Netivot": [
        34.58858,
        31.42215
    ],
    "Netanya": [
        34.85992,
        32.33292
    ],
    "Ness Ziona": [
        34.79868,
        31.92933
    ],
    "Nesher": [
        35.05003,
        32.76651
    ],
    "Nein": [
        35.34885,
        32.63063
    ],
    "Neẖalim": [
        34.91069,
        32.06012
    ],
    "Nazareth": [
        35.30483,
        32.69925
    ],
    "Naḥf": [
        35.31679,
        32.93444
    ],
    "Nahariyya": [
        35.09409,
        33.00586
    ],
    "Mitzpe Ramon": [
        34.80111,
        30.60944
    ],
    "Mi‘ilyā": [
        35.25658,
        33.02781
    ],
    "Migdal Ha‘Emeq": [
        35.23986,
        32.67597
    ],
    "Mevo Betar": [
        35.10669,
        31.72177
    ],
    "Metulla": [
        35.5795,
        33.27918
    ],
    "Mazkeret Batya": [
        34.84646,
        31.85357
    ],
    "Maghār": [
        35.40703,
        32.88984
    ],
    "Lod": [
        34.8903,
        31.9467
    ],
    "Kefar Yona": [
        34.93507,
        32.31669
    ],
    "Kefar Tavor": [
        35.42118,
        32.68656
    ],
    "Kefar Shemaryahu": [
        34.82082,
        32.18529
    ],
    "Kfar Saba": [
        34.90694,
        32.175
    ],
    "Kefar H̱abad": [
        34.8516,
        31.98792
    ],
    "Kaukab Abū el Hīja": [
        35.24848,
        32.83155
    ],
    "Karmi’el": [
        35.29918,
        32.91669
    ],
    "Kafr Yāsīf": [
        35.1623,
        32.95451
    ],
    "Kafr Qāsim": [
        34.97624,
        32.11406
    ],
    "Kafr Miṣr": [
        35.42147,
        32.64521
    ],
    "Kafr Mandā": [
        35.26009,
        32.81034
    ],
    "Kafr Kannā": [
        35.34242,
        32.7466
    ],
    "Kafr Kamā": [
        35.44122,
        32.72129
    ],
    "Kābūl": [
        35.21171,
        32.86856
    ],
    "Judieda Makr": [
        35.15705,
        32.9282
    ],
    "Jīsh": [
        35.44694,
        33.02216
    ],
    "Jaljūlya": [
        34.95372,
        32.1547
    ],
    "Iksāl": [
        35.32365,
        32.68164
    ],
    "Ibtin": [
        35.11402,
        32.7615
    ],
    "Ḥurfeish": [
        35.34835,
        33.01711
    ],
    "H̱olon": [
        34.77918,
        32.01034
    ],
    "Hod HaSharon": [
        34.8932,
        32.15934
    ],
    "Herzliyya": [
        34.82536,
        32.16627
    ],
    "Haifa": [
        34.9885,
        32.81841
    ],
    "H̱adera": [
        34.91956,
        32.43645
    ],
    "Giv‘at Shemu’él": [
        34.84858,
        32.07817
    ],
    "Giv‘atayim": [
        34.81253,
        32.07225
    ],
    "Gedera": [
        34.77998,
        31.81456
    ],
    "Gan Yavne": [
        34.70659,
        31.78737
    ],
    "Ganné Tiqwa": [
        34.8732,
        32.05971
    ],
    "Mafshatah": [
        35.30894,
        33.04895
    ],
    "Even Yehuda": [
        34.88759,
        32.26959
    ],
    "Tirah": [
        34.95023,
        32.2341
    ],
    "Eṭ Ṭaiyiba": [
        35.00893,
        32.26616
    ],
    "Esh Sheikh Dannūn": [
        35.1479,
        32.99231
    ],
    "Er Reina": [
        35.31622,
        32.72339
    ],
    "‘En Boqeq": [
        35.36253,
        31.19941
    ],
    "Elyakhin": [
        34.92433,
        32.40793
    ],
    "El Mazra‘a": [
        35.09837,
        32.98338
    ],
    "El Fureidīs": [
        34.95153,
        32.59812
    ],
    "Eilat": [
        34.94821,
        29.55805
    ],
    "’Eilabun": [
        35.4004,
        32.83622
    ],
    "Dimona": [
        35.0337,
        31.07127
    ],
    "Deir Ḥannā": [
        35.36365,
        32.86196
    ],
    "Dāliyat el Karmil": [
        35.04686,
        32.69383
    ],
    "Dabbūrīya": [
        35.37123,
        32.69256
    ],
    "Buqei‘a": [
        35.33345,
        32.97746
    ],
    "Bu‘eina": [
        35.36486,
        32.80636
    ],
    "Bīr el Maksūr": [
        35.22069,
        32.77732
    ],
    "Bet Yiẕẖaq": [
        34.88878,
        32.32751
    ],
    "Bet Shemesh": [
        34.98877,
        31.74959
    ],
    "Bet She’an": [
        35.49632,
        32.49728
    ],
    "Bet Dagan": [
        34.8233,
        31.99712
    ],
    "Bené Beraq": [
        34.8338,
        32.08074
    ],
    "Bene 'Ayish": [
        34.75,
        31.78333
    ],
    "Beit Jann": [
        35.38152,
        32.96464
    ],
    "Beersheba": [
        34.7913,
        31.25181
    ],
    "Bat Yam": [
        34.75185,
        32.02379
    ],
    "Basmat Tab‘un": [
        35.153,
        32.73656
    ],
    "Azor": [
        34.80632,
        32.0243
    ],
    "‘Atlit": [
        34.94236,
        32.68889
    ],
    "Ashqelon": [
        34.57149,
        31.66926
    ],
    "Ashdod": [
        34.64966,
        31.79213
    ],
    "‘Arad": [
        35.21282,
        31.25882
    ],
    "‘Akko": [
        35.07647,
        32.92814
    ],
    "‘Afula ‘Illit": [
        35.32522,
        32.63323
    ],
    "Abū Ghaush": [
        35.1093,
        31.80592
    ],
    "Shibli": [
        35.39252,
        32.69464
    ],
    "Rumat Heib": [
        35.3057,
        32.77802
    ],
    "Sallama": [
        35.36931,
        32.89443
    ],