{
    "Zākhū": [
        42.70355,
        37.14805
    ],
    "Umm Qaşr": [
        47.91951,
        30.0362
    ],
    "Tozkhurmato": [
        44.63256,
        34.88808
    ],
    "Tikrīt": [
        43.67861,
        34.61581
    ],
    "Qaḑā’ Talkīf": [
        43.12026,
        36.49109
    ],
    "Sīnah": [
        43.03831,
        36.80752
    ],
    "Sāmarrā’": [
        43.8739,
        34.19663
    ],
    "Nāḩīyat Saddat al Hindīyah": [
        44.27857,
        32.71557
    ],
    "Rāwandūz": [
        44.53014,
        36.61647
    ],
    "Rāwah": [
        41.90849,
        34.47935
    ],
    "Qaḑā’ al Ḩamdānīyah": [
        43.37758,
        36.27093
    ],
    "Mandalī": [
        45.55503,
        33.7481
    ],
    "Koysinceq": [
        44.62873,
        36.08289
    ],
    "Kifrī": [
        44.96057,
        34.68963
    ],
    "Kirkuk": [
        44.39222,
        35.46806
    ],
    "Karbala": [
        44.02488,
        32.61603
    ],
    "Erbil": [
        44.01062,
        36.19257
    ],
    "Hīt": [
        42.82768,
        33.63664
    ],
    "Ḩalabjah": [
        45.98611,
        35.17778
    ],
    "Ḩadīthah": [
        42.37724,
        34.13477
    ],
    "Dihok": [
        42.98845,
        36.86709
    ],
    "Chamchamāl": [
        44.8343,
        35.53356
    ],
    "Bayjī": [
        43.49311,
        34.9307
    ],
    "Baqubah": [
        44.64366,
        33.7466
    ],
    "Paynjuwayn": [
        45.95338,
        35.6169
    ],
    "Balad": [
        44.14574,
        34.01485
    ],
    "Baghdad": [
        44.40088,
        33.34058
    ],
    "Az Zubayr": [
        47.70174,
        30.39213
    ],
    "Aş Şuwayrah": [
        44.77583,
        32.92556
    ],
    "As Sulaymānīyah": [
        45.4329,
        35.56496
    ],
    "As Samawah": [
        45.2944,
        31.33198
    ],
    "Nāḩiyat ash Shināfīyah": [
        44.64675,
        31.58376
    ],
    "Ash Shaţrah": [
        46.1727,
        31.40906
    ],
    "Ash Shāmīyah": [
        44.60075,
        31.96257
    ],
    "Ar Ruţbah": [
        40.28586,
        33.03718
    ],
    "Ar Rumaythah": [
        45.20377,
        31.52845
    ],
    "Ramadi": [
        43.30778,
        33.42056
    ],
    "An Nāşirīyah": [
        46.25726,
        31.05799
    ],
    "An Najaf al Ashraf": [
        44.3291,
        31.9892
    ],
    "‘Anat al Qadīmah": [
        41.94224,
        34.46934
    ],
    "Imam Qasim": [
        44.68282,
        32.29799
    ],
    "Al Musayyib": [
        44.27662,
        32.78396
    ],
    "Al Mishkhāb": [
        44.4893,
        31.80436
    ],
    "Al Miqdādīyah": [
        44.93694,
        33.97861
    ],
    "Al Mawşil al Jadīdah": [
        43.09065,
        36.33091
    ],
    "Mosul": [
        43.11889,
        36.335
    ],
    "Al Majar al Kabir": [
        47.17529,
        31.57232
    ],
    "Al Kūt": [
        45.81817,
        32.5128
    ],
    "Khāliş": [
        44.53344,
        33.80809
    ],
    "‘Alī al Gharbī": [
        46.68794,
        32.46186
    ],
    "Al Hindīyah": [
        44.22111,
        32.54217
    ],
    "Al Ḩillah": [
        44.41963,
        32.46367
    ],
    "Al Ḩayy": [
        46.04345,
        32.17419
    ],
    "Al Hārithah": [
        47.72083,
        30.71861
    ],
    "Nahiyat Ghammas": [
        44.6196,
        31.74311
    ],
    "Nāḩiyat al Fuhūd": [
        46.72278,
        30.96972
    ],
    "Al Fāw": [
        48.47309,
        29.97421
    ],
    "Al Fallūjah": [
        43.78612,
        33.35581
    ],
    "Al Başrah": [
        47.79747,
        30.53302
    ],
    "Al ‘Azīzīyah": [
        45.06359,
        32.90941
    ],
    "Al ‘Amārah": [
        47.144,
        31.83588
    ],
    "‘Afak": [
        45.24743,
        32.0643
    ],
    "Ad Dujayl": [
        44.23444,
        33.84667
    ],
    "Ad Dīwānīyah": [
        44.92552,
        31.99289
    ],
    "Abū Ghurayb": [
        44.18694,
        33.30703
    ],
    "Al Başrat al Qadīmah": [
        47.8169,
        30.49528
    ],
    "Sinjār": [
        41.87656,
        36.3209
    ],
    "Nāḩiyat Hīrān": [
        44.49332,
        36.27815
    ],
    "Nāḩiyat Baḩār": [
        48.39775,
        30.17649
    ],
    "Nāḩiyat ‘Atbah": [
        48.01424,
        30.48117
    ],
    "Nāḩiyat Alī ash Sharqī": [
        46.74928,
        32.12287
    ]
}