{
    "Āzādshahr": [
        48.57011,
        34.79049
    ],
    "Kahrīz": [
        47.0553,
        34.3838
    ],
    "Nūrābād": [
        51.52174,
        30.11405
    ],
    "Īstgāh-e Rāh Āhan-e Garmsār": [
        52.30942,
        35.23455
    ],
    "Qarchak": [
        51.57544,
        35.42867
    ],
    "Shahrak-e Emām Ḩasan-e Mojtabá": [
        51.35,
        35.48333
    ],
    "Shahre Jadide Andisheh": [
        51.0193,
        35.6803
    ],
    "Omīdcheh": [
        48.14139,
        38.28667
    ],
    "Āq Qāyeh": [
        55.15889,
        37.27472
    ],
    "Khorram Darreh": [
        49.196,
        36.213
    ],
    "Yāsūj": [
        51.58796,
        30.66824
    ],
    "Shāh Pasand": [
        55.17397,
        37.08701
    ],
    "Ziabar (Gaskar)": [
        49.2459,
        37.4261
    ],
    "Zarand": [
        56.56399,
        30.81271
    ],
    "Zanjān": [
        48.4787,
        36.6736
    ],
    "Yazd": [
        54.3675,
        31.89722
    ],
    "Vasīān": [
        48.04917,
        33.49083
    ],
    "Varāmīn": [
        51.6457,
        35.3242
    ],
    "Torbat-e Ḩeydarīyeh": [
        59.21949,
        35.27401
    ],
    "Tonekābon": [
        50.87376,
        36.81626
    ],
    "Tehrān": [
        51.42151,
        35.69439
    ],
    "Hashtpar": [
        48.9037,
        37.8008
    ],
    "Tākestān": [
        49.6959,
        36.0696
    ],
    "Takāb": [
        47.1133,
        36.4009
    ],
    "Taft": [
        54.20278,
        31.74384
    ],
    "Tafresh": [
        50.01601,
        34.69307
    ],
    "Tabrīz": [
        46.2919,
        38.08
    ],
    "Tabas": [
        56.92437,
        33.59586
    ],
    "Sonqor": [
        47.6004,
        34.7837
    ],
    "Sīrjān": [
        55.68023,
        29.43704
    ],
    "Shūshtar": [
        48.8567,
        32.0455
    ],
    "Shūsh": [
        48.2436,
        32.1942
    ],
    "Shīrāz": [
        52.53114,
        29.61031
    ],
    "Sharīfābād": [
        51.78528,
        35.4275
    ],
    "Shahr-e Kord": [
        50.86444,
        32.32556
    ],
    "Shahr-e Bābak": [
        55.1186,
        30.1165
    ],
    "Shādegān": [
        48.66472,
        30.64972
    ],
    "Semnān": [
        53.39205,
        35.57692
    ],
    "Semīrom": [
        51.56667,
        31.41667
    ],
    "Sāveh": [
        50.3566,
        35.0213
    ],
    "Sari": [
        53.06009,
        36.56332
    ],
    "Saqqez": [
        46.2735,
        36.24992
    ],
    "Sanandaj": [
        46.99883,
        35.31495
    ],
    "Salmās": [
        44.7653,
        38.1973
    ],
    "Shāhīn Dezh": [
        46.5669,
        36.6793
    ],
    "Sabzevar": [
        57.68191,
        36.2126
    ],
    "Rūdsar": [
        50.288,
        37.13761
    ],
    "Robāţ Karīm": [
        51.0829,
        35.4846
    ],
    "Rāvar": [
        56.80545,
        31.26562
    ],
    "Rasht": [
        49.58319,
        37.28077
    ],
    "Rāmshīr": [
        49.4092,
        30.8946
    ],
    "Rāmhormoz": [
        49.60351,
        31.27997
    ],
    "Rafsanjān": [
        55.9939,
        30.4067
    ],
    "Qūchān": [
        58.50955,
        37.106
    ],
    "Qorveh": [
        47.8045,
        35.1664
    ],
    "Qom": [
        50.8764,
        34.6401
    ],
    "Qohord-e Bālā": [
        48.0736,
        35.4399
    ],
    "Qeshm": [
        56.2691,
        26.9492
    ],
    "Qazvin": [
        50.0041,
        36.26877
    ],
    "Qarnābād": [
        54.59194,
        36.82222
    ],
    "Qarah Ẕīā' od Dīn": [
        45.0255,
        38.8915
    ],
    "Farrokh Shahr": [
        50.98008,
        32.27174
    ],
    "Qāyen": [
        59.18439,
        33.72654
    ],
    "Sarpol-e Z̄ahāb": [
        45.86264,
        34.46109
    ],
    "Pīshvā": [
        51.7267,
        35.308
    ],
    "Piranshahr": [
        45.1413,
        36.701
    ],
    "Pāveh": [
        46.3565,
        35.0434
    ],
    "Pārsābād": [
        47.9174,
        39.6482
    ],
    "Oshnavīyeh": [
        45.0983,
        37.0397
    ],
    "Orūmīyeh": [
        45.07605,
        37.55274
    ],
    "Omīdīyeh": [
        49.705,
        30.75972
    ],
    "Now Shahr": [
        51.496,
        36.649
    ],
    "Noşratābād": [
        59.98333,
        29.9
    ],
    "Neyshābūr": [
        58.79576,
        36.21329
    ],
    "Neyrīz": [
        54.3278,
        29.1988
    ],
    "Nekā’": [
        53.29905,
        36.65079
    ],
    "Naz̧arābād": [
        50.60608,
        35.95411
    ],
    "Nashtā Rūd": [
        51.01028,
        36.75417
    ],
    "Naqadeh": [
        45.388,
        36.9553
    ],
    "Nahāvand": [
        48.377,
        34.1885
    ],
    "Mīnāb": [
        57.0801,
        27.1467
    ],
    "Mīāndowāb": [
        46.1027,
        36.9694
    ],
    "Meybod": [
        54.01658,
        32.25014
    ],
    "Mahrīz": [
        54.4428,
        31.58428
    ],
    "Mehrān": [
        46.1646,
        33.1222
    ],
    "Masjed Soleymān": [
        49.3039,
        31.9364
    ],
    "Bardsīr": [
        56.57434,
        29.92266
    ],
    "Mashhad": [
        59.56796,
        36.31559
    ],
    "Marand": [
        45.7749,
        38.4329
    ],
    "Malāyer": [
        48.8235,
        34.2969
    ],
    "Malārd": [
        50.9767,
        35.6659
    ],
    "Mahābād": [
        45.7222,
        36.7631
    ],
    "Langerūd": [
        50.15351,
        37.19701
    ],
    "Kūhdasht": [
        47.60999,
        33.53335
    ],
    "Kīsh": [
        54.01944,
        26.55778
    ],
    "Khvoy": [
        44.9521,
        38.5503
    ],
    "Khvānsār": [
        50.31497,
        33.22052
    ],
    "Khorramshahr": [
        48.18428,
        30.44079
    ],
    "Khorramābād": [
        48.35583,
        33.48778
    ],
    "Khomeyn": [
        50.0789,
        33.64226
    ],
    "Khānī Yek": [
        51.68667,
        29.89167
    ],
    "Herowābād": [
        48.5258,
        37.6189
    ],
    "Kermānshāh": [
        47.065,
        34.31417
    ],
    "Kermān": [
        57.07879,
        30.28321
    ],
    "Kāzerūn": [
        51.65415,
        29.61949
    ],
    "Kāshmar": [
        58.46558,
        35.23831
    ],
    "Kāshān": [
        51.43644,
        33.98308
    ],
    "Karaj": [
        50.99154,
        35.83266
    ],
    "Kangāvar": [
        47.9653,
        34.5043
    ],
    "Kāmyārān": [
        46.9355,
        34.7956
    ],
    "Kalāleh": [
        55.49164,
        37.38071
    ],
    "Jūybār": [
        52.91244,
        36.64115
    ],
    "Khārk": [
        50.33056,
        29.26139
    ],
    "Javānrūd": [
        46.51722,
        34.79611
    ],
    "Jongīyeh": [
        48.61667,
        31.25583
    ],
    "Īlām": [
        46.4227,
        33.6374
    ],
    "Harsīn": [
        47.5861,
        34.2721
    ],
    "Hamadān": [
        48.51456,
        34.79922
    ],
    "Gorgān": [
        54.44361,
        36.84165
    ],
    "Gonbad-e Qābūs": [
        55.16721,
        37.25004
    ],
    "Gonābād": [
        58.68365,
        34.35286
    ],
    "Golpāyegān": [
        50.28836,
        33.4537
    ],
    "Gerāsh": [
        54.1371,
        27.6652
    ],
    "Bandar-e Ganāveh": [
        50.517,
        29.5791
    ],
    "Fīrūzābād": [
        52.5707,
        28.8438
    ],
    "Fereydūnshahr": [
        50.121,
        32.94098
    ],
    "Fereydūn Kenār": [
        52.52255,
        36.68642
    ],
    "Fasā": [
        53.6482,
        28.9383
    ],
    "Fārsān": [
        50.56096,
        32.25694
    ],
    "pamas": [
        48.462,
        34.03792
    ],
    "Esfarāyen": [
        57.51009,
        37.07645
    ],
    "Shāhrūd": [
        54.97628,
        36.41819
    ],
    "Dogonbadan": [
        50.7981,
        30.3586
    ],
    "Delījān": [
        50.6838,
        33.9905
    ],
    "Dehlorān": [
        47.2679,
        32.6941
    ],