{
    "Siglufjörður": [
        -18.90815,
        66.15198
    ],
    "Sauðárkrókur": [
        -19.63944,
        65.74611
    ],
    "Neskaupstaður": [
        -13.68368,
        65.14819
    ],
    "Húsavík": [
        -17.33834,
        66.04148
    ],
    "Höfn": [
        -15.21212,
        64.25388
    ],
    "Dalvík": [
        -18.52861,
        65.97018
    ],
    "Akureyri": [
        -18.0878,
        65.68353
    ],
    "Vestmannaeyjar": [
        -20.27339,
        63.44273
    ],
    "Þorlákshöfn": [
        -21.38337,
        63.85591
    ],
    "Stykkishólmur": [
        -22.72977,
        65.07537
    ],
    "Selfoss": [
        -20.99712,
        63.93311
    ],
    "Sandgerði": [
        -22.70798,
        64.03762
    ],
    "Reykjavík": [
        -21.89541,
        64.13548
    ],
    "Njarðvík": [
        -22.5145,
        63.9809
    ],
    "Seltjarnarnes": [
        -22,
        64.15
    ],
    "Mosfellsbær": [
        -21.7,
        64.16667
    ],
    "Kópavogur": [
        -21.91298,
        64.11234
    ],
    "Keflavík": [
        -22.56242,
        64.00492
    ],
    "Ísafjörður": [
        -23.124,
        66.07549
    ],
    "Hveragerði": [
        -21.2034,
        64.00411
    ],
    "Hafnarfjörður": [
        -21.93774,
        64.0671
    ],
    "Grindavík": [
        -22.43931,
        63.83849
    ],
    "Garðabær": [
        -21.92298,
        64.08865
    ],
    "Álftanes": [
        -22.01667,
        64.1
    ],
    "Borgarnes": [
        -21.92064,
        64.53834
    ],
    "Akranes": [
        -22.0749,
        64.32179
    ],
    "Egilsstaðir": [
        -14.39484,
        65.26533
    ]
}