{
    "Yallahs": [
        -76.56245,
        17.8748
    ],
    "Williamsfield": [
        -77.46667,
        18.06667
    ],
    "Wakefield": [
        -77.72183,
        18.41211
    ],
    "Ulster Spring": [
        -77.52067,
        18.31482
    ],
    "Trinity Ville": [
        -76.51427,
        17.96076
    ],
    "Stony Hill": [
        -76.79109,
        18.07537
    ],
    "Spanish Town": [
        -76.95742,
        17.99107
    ],
    "Southfield": [
        -77.66713,
        17.8878
    ],
    "Siloah": [
        -77.70348,
        18.16709
    ],
    "Seaforth": [
        -76.4573,
        17.93578
    ],
    "Savanna-la-Mar": [
        -78.1332,
        18.21895
    ],
    "Santa Cruz": [
        -77.69836,
        18.05336
    ],
    "Sandy Bay": [
        -78.07321,
        18.44854
    ],
    "Saint Ann’s Bay": [
        -77.20098,
        18.43581
    ],
    "Runaway Bay": [
        -77.3357,
        18.45962
    ],
    "Rocky Point": [
        -77.26107,
        17.774
    ],
    "Riversdale": [
        -76.96417,
        18.16586
    ],
    "Richmond": [
        -76.89078,
        18.2439
    ],
    "Race Course": [
        -77.28223,
        17.84019
    ],
    "Porus": [
        -77.41166,
        18.03535
    ],
    "Port Royal": [
        -76.84081,
        17.93712
    ],
    "Portmore": [
        -76.86722,
        17.97024
    ],
    "Port Maria": [
        -76.88946,
        18.36849
    ],
    "Port Antonio": [
        -76.46121,
        18.17998
    ],
    "Point Hill": [
        -77.10759,
        18.08988
    ],
    "Petersfield": [
        -78.07117,
        18.26158
    ],
    "Oracabessa": [
        -76.94641,
        18.40319
    ],
    "Old Harbour Bay": [
        -77.09718,
        17.90918
    ],
    "Old Harbour": [
        -77.10898,
        17.94144
    ],
    "Ocho Rios": [
        -77.1048,
        18.4025
    ],
    "New Kingston": [
        -76.78319,
        18.00747
    ],
    "Negril": [
        -78.3518,
        18.27818
    ],
    "Nain": [
        -77.59868,
        17.9612
    ],
    "Morant Bay": [
        -76.40927,
        17.88145
    ],
    "Moore Town": [
        -76.42577,
        18.07767
    ],
    "Montego Bay": [
        -77.91883,
        18.47116
    ],
    "Moneague": [
        -77.11177,
        18.27556
    ],
    "Mona Heights": [
        -76.75186,
        18.01375
    ],
    "May Pen": [
        -77.24515,
        17.96454
    ],
    "Mavis Bank": [
        -76.66667,
        18.03333
    ],
    "Maroon Town": [
        -77.79544,
        18.34464
    ],
    "Mandeville": [
        -77.50714,
        18.04168
    ],
    "Manchioneal": [
        -76.28265,
        18.03969
    ],
    "Malvern": [
        -77.70108,
        17.97291
    ],
    "Maggotty": [
        -77.76349,
        18.16069
    ],
    "Lucea": [
        -78.17356,
        18.45095
    ],
    "Lluidas Vale": [
        -77.14764,
        18.12784
    ],
    "Lionel Town": [
        -77.24061,
        17.81007
    ],
    "Linstead": [
        -77.03171,
        18.13683
    ],
    "Lacovia": [
        -77.75478,
        18.075
    ],
    "Kingston": [
        -76.79358,
        17.99702
    ],
    "Kellits": [
        -77.23333,
        18.15
    ],
    "Islington": [
        -76.85482,
        18.30922
    ],
    "Hope Bay": [
        -76.56288,
        18.20195
    ],
    "Hayes": [
        -77.23711,
        17.87569
    ],
    "Half Way Tree": [
        -76.79928,
        18.01248
    ],
    "Gordon Town": [
        -76.71782,
        18.03578
    ],
    "Golden Grove": [
        -76.27254,
        17.93362
    ],
    "Gayle": [
        -77.00971,
        18.32642
    ],
    "Falmouth": [
        -77.65587,
        18.49358
    ],
    "Ewarton": [
        -77.07664,
        18.18084
    ],
    "Easington": [
        -76.58824,
        17.92397
    ],
    "Duncans": [
        -77.53633,
        18.468
    ],
    "Discovery Bay": [
        -77.39245,
        18.45986
    ],
    "Darliston": [
        -77.97626,
        18.23731
    ],
    "Dalvey": [
        -76.24864,
        17.91184
    ],
    "Constant Spring": [
        -76.79372,
        18.05078
    ],
    "Coleyville": [
        -77.50754,
        18.20783
    ],
    "Chapelton": [
        -77.26667,
        18.08333
    ],
    "Cascade": [
        -78.10338,
        18.39747
    ],
    "Cambridge": [
        -77.90252,
        18.31326
    ],
    "Bull Savanna": [
        -77.59022,
        17.88678
    ],
    "Buff Bay": [
        -76.66118,
        18.23288
    ],
    "Bog Walk": [
        -77.00541,
        18.10205
    ],
    "Bluefields": [
        -78.02702,
        18.16602
    ],
    "Black River": [
        -77.84873,
        18.02636
    ],
    "Bethel Town": [
        -77.95112,
        18.29504
    ],
    "Bath": [
        -76.34916,
        17.9482
    ],
    "Bamboo": [
        -77.26429,
        18.39216
    ],
    "Balaclava": [
        -77.64375,
        18.17228
    ],
    "Annotto Bay": [
        -76.76523,
        18.2717
    ],
    "Anchovy": [
        -77.93166,
        18.4103
    ],
    "Alligator Pond": [
        -77.56667,
        17.87002
    ],
    "Alexandria": [
        -77.35335,
        18.30768
    ],
    "Albert Town": [
        -77.54239,
        18.29434
    ],
    "Limit": [
        -77.47121,
        18.15287
    ]
}