{
    "Zaḩar": [
        35.7775,
        32.56667
    ],
    "Yarqā": [
        35.69473,
        31.97845
    ],
    "Waqqāş": [
        35.60533,
        32.5427
    ],
    "Petra": [
        35.47933,
        30.32221
    ],
    "Wādī as Sīr": [
        35.81979,
        31.95126
    ],
    "Umm Qays": [
        35.6854,
        32.65348
    ],
    "Umm as Summāq": [
        35.8543,
        31.88542
    ],
    "Umm al Qiţţayn": [
        36.62944,
        32.31563
    ],
    "Tibnah": [
        35.72844,
        32.47555
    ],
    "Sūf": [
        35.83713,
        32.31372
    ],
    "Şammā": [
        35.69025,
        32.57103
    ],
    "Sāl": [
        35.91194,
        32.56944
    ],
    "Sākib": [
        35.80946,
        32.2833
    ],
    "Şakhrah": [
        35.84656,
        32.36805
    ],
    "Saḩam": [
        35.77611,
        32.69833
    ],
    "Saḩāb": [
        36.00501,
        31.87207
    ],
    "Şabḩā": [
        36.50098,
        32.32965
    ],
    "Raymūn": [
        35.82532,
        32.28339
    ],
    "Qumaym": [
        35.73269,
        32.57134
    ],
    "Qafqafā": [
        35.9395,
        32.34831
    ],
    "Malkā": [
        35.75013,
        32.67381
    ],
    "Mādabā": [
        35.8,
        31.71667
    ],
    "Ma‘ān": [
        35.73405,
        30.19624
    ],
    "Kurayyimah": [
        35.59938,
        32.27639
    ],
    "Kitim": [
        35.89563,
        32.43832
    ],
    "Kharjā": [
        35.88697,
        32.65873
    ],
    "Kafr Sawm": [
        35.8,
        32.68333
    ],
    "Kafr Asad": [
        35.7124,
        32.59828
    ],
    "Kafr Abīl": [
        35.66938,
        32.41755
    ],
    "Judita": [
        35.70802,
        32.40792
    ],
    "Jāwā": [
        35.93928,
        31.85247
    ],
    "Jarash": [
        35.89929,
        32.28082
    ],
    "‘Izrā": [
        35.69278,
        31.15889
    ],
    "Irbid": [
        35.85,
        32.55556
    ],
    "Ḩātim": [
        35.77722,
        32.64519
    ],
    "Ḩalāwah": [
        35.66147,
        32.38464
    ],
    "Ḩakamā": [
        35.88411,
        32.59445
    ],
    "Dayr Yūsuf": [
        35.79873,
        32.49116
    ],
    "Buşayrā": [
        35.60775,
        30.7376
    ],
    "Burmā": [
        35.78394,
        32.2199
    ],
    "Bayt Yāfā": [
        35.7883,
        32.51737
    ],
    "Bayt Īdis": [
        35.69836,
        32.4376
    ],
    "Balīlā": [
        35.93505,
        32.38806
    ],
    "Zarqa": [
        36.08796,
        32.07275
    ],
    "Al Azraq ash Shamālī": [
        36.83113,
        31.8801
    ],
    "‘Ayy": [
        35.64083,
        31.13333
    ],
    "‘Ayn Jannā": [
        35.76189,
        32.33529
    ],
    "Aydūn": [
        35.8575,
        32.50722
    ],
    "Aţ Ţurrah": [
        35.99194,
        32.64139
    ],
    "Aţ Ţayyibah": [
        35.45997,
        30.25661
    ],
    "Aţ Ţafīlah": [
        35.60442,
        30.83752
    ],
    "As Salţ": [
        35.72722,
        32.03917
    ],
    "Safi": [
        35.46544,
        31.03608
    ],
    "Ash Shajarah": [
        35.94097,
        32.64456
    ],
    "Ar Ramthā": [
        36.00694,
        32.55917
    ],
    "Ar Rabbah": [
        35.73829,
        31.26923
    ],
    "‘Anjarah": [
        35.75653,
        32.3063
    ],
    "Amman": [
        35.94503,
        31.95522
    ],
    "Al Quwaysimah": [
        35.95,
        31.9167
    ],
    "Al Quwayrah": [
        35.3116,
        29.80045
    ],
    "Al Qaşr": [
        35.745,
        31.31444
    ],
    "Al Mazār": [
        35.69611,
        31.06556
    ],
    "Al Mafraq": [
        36.20804,
        32.34289
    ],
    "Al Kittah": [
        35.84114,
        32.27685
    ],
    "Al Karāmah": [
        35.57917,
        31.95222
    ],
    "Qīr Moāv": [
        35.69999,
        31.18248
    ],
    "Al Jubayhah": [
        35.86458,
        32.02581
    ],
    "Al Jīzah": [
        35.95721,
        31.69968
    ],
    "Al Jafr": [
        36.21215,
        30.29456
    ],
    "Al Ḩamrā’": [
        36.15121,
        32.44061
    ],
    "Al Bunayyāt ash Shamālīyah": [
        35.89314,
        31.89299
    ],
    "Aqaba": [
        35.00778,
        29.52667
    ],
    "‘Ajlūn": [
        35.75238,
        32.33385
    ],
    "Adir": [
        35.76155,
        31.20217
    ],
    "Karak City": [
        35.76204,
        31.16368
    ],
    "Russeifa": [
        36.04639,
        32.01778
    ]
}