{
    "Yala": [
        34.53757,
        0.09906
    ],
    "Wundanyi": [
        38.36402,
        -3.40193
    ],
    "Wote": [
        37.62882,
        -1.78079
    ],
    "Witu": [
        40.43821,
        -2.38886
    ],
    "Webuye": [
        34.76966,
        0.60751
    ],
    "Wajir": [
        40.05732,
        1.7471
    ],
    "Voi": [
        38.55609,
        -3.39605
    ],
    "Thika": [
        37.06933,
        -1.03326
    ],
    "Tharaka": [
        38.02691,
        -0.30861
    ],
    "Taveta": [
        37.68336,
        -3.39879
    ],
    "Takaungu": [
        39.85662,
        -3.68367
    ],
    "Sotik": [
        35.11871,
        -0.68333
    ],
    "Shimoni": [
        39.38175,
        -4.64756
    ],
    "Sawa Sawa": [
        39.48463,
        -4.47166
    ],
    "Sagana": [
        37.2,
        -0.66667
    ],
    "Rumuruti": [
        36.53886,
        0.26699
    ],
    "Rongai": [
        35.86382,
        -0.17333
    ],
    "Pumwani": [
        36.85,
        -1.28333
    ],
    "Oyugis": [
        34.73583,
        -0.50898
    ],
    "Othaya": [
        36.96091,
        -0.56516
    ],
    "Ogembo": [
        34.72531,
        -0.7984
    ],
    "Nyeri": [
        36.94759,
        -0.42013
    ],
    "Nyahururu": [
        36.36734,
        0.0421
    ],
    "Ngong": [
        36.6566,
        -1.36175
    ],
    "Naro Moru": [
        37.02129,
        -0.16756
    ],
    "Narok": [
        35.86012,
        -1.07829
    ],
    "Nanyuki": [
        37.07283,
        0.01667
    ],
    "Nandi Hills": [
        35.18378,
        0.1066
    ],
    "Nambale": [
        34.25194,
        0.44594
    ],
    "Namanga": [
        36.79053,
        -2.54327
    ],
    "Nakuru": [
        36.06667,
        -0.28333
    ],
    "Naivasha": [
        36.43591,
        -0.71667
    ],
    "Nairobi": [
        36.81667,
        -1.28333
    ],
    "Mwingi": [
        38.06005,
        -0.93435
    ],
    "Murang’a": [
        37.15,
        -0.71667
    ],
    "Mumias": [
        34.4864,
        0.33511
    ],
    "Muhoroni": [
        35.19878,
        -0.15406
    ],
    "Mtito Andei": [
        38.16631,
        -2.69009
    ],
    "Moyale": [
        39.05472,
        3.5216
    ],
    "Mombasa": [
        39.66359,
        -4.05466
    ],
    "Molo": [
        35.73743,
        -0.2479
    ],
    "Migori": [
        34.47313,
        -1.06344
    ],
    "Meru": [
        37.65587,
        0.04626
    ],
    "Mbale": [
        38.38333,
        -3.4
    ],
    "Maua": [
        37.94052,
        0.23206
    ],
    "Marsabit": [
        37.98986,
        2.32839
    ],
    "Mariakani": [
        39.47362,
        -3.86332
    ],
    "Maralal": [
        36.69799,
        1.09679
    ],
    "Maragua": [
        37.13333,
        -0.78333
    ],
    "Mandera": [
        41.85688,
        3.93726
    ],
    "Malindi": [
        40.11692,
        -3.21799
    ],
    "Malikisi": [
        34.42167,
        0.67694
    ],
    "Malaba": [
        34.2756,
        0.63457
    ],
    "Makueni": [
        37.62034,
        -1.80409
    ],
    "Magadi": [
        36.287,
        -1.90122
    ],
    "Machakos": [
        37.26667,
        -1.51667
    ],
    "Kipkelion": [
        35.46847,
        -0.19675
    ],
    "Lugulu": [
        34.30528,
        0.39361
    ],
    "Luanda": [
        34.06459,
        0.29668
    ],
    "Londiani": [
        35.59086,
        -0.16496
    ],
    "Lodwar": [
        35.59727,
        3.11911
    ],
    "Litein": [
        35.19029,
        -0.58226
    ],
    "Limuru": [
        36.65,
        -1.1
    ],
    "Lamu": [
        40.90201,
        -2.27169
    ],
    "Kwale": [
        39.45206,
        -4.17375
    ],
    "Konza": [
        37.12941,
        -1.7426
    ],
    "Kitui": [
        38.01056,
        -1.36696
    ],
    "Kitale": [
        35.00622,
        1.01572
    ],
    "Kisumu": [
        34.76171,
        -0.10221
    ],
    "Kisii": [
        34.76666,
        -0.68174
    ],
    "Kipini": [
        40.5262,
        -2.52565
    ],
    "Kinango": [
        39.31528,
        -4.13723
    ],
    "Kihancha": [
        34.62616,
        -1.18376
    ],
    "Kilifi": [
        39.84992,
        -3.63045
    ],
    "Kikuyu": [
        36.66328,
        -1.24576
    ],
    "Kijabe": [
        36.57581,
        -0.93304
    ],
    "Kiambu": [
        36.83333,
        -1.16667
    ],
    "Keruguya": [
        37.28031,
        -0.49886
    ],
    "Keroka": [
        34.94531,
        -0.77584
    ],
    "Kericho": [
        35.28314,
        -0.36774
    ],
    "Karuri": [
        37.18333,
        -0.7
    ],
    "Kapsowar": [
        35.56145,
        0.98119
    ],
    "Kapsabet": [
        35.105,
        0.20387
    ],
    "Kapenguria": [
        35.11667,
        1.23333
    ],
    "Kangundo": [
        37.34705,
        -1.29792
    ],
    "Kangema": [
        36.96667,
        -0.68333
    ],
    "Kakamega": [
        34.75228,
        0.28422
    ],
    "Kajiado": [
        36.77683,
        -1.85238
    ],
    "Kabarnet": [
        35.74303,
        0.49194
    ],
    "Isiolo": [
        37.58218,
        0.35462
    ],
    "Homa Bay": [
        34.45714,
        -0.52731
    ],
    "Hola": [
        40.03341,
        -1.48256
    ],
    "Gazi": [
        39.50588,
        -4.42402
    ],
    "Garissa": [
        39.64601,
        -0.45275
    ],
    "Embu": [
        37.4506,
        -0.53112
    ],
    "Eldoret": [
        35.26992,
        0.52036
    ],
    "Eldama Ravine": [
        35.73078,
        0.05158
    ],
    "Chuka": [
        37.64588,
        -0.33316
    ],
    "Chepareria": [
        35.2039,
        1.30774
    ],
    "Butere": [
        34.49348,
        0.20636
    ],
    "Busia": [
        34.11169,
        0.46005
    ],
    "Port Bunyala": [
        33.97559,
        0.09388
    ],
    "Bungoma": [
        34.58333,
        0.58333
    ],
    "Bondo": [
        34.26944,
        0.23861
    ],
    "Bomet": [
        35.34156,
        -0.78129
    ],
    "Baringo": [
        35.96667,
        0.46667
    ],
    "Athi River": [
        36.97826,
        -1.4563
    ],
    "Ahero": [
        34.9163,
        -0.17462
    ],
    "Siaya": [
        34.28823,
        0.06116
    ],
    "Ol Kalou": [
        36.37917,
        -0.27088
    ],
    "Nyamira": [
        34.967,
        -0.648
    ]
}