{
    "Sulyukta": [
        69.56779,
        39.93652
    ],
    "Khaydarkan": [
        71.34184,
        39.94319
    ],
    "Isfana": [
        69.5276,
        39.83895
    ],
    "Balykchy": [
        76.18709,
        42.46017
    ],
    "Tyup": [
        78.36476,
        42.7276
    ],
    "Tokmok": [
        75.30149,
        42.84194
    ],
    "Teploklyuchenka": [
        78.52702,
        42.49948
    ],
    "Tash-Kumyr": [
        72.21708,
        41.34612
    ],
    "Talas": [
        72.65678,
        42.35473
    ],
    "Suzak": [
        72.90482,
        40.8982
    ],
    "Chuy": [
        75.28233,
        42.81973
    ],
    "Sosnovka": [
        73.90572,
        42.63699
    ],
    "Sokuluk": [
        74.30257,
        42.85401
    ],
    "Pokrovka": [
        78.00644,
        42.34211
    ],
    "Uzgen": [
        73.30068,
        40.76994
    ],
    "Osh": [
        72.80826,
        40.51506
    ],
    "Naryn": [
        75.99111,
        41.42866
    ],
    "Leninpol’": [
        71.9236,
        42.49298
    ],
    "Massy": [
        72.63748,
        41.064
    ],
    "Lebedinovka": [
        74.67819,
        42.88454
    ],
    "Kyzyl-Kyya": [
        72.12793,
        40.25684
    ],
    "Kochkor": [
        75.75659,
        42.21552
    ],
    "Kirovskoye": [
        71.5891,
        42.61981
    ],
    "Kazarman": [
        74.02828,
        41.40452
    ],
    "Karavan": [
        72.18627,
        40.29513
    ],
    "Kara Suu": [
        72.86666,
        40.7046
    ],
    "Karakol": [
        78.39362,
        42.49068
    ],
    "Kara-Balta": [
        73.84813,
        42.81423
    ],
    "Kanysh-Kyya": [
        71.09181,
        41.76536
    ],
    "Kant": [
        74.85077,
        42.89106
    ],
    "Kaindy": [
        73.67585,
        42.82469
    ],
    "Kadzhi-Say": [
        77.17848,
        42.14107
    ],
    "Jalal-Abad": [
        73,
        40.93333
    ],
    "Ivanovka": [
        75.085,
        42.88778
    ],
    "Ivanovo-Alekseyevka": [
        72.20921,
        42.54688
    ],
    "Iradan": [
        72.1,
        40.26667
    ],
    "Gul’cha": [
        73.44418,
        40.3138
    ],
    "Cholpon-Ata": [
        77.08225,
        42.64944
    ],
    "Chayek": [
        74.51699,
        41.92768
    ],
    "Bystrovka": [
        75.68917,
        42.78458
    ],
    "Bokombayevskoye": [
        76.99332,
        42.11768
    ],
    "Bishkek": [
        74.59,
        42.87
    ],
    "Belovodskoye": [
        74.1083,
        42.82944
    ],
    "Bazar-Korgon": [
        72.74586,
        41.0376
    ],
    "Batken": [
        70.81939,
        40.06259
    ],
    "Baetov": [
        74.95698,
        41.26668
    ],
    "At-Bashi": [
        75.81058,
        41.17017
    ],
    "Aravan": [
        72.4996,
        40.51608
    ],
    "Ala-Buka": [
        71.48628,
        41.4105
    ],
    "Toktogul": [
        72.9402,
        41.87079
    ],
    "Üch-Terek": [
        73.20032,
        41.76222
    ],
    "Kara-Kulja": [
        73.59249,
        40.63223
    ]
}