{
    "Phnom Penh": [
        104.91601,
        11.56245
    ],
    "Ta Khmau": [
        104.95,
        11.48333
    ],
    "Takeo": [
        104.78498,
        10.99081
    ],
    "Svay Rieng": [
        105.79935,
        11.08785
    ],
    "Stung Treng": [
        105.9683,
        13.52586
    ],
    "Sisŏphŏn": [
        102.97369,
        13.58588
    ],
    "Siem Reap": [
        103.86056,
        13.36179
    ],
    "Sênmônoŭrôm": [
        107.18811,
        12.45583
    ],
    "Prey Veng": [
        105.32533,
        11.48682
    ],
    "Pursat": [
        103.9192,
        12.53878
    ],
    "Phumĭ Véal Srê": [
        104.77828,
        10.98081
    ],
    "Sâmraông": [
        103.51761,
        14.18175
    ],
    "Tbêng Méanchey": [
        104.98046,
        13.80732
    ],
    "Paôy Pêt": [
        102.5625,
        13.65611
    ],
    "Pailin": [
        102.60928,
        12.84895
    ],
    "Lumphăt": [
        106.98158,
        13.48784
    ],
    "Krong Kep": [
        104.31672,
        10.4829
    ],
    "Koh Kong": [
        102.9838,
        11.61531
    ],
    "Kratié": [
        106.01879,
        12.48811
    ],
    "Kampot": [
        104.18145,
        10.61041
    ],
    "Kampong Thom": [
        104.88873,
        12.71112
    ],
    "Kampong Speu": [
        104.52085,
        11.45332
    ],
    "Sihanoukville": [
        103.52958,
        10.60932
    ],
    "Kampong Chhnang": [
        104.66667,
        12.25
    ],
    "Kampong Cham": [
        105.4635,
        11.99339
    ],
    "Ban Lŭng": [
        106.98727,
        13.73939
    ],
    "Battambang": [
        103.19822,
        13.10271
    ]
}