{
    "Teaoraereke Village": [
        173.01162,
        1.33309
    ],
    "Rawannawi Village": [
        173.26354,
        2.05379
    ],
    "Buota Village": [
        173.13082,
        1.39078
    ],
    "Betio Village": [
        172.92105,
        1.35797
    ],
    "Banraeaba Village": [
        173.03464,
        1.3454
    ],
    "Tarawa": [
        172.97696,
        1.3278
    ],
    "Napari Village": [
        -159.38832,
        3.90806
    ],
    "London Village": [
        -157.47502,
        1.98487
    ],
    "Tabwakea Village": [
        -157.48773,
        2.01643
    ],
    "Banana Village": [
        -157.36526,
        1.98329
    ],
    "Makin Village": [
        172.98352,
        3.3644
    ],
    "Bairiki Village": [
        172.97522,
        1.32924
    ],
    "Ambo Village": [
        173.04259,
        1.35317
    ],
    "Bonriki Village": [
        173.13887,
        1.38081
    ],
    "Temaiku Village": [
        173.16226,
        1.36292
    ],
    "Nawerewere Village": [
        173.13935,
        1.36362
    ],
    "Bikenibeu Village": [
        173.12415,
        1.3673
    ],
    "Eita Village": [
        173.08113,
        1.36154
    ]
}