{
    "Ouanani": [
        43.7975,
        -12.3375
    ],
    "Vouani": [
        44.37444,
        -12.24417
    ],
    "Vanambouani": [
        43.25306,
        -11.61139
    ],
    "Singani": [
        43.30917,
        -11.84556
    ],
    "Sima": [
        44.27667,
        -12.19556
    ],
    "Salimani": [
        43.25917,
        -11.80806
    ],
    "Patsi": [
        44.43722,
        -12.15556
    ],
    "Ouzini": [
        44.47972,
        -12.26722
    ],
    "Oussivo": [
        43.26722,
        -11.585
    ],
    "Ourovéni": [
        43.48861,
        -11.90972
    ],
    "Ouani": [
        44.42493,
        -12.13554
    ],
    "Ongoni": [
        44.50694,
        -12.17028
    ],
    "Ntsoudjini": [
        43.26139,
        -11.65972
    ],
    "Ntsaouéni": [
        43.26278,
        -11.46583
    ],
    "Nioumachoua": [
        43.71528,
        -12.36139
    ],
    "Kyo": [
        44.51917,
        -12.33222
    ],
    "Moutsamoudou": [
        44.39944,
        -12.16672
    ],
    "Mtsamdou": [
        43.38056,
        -11.60694
    ],
    "Mrémani": [
        44.49861,
        -12.30833
    ],
    "Mramani": [
        44.52861,
        -12.34639
    ],
    "Moya": [
        44.43778,
        -12.30667
    ],
    "Moroni": [
        43.25506,
        -11.70216
    ],
    "Mohoro": [
        43.44611,
        -11.82583
    ],
    "Mjimandra": [
        44.37028,
        -12.19167
    ],
    "Mjamaoué": [
        44.31,
        -12.19361
    ],
    "Mitsamiouli": [
        43.28444,
        -11.38472
    ],
    "Mbéni": [
        43.3775,
        -11.50139
    ],
    "Maraharé": [
        44.31333,
        -12.23083
    ],
    "Koni-Djodjo": [
        44.48167,
        -12.22972
    ],
    "Koni-Ngani": [
        44.48,
        -12.21583
    ],
    "Koki": [
        44.44167,
        -12.17139
    ],
    "Kangani": [
        44.47472,
        -12.31167
    ],
    "Ivouani": [
        43.38639,
        -11.3875
    ],
    "Itsandra": [
        43.25472,
        -11.67111
    ],
    "Héroumbili": [
        43.37972,
        -11.54389
    ],
    "Hoani": [
        43.67472,
        -12.25083
    ],
    "Foumbouni": [
        43.48417,
        -11.86167
    ],
    "Fomboni": [
        43.7425,
        -12.28
    ],
    "Dziani": [
        44.48333,
        -12.18333
    ],
    "Domoni": [
        44.53194,
        -12.25694
    ],
    "Djoyézi": [
        43.77333,
        -12.2975
    ],
    "Dembéni": [
        43.39778,
        -11.87361
    ],
    "Chironkamba": [
        44.3525,
        -12.19111
    ],
    "Chindini": [
        43.48111,
        -11.92083
    ],
    "Chezani": [
        43.3875,
        -11.42806
    ],
    "Chandra": [
        44.46472,
        -12.195
    ],
    "Bouni": [
        43.38833,
        -11.48694
    ],
    "Boungouéni": [
        44.29944,
        -12.20556
    ],
    "Bimbini": [
        44.23556,
        -12.18833
    ],
    "Assimpao": [
        44.31972,
        -12.23306
    ],
    "Antsahé": [
        44.5225,
        -12.35639
    ],
    "Mtakoudja": [
        43.70361,
        -12.26111
    ],
    "Ziroudani": [
        43.7775,
        -12.3325
    ],
    "Kavani": [
        44.26944,
        -12.19194
    ],
    "Bandajou": [
        44.28694,
        -12.19167
    ],
    "Chitrouni": [
        44.33556,
        -12.18583
    ],
    "Hajoho": [
        44.48833,
        -12.1175
    ],
    "Barakani": [
        44.43026,
        -12.13861
    ],
    "Harembo": [
        44.49833,
        -12.14361
    ],
    "Mirontsi": [
        44.40806,
        -12.15667
    ],
    "Pajé": [
        44.38806,
        -12.16972
    ],
    "Limbi": [
        44.50528,
        -12.23944
    ],
    "Lingoni": [
        44.41833,
        -12.25583
    ],
    "Magnassini-Nindri": [
        44.41583,
        -12.27806
    ],
    "Adda-Douéni": [
        44.49722,
        -12.2925
    ],
    "Daji": [
        44.48861,
        -12.32583
    ],
    "Ouhozi": [
        43.28222,
        -11.405
    ],
    "Mandza": [
        43.29528,
        -11.41806
    ],
    "Douniani": [
        43.28889,
        -11.42111
    ],
    "Koua": [
        43.27639,
        -11.42083
    ],
    "Hantsindzi": [
        43.40222,
        -11.42917
    ],
    "Itsandzéni": [
        43.38444,
        -11.47278
    ],
    "Bambadjani": [
        43.37722,
        -11.47861
    ],
    "Mnoungou": [
        43.37389,
        -11.51778
    ],
    "Vanadjou": [
        43.27611,
        -11.6075
    ],
    "Bahani": [
        43.28417,
        -11.63972
    ],
    "Ouella": [
        43.28056,
        -11.65361
    ],
    "Tsidjé": [
        43.26194,
        -11.69806
    ],
    "Mvouni": [
        43.26472,
        -11.71611
    ],
    "Mavingouni": [
        43.2525,
        -11.71639
    ],
    "Séléa": [
        43.26083,
        -11.78444
    ],
    "Madjeouéni": [
        43.27806,
        -11.82167
    ],
    "Nioumamilima": [
        43.43722,
        -11.85111
    ],
    "Mkiriwadjumoi": [
        44.43702,
        -12.31086
    ]
}