{
    "Trinity": [
        -62.76667,
        17.3
    ],
    "Sandy Point Town": [
        -62.83333,
        17.35
    ],
    "Saint Paul’s": [
        -62.81667,
        17.4
    ],
    "Nicola Town": [
        -62.75,
        17.36667
    ],
    "Newcastle": [
        -62.58333,
        17.2
    ],
    "Monkey Hill": [
        -62.71667,
        17.31667
    ],
    "Middle Island": [
        -62.81667,
        17.31667
    ],
    "Market Shop": [
        -62.56667,
        17.11667
    ],
    "Fig Tree": [
        -62.6,
        17.11667
    ],
    "Dieppe Bay Town": [
        -62.81528,
        17.41297
    ],
    "Cotton Ground": [
        -62.61667,
        17.16667
    ],
    "Charlestown": [
        -62.61667,
        17.13333
    ],
    "Cayon": [
        -62.73333,
        17.35
    ],
    "Basseterre": [
        -62.7261,
        17.29484
    ]
}