{
    "Yonggang-ŭp": [
        125.42444,
        38.85611
    ],
    "Yŏngbyŏn": [
        125.80417,
        39.81333
    ],
    "Yŏnan-ŭp": [
        126.16111,
        37.90889
    ],
    "Yŏmju-ŭp": [
        124.59806,
        39.89333
    ],
    "Wŏnsan": [
        127.44361,
        39.15278
    ],
    "T’ongch’ŏn-ŭp": [
        127.89167,
        38.95389
    ],
    "Sŭngho 1-tong": [
        125.97778,
        38.99139
    ],
    "Sunan": [
        125.69,
        39.19833
    ],
    "Songnim": [
        125.645,
        38.75417
    ],
    "Sil-li": [
        125.47361,
        39.49472
    ],
    "Sinmak": [
        126.23333,
        38.41667
    ],
    "Sinanju": [
        125.60972,
        39.59806
    ],
    "Sariwŏn": [
        125.75583,
        38.50722
    ],
    "Sangsŏng-ni": [
        126.88556,
        39.16944
    ],
    "Samho-rodongjagu": [
        127.87111,
        39.9475
    ],
    "Pyongyang": [
        125.75432,
        39.03385
    ],
    "P’yŏngsŏng": [
        125.87194,
        39.24639
    ],
    "Pyŏksŏng-ŭp": [
        125.55667,
        38.0475
    ],
    "Panghyŏn-dong": [
        125.24139,
        39.88722
    ],
    "Ongjin": [
        125.36194,
        37.93472
    ],
    "Namp’o": [
        125.40778,
        38.7375
    ],
    "Kwaksan": [
        125.08278,
        39.6875
    ],
    "Kusŏng": [
        125.24472,
        39.98111
    ],
    "Kujang-ŭp": [
        126.03028,
        39.86722
    ],
    "Kowŏn-ŭp": [
        127.24306,
        39.43806
    ],
    "Kosan": [
        127.41806,
        38.85583
    ],
    "Koksan": [
        126.66639,
        38.78194
    ],
    "Kangdong-ŭp": [
        126.09611,
        39.1425
    ],
    "Kaesŏng": [
        126.55444,
        37.97083
    ],
    "Hwangju-ŭp": [
        125.77611,
        38.67028
    ],
    "Hŭngnam": [
        127.61861,
        39.83167
    ],
    "Hŭkkyo-ri": [
        125.79194,
        38.79861
    ],
    "Hoeyang": [
        127.59833,
        38.71028
    ],
    "Hamhŭng": [
        127.53639,
        39.91833
    ],
    "Haeju": [
        125.71472,
        38.04056
    ],
    "Chunghwa": [
        125.8,
        38.86389
    ],
    "Chŏngju": [
        125.21028,
        39.69333
    ],
    "Changyŏn": [
        125.09611,
        38.25083
    ],
    "Chaeryŏng-ŭp": [
        125.61556,
        38.39917
    ],
    "Ayang-ni": [
        125.78,
        38.24306
    ],
    "Anju": [
        125.66472,
        39.61778
    ],
    "Anbyŏn-ŭp": [
        127.52389,
        39.0425
    ],
    "Anak": [
        125.49417,
        38.51083
    ],
    "Sinsang-ni": [
        127.40583,
        39.65028
    ],
    "Yuktae-dong": [
        128.15972,
        40.02472
    ],
    "Ungsang-nodongjagu": [
        130.46222,
        42.35778
    ],
    "Ŭiju": [
        124.53167,
        40.19944
    ],
    "Ŭijin-dong": [
        126.49584,
        40.97518
    ],
    "Sŭngam-nodongjagu": [
        129.66889,
        41.66972
    ],
    "Sŏnbong": [
        130.39667,
        42.34222
    ],
    "Sinŭiju": [
        124.39806,
        40.10056
    ],
    "Sakchu-ŭp": [
        125.04667,
        40.38944
    ],
    "Puryŏng": [
        129.71167,
        42.06056
    ],
    "Pukchil-lodongjagu": [
        125.74833,
        40.20194
    ],
    "Yŏnggwang-ŭp": [
        127.45472,
        40.01833
    ],
    "Onsŏng": [
        129.99333,
        42.95722
    ],
    "Nanam": [
        129.68444,
        41.71361
    ],
    "Namyang-dong": [
        129.86667,
        42.95
    ],
    "Najin": [
        130.30028,
        42.24889
    ],
    "Musan-ŭp": [
        129.20776,
        42.22609
    ],
    "Kyŏngwŏn": [
        130.15278,
        42.81361
    ],
    "Kyŏngsŏng": [
        129.60611,
        41.58778
    ],
    "Kimch’aek-si": [
        129.18972,
        40.66889
    ],
    "Kilju": [
        129.32778,
        40.96417
    ],
    "Kapsan-ŭp": [
        128.29333,
        41.09028
    ],
    "Kanggye-si": [
        126.58523,
        40.96946
    ],
    "Iwŏn-ŭp": [
        128.65528,
        40.32306
    ],
    "Hyesan-dong": [
        128.17873,
        41.39756
    ],
    "Hyesan-si": [
        128.17778,
        41.40167
    ],
    "Hŭngju-dong": [
        126.54756,
        40.99629
    ],
    "Hongwŏn": [
        127.95583,
        40.02528
    ],
    "Hoeryŏng": [
        129.75083,
        42.44278
    ],
    "Hoemul-li": [
        129.67,
        41.43389
    ],
    "Hau-ri": [
        129.47028,
        41.20056
    ],
    "Chongjin": [
        129.77583,
        41.79556
    ],
    "Chasŏng": [
        126.64139,
        41.46083
    ],
    "Aoji-ri": [
        130.39528,
        42.52056
    ],
    "Sŭngjibaegam": [
        128.79889,
        41.24278
    ],
    "Komusan 1-tong": [
        129.7,
        42.10917
    ]
}