{
    "Heung-hai": [
        129.35222,
        36.1125
    ],
    "Enjitsu": [
        129.345,
        35.99417
    ],
    "Neietsu": [
        128.46821,
        37.18447
    ],
    "Eisen": [
        128.93083,
        35.9675
    ],
    "Reiko": [
        126.50944,
        35.275
    ],
    "Yŏng-dong": [
        127.77639,
        36.175
    ],
    "Yeoju": [
        127.63389,
        37.29583
    ],
    "Yesan": [
        126.84272,
        36.67756
    ],
    "Yangsan": [
        129.03861,
        35.33861
    ],
    "Yangp'yŏng": [
        127.49056,
        37.48972
    ],
    "Yangju": [
        127.06169,
        37.83311
    ],
    "Yanggu": [
        127.98944,
        38.10583
    ],
    "Wŏnju": [
        127.94528,
        37.35139
    ],
    "Wanju": [
        127.14752,
        35.84509
    ],
    "Waegwan": [
        128.39732,
        35.99175
    ],
    "Ulsan": [
        129.31667,
        35.53722
    ],
    "Vijongbu": [
        127.0474,
        37.7415
    ],
    "Tangjin": [
        126.62972,
        36.89444
    ],
    "Taesal-li": [
        126.4542,
        36.9714
    ],
    "Daejeon": [
        127.41972,
        36.32139
    ],
    "Daegu": [
        128.59111,
        35.87028
    ],
    "Taisen-ri": [
        126.59772,
        36.34931
    ],
    "T’aebaek": [
        128.9889,
        37.1759
    ],
    "Suigen": [
        127.00889,
        37.29111
    ],
    "Suncheon": [
        127.48947,
        34.94808
    ],
    "Seoul": [
        126.97783,
        37.56826
    ],
    "Suisan": [
        126.45222,
        36.78167
    ],
    "Jenzan": [
        128.2975,
        36.24083
    ],
    "Songwon": [
        127.13139,
        36.91556
    ],
    "Sogcho": [
        128.59111,
        38.20833
    ],
    "Seogeom-ri": [
        126.23304,
        37.71871
    ],
    "Sintansin": [
        127.43111,
        36.45361
    ],
    "Sangju": [
        128.16056,
        36.41528
    ],
    "Santyoku": [
        129.17083,
        37.44056
    ],
    "Fuyo": [
        126.9125,
        36.28194
    ],
    "Busan": [
        129.04028,
        35.10278
    ],
    "Bucheon": [
        126.78306,
        37.49889
    ],
    "Puan": [
        126.73194,
        35.72806
    ],
    "Beolgyo": [
        127.34293,
        34.84494
    ],
    "Pohang": [
        129.365,
        36.03222
    ],
    "Osan": [
        127.07056,
        37.15222
    ],
    "Asan": [
        127.00417,
        36.78361
    ],
    "Okcheon": [
        127.568,
        36.3012
    ],
    "Kosong": [
        128.4676,
        38.37881
    ],
    "Nonsan": [
        127.08472,
        36.20389
    ],
    "Nangen": [
        127.38583,
        35.41
    ],
    "Naju": [
        126.7175,
        35.02833
    ],
    "Munsan": [
        126.785,
        37.85944
    ],
    "Mungyeong": [
        128.19946,
        36.59458
    ],
    "Muan": [
        126.47899,
        34.99014
    ],
    "Moppo": [
        126.38861,
        34.79361
    ],
    "Miryang": [
        128.74889,
        35.49333
    ],
    "Masan": [
        128.5725,
        35.20806
    ],
    "Keizan": [
        128.73778,
        35.82333
    ],
    "Kyonju": [
        129.21167,
        35.84278
    ],
    "Kwangyang": [
        127.58917,
        34.97528
    ],
    "Kwangju": [
        127.25722,
        37.41
    ],
    "Gwangju": [
        126.91556,
        35.15472
    ],
    "Kurye": [
        127.46444,
        35.20944
    ],
    "Kuri": [
        127.1394,
        37.5986
    ],
    "Kunwi": [
        128.57278,
        36.23472
    ],
    "Kunsan": [
        126.71139,
        35.97861
    ],
    "Kinzan": [
        127.48889,
        36.10306
    ],
    "Gumi": [
        128.336,
        36.1136
    ],
    "Goyang": [
        126.835,
        37.65639
    ],
    "Goseong": [
        128.32361,
        34.97631
    ],
    "Kongju": [
        127.12472,
        36.45556
    ],
    "Kyosai": [
        128.58861,
        34.85028
    ],
    "Koesan": [
        127.79472,
        36.81083
    ],
    "Koch'ang": [
        126.7,
        35.43333
    ],
    "Kimje": [
        126.88889,
        35.80167
    ],
    "Kimhae": [
        128.88111,
        35.23417
    ],
    "Gimcheon": [
        128.11981,
        36.12176
    ],
    "Kijang": [
        129.21389,
        35.24417
    ],
    "Gapyeong": [
        127.51059,
        37.83101
    ],
    "Kang-neung": [
        128.89611,
        37.75556
    ],
    "Ganghwa": [
        126.48556,
        37.74722
    ],
    "Iksan": [
        126.95444,
        35.94389
    ],
    "Incheon": [
        126.73167,
        37.45361
    ],
    "Imsil": [
        127.27944,
        35.61306
    ],
    "Ich'ŏn": [
        127.4425,
        37.27917
    ],
    "Hwasun": [
        126.985,
        35.05944
    ],
    "Hwaseong": [
        126.8169,
        37.20682
    ],
    "Hwacheon": [
        127.70667,
        38.10611
    ],
    "Hongsung": [
        126.665,
        36.6009
    ],
    "Hongch’ŏn": [
        127.8857,
        37.6918
    ],
    "Hayang": [
        128.82,
        35.91333
    ],
    "Haenam": [
        126.59889,
        34.57111
    ],
    "Chuncheon": [
        127.73417,
        37.87472
    ],
    "Jeonju": [
        127.14889,
        35.82194
    ],
    "Cheongsong gun": [
        129.057,
        36.43351
    ],
    "Cheongju": [
        127.48972,
        36.63722
    ],
    "Tenan": [
        127.1522,
        36.8065
    ],
    "Chinju": [
        128.08472,
        35.19278
    ],
    "Chinhae": [
        128.65972,
        35.14944
    ],
    "Chinch'ŏn": [
        127.44333,
        36.85667
    ],
    "진안군": [
        127.42528,
        35.79167
    ],
    "Jeju": [
        126.52194,
        33.50972
    ],
    "Changwon": [
        128.68111,
        35.22806
    ],
    "Changsu": [
        127.51523,
        35.64842
    ],
    "Anyang": [
        126.92694,
        37.3925
    ],
    "Anseong": [
        127.27028,
        37.01083
    ],
    "Ansan": [
        126.82194,
        37.32361
    ],
    "Andong": [
        128.725,
        36.56556
    ],
    "Gaigeturi": [
        126.31833,
        33.46444
    ],
    "Sinhyeon": [
        128.62667,
        34.8825
    ],
    "Yeosu": [
        127.66528,
        34.76278
    ],
    "Yŏnmu": [
        127.1,
        36.12944
    ],
    "Tonghae": [
        129.10694,
        37.54389
    ],
    "Pubal": [
        127.50778,
        37.29167
    ],
    "Seongnam": [
        127.13778,
        37.43861
    ],
    "Hanam": [
        127.20556,
        37.54
    ],
    "Hwado": [
        127.3075,
        37.6525
    ],
    "Yanggok": [
        127.21417,
        37.63667
    ],
    "Ungsang": [
        129.16861,
        35.40611
    ],
    "Wabu": [
        127.22028,
        37.58972
    ],
    "Naesŏ": [
        128.52,
        35.24972
    ],
    "Hwawŏn": [
        128.50083,
        35.80167
    ],
    "Kwangmyŏng": [
        126.86639,
        37.47722
    ],
    "Paju": [
        126.81694,
        37.83278
    ],
    "Sinan": [
        126.10863,
        34.8262
    ],
    "Songgang-dong": [
        127.3841,
        36.4311
    ],
    "Changnyeong": [
        128.49506,
        35.54145
    ],
    "Songhae": [
        126.46577,
        37.7636
    ],
    "Hajeom": [
        126.41226,
        37.77419
    ],
    "Yangsa": [
        126.408,
        37.79872
    ],
    "Samsan": [
        126.32136,
        37.70306
    ],
    "Seonwon": [
        126.48439,
        37.71223
    ],
    "Wolgot": [
        126.55429,
        37.71646
    ],
    "Haseong": [
        126.63107,
        37.71953
    ],
    "Tongjin": [
        126.59855,
        37.69191
    ],
    "Gyodong": [
        126.28117,
        37.78272
    ],
    "Gwangtan": [
        126.85004,
        37.78055
    ],
    "Jangheung": [
        126.94122,
        37.71727
    ],
    "Tanhyeon": [
        126.71598,
        37.8024
    ]
}