{
    "Janūb as Surrah": [
        47.97806,
        29.26917
    ],
    "Ḩawallī": [
        48.02861,
        29.33278
    ],
    "Bayān": [
        48.04881,
        29.3032
    ],
    "Az Zawr": [
        48.27472,
        29.4425
    ],
    "As Sālimīyah": [
        48.07611,
        29.33389
    ],
    "Ash Shāmīyah": [
        47.96167,
        29.34722
    ],
    "Ar Rumaythīyah": [
        48.07417,
        29.31167
    ],
    "Ar Riqqah": [
        48.09472,
        29.14583
    ],
    "Al Wafrah": [
        47.93056,
        28.63917
    ],
    "Al Manqaf": [
        48.13278,
        29.09611
    ],
    "Al Mahbūlah": [
        48.13028,
        29.145
    ],
    "Kuwait City": [
        47.97833,
        29.36972
    ],
    "Al Jahrā’": [
        47.65806,
        29.3375
    ],
    "Al Funayţīs": [
        48.10167,
        29.22528
    ],
    "Al Faḩāḩīl": [
        48.13028,
        29.0825
    ],
    "Al Finţās": [
        48.12111,
        29.17389
    ],
    "Al Farwānīyah": [
        47.95861,
        29.2775
    ],
    "Al Aḩmadī": [
        48.08389,
        29.07694
    ],
    "Ad Dasmah": [
        48.00139,
        29.365
    ],
    "Salwá": [
        48.07861,
        29.29583
    ],
    "Ar Rābiyah": [
        47.93306,
        29.295
    ],
    "Şabāḩ as Sālim": [
        48.05722,
        29.25722
    ],
    "Mubārak al Kabīr": [
        48.08716,
        29.18979
    ]
}