{
    "West Bay": [
        -81.41667,
        19.36667
    ],
    "North Side": [
        -81.2,
        19.35
    ],
    "George Town": [
        -81.36706,
        19.28692
    ],
    "East End": [
        -81.11667,
        19.3
    ],
    "Bodden Town": [
        -81.25,
        19.28333
    ],
    "Grand Cayman": [
        -81.2487,
        19.33479
    ]
}