{
    "Zhumysker": [
        49.4,
        49.33333
    ],
    "Zhetibay": [
        52.07889,
        43.59417
    ],
    "Temir": [
        57.12855,
        49.14132
    ],
    "Taūshyq": [
        51.34932,
        44.34678
    ],
    "Shubarshi": [
        57.18289,
        48.58022
    ],
    "Shubarkuduk": [
        56.48196,
        49.14391
    ],
    "Shetpe": [
        52.11667,
        44.16667
    ],
    "Shalkar": [
        48.9,
        48.03333
    ],
    "Sayötesh": [
        53.53246,
        44.32781
    ],
    "Saykhin": [
        46.83361,
        48.85611
    ],
    "Peremetnoe": [
        50.85544,
        51.19925
    ],
    "Oral": [
        51.36667,
        51.23333
    ],
    "Oktyabr’sk": [
        57.41914,
        49.46912
    ],
    "Munayshy": [
        52.10861,
        43.49111
    ],
    "Miyaly": [
        53.79194,
        48.88504
    ],
    "Martuk": [
        56.50611,
        50.74746
    ],
    "Maqat": [
        53.31667,
        47.65
    ],
    "Maloye Ganyushkino": [
        49.26667,
        46.6
    ],
    "Makhambet": [
        51.58333,
        47.66667
    ],
    "Qulsary": [
        54.01978,
        46.95307
    ],
    "Krūgloozernoe": [
        51.28992,
        51.07854
    ],
    "Khromtau": [
        58.44003,
        50.25117
    ],
    "Kaztalovka": [
        48.68902,
        49.76612
    ],
    "Qaraton": [
        53.48639,
        46.43528
    ],
    "Karagandy": [
        73.1658,
        49.83333
    ],
    "Kamenka": [
        50.29454,
        51.11074
    ],
    "Īnderbor": [
        51.78333,
        48.55
    ],
    "Fort-Shevchenko": [
        50.26388,
        44.50654
    ],
    "Fedorovka": [
        62.69654,
        53.63809
    ],
    "Kuryk": [
        51.65,
        43.2
    ],
    "Embi": [
        58.15042,
        48.82981
    ],
    "Zhänibek": [
        46.84705,
        49.42207
    ],
    "Dzhangala": [
        50.33333,
        49.21667
    ],
    "Dzhambeyty": [
        52.59895,
        50.25676
    ],
    "Dossor": [
        52.98111,
        47.52722
    ],
    "Chingirlau": [
        54.08426,
        51.09878
    ],
    "Chapaev": [
        51.16667,
        50.2
    ],
    "Burlin": [
        52.71392,
        51.42724
    ],
    "Beyneu": [
        55.2,
        45.31667
    ],
    "Bayganin": [
        55.87512,
        48.68976
    ],
    "Bayshonas": [
        52.94111,
        47.24139
    ],
    "Baūtīno": [
        50.24628,
        44.54479
    ],
    "Batamshinskiy": [
        58.27715,
        50.56022
    ],
    "Balyqshy": [
        51.86667,
        47.06667
    ],
    "Atyrau": [
        51.88333,
        47.11667
    ],
    "Aqtöbe": [
        57.20718,
        50.27969
    ],
    "Aktau": [
        72.83333,
        48.03333
    ],
    "Aqsay": [
        52.99782,
        51.1681
    ],
    "Akkol’": [
        69.59997,
        53.29617
    ],
    "Ömirzaq": [
        51.24171,
        43.59786
    ],
    "Zyryanovsk": [
        84.27318,
        49.72654
    ],
    "Zhosaly": [
        64.07806,
        45.48778
    ],
    "Zholymbet": [
        71.71245,
        51.74211
    ],
    "Zhezqazghan": [
        67.76667,
        47.78333
    ],
    "Zhezkent": [
        81.3615,
        50.93112
    ],
    "Dzhetygara": [
        61.19894,
        52.19019
    ],
    "Zhelezīnka": [
        75.31452,
        53.53944
    ],
    "Saken Seyfullin": [
        72.83598,
        48.85692
    ],
    "Zhangatas": [
        69.75,
        43.56667
    ],
    "Ayteke Bi": [
        62.15264,
        45.84608
    ],
    "Taraz": [
        71.36667,
        42.9
    ],
    "Zhalghyztobe": [
        81.21596,
        49.21094
    ],
    "Zhaqsy": [
        67.31665,
        51.91058
    ],
    "Zaysan": [
        84.87144,
        47.46657
    ],
    "Yrghyz": [
        61.26667,
        48.61667
    ],
    "Yavlenka": [
        68.4598,
        54.34786
    ],
    "Zhangaqorghan": [
        67.24806,
        43.915
    ],
    "Saumalkol’": [
        68.105,
        53.2927
    ],
    "Verkhniye Kayrakty": [
        73.28333,
        48.68333
    ],
    "Turar Ryskulov": [
        70.33333,
        42.53333
    ],
    "Ūst’-Talovka": [
        81.84997,
        50.54927
    ],
    "Ush-Tyube": [
        77.98007,
        45.25201
    ],
    "Urzhar": [
        81.62939,
        47.09302
    ],
    "Turkestan": [
        68.25,
        43.33333
    ],
    "Turgen’": [
        77.59333,
        43.40056
    ],
    "Timiryazevo": [
        66.49101,
        53.74733
    ],
    "Troyebratskiy": [
        66.07523,
        54.44316
    ],
    "Torghay": [
        63.49806,
        49.63389
    ],
    "Tokarevka": [
        73.15974,
        50.11551
    ],
    "Tobol": [
        62.58101,
        52.69658
    ],
    "Terenozek": [
        64.98395,
        45.05053
    ],
    "Temirtau": [
        72.96464,
        50.05494
    ],
    "Temirlanovka": [
        69.26333,
        42.59944
    ],
    "Tekeli": [
        78.8309,
        44.83322
    ],
    "Tasböget": [
        65.55227,
        44.77384
    ],
    "Taranovskoye": [
        62.52078,
        52.83554
    ],
    "Talshyq": [
        71.87404,
        53.63736
    ],
    "Talghar": [
        77.24085,
        43.30348
    ],
    "Taldyqorghan": [
        77.91667,
        45
    ],
    "Suykbulak": [
        81.04848,
        49.70815
    ],
    "Stepnyak": [
        70.78861,
        52.83489
    ],
    "Smirnovo": [
        69.42732,
        54.5148
    ],
    "Myrzakent": [
        68.53333,
        40.66667
    ],
    "Shymkent": [
        69.6,
        42.3
    ],
    "Shu": [
        73.76139,
        43.59833
    ],
    "Shortandy": [
        70.99457,
        51.69946
    ],
    "Shemonaīkha": [
        81.91213,
        50.62811
    ],
    "Shchūchīnsk": [
        70.1895,
        52.93818
    ],
    "Shar": [
        81.04852,
        49.58559
    ],
    "Shantobe": [
        68.18166,
        52.45606
    ],
    "Shakhan": [
        72.65407,
        49.81958
    ],
    "Sergeyevka": [
        67.41534,
        53.88261
    ],
    "Semey": [
        80.26669,
        50.42675
    ],
    "Sayaq": [
        77.26667,
        47
    ],
    "Sastöbe": [
        69.99983,
        42.55355
    ],
    "Saryshaghan": [
        73.61917,
        46.11917
    ],
    "Saryözek": [
        77.97644,
        44.36121
    ],
    "Sarykamys": [
        78.71667,
        47.78333
    ],
    "Saryaghash": [
        69.16667,
        41.45
    ],
    "Sarkand": [
        79.91545,
        45.41126
    ],
    "Sorang": [
        72.83744,
        49.7908
    ],
    "Rudnyy": [
        63.11677,
        52.9729
    ],
    "Kyzylorda": [
        65.50917,
        44.85278
    ],
    "Qusmuryn": [
        64.61977,
        52.45107
    ],
    "Kostanay": [
        63.62463,
        53.21435
    ],
    "Kachar": [
        62.86942,
        53.36871
    ],
    "Qarqaraly": [
        75.47286,
        49.41287
    ],
    "Qarazhal": [
        70.78918,
        48.00684
    ],
    "Qaraūyl": [
        79.25502,
        48.94509
    ],
    "Karatau": [
        70.46667,
        43.16667
    ],
    "Qapshaghay": [
        77.06304,
        43.86681
    ],
    "Tūghyl": [
        84.20629,
        47.72521
    ],
    "Petropavlovsk": [
        69.143,
        54.87278
    ],
    "Pervorosiyskiy": [
        83.8492,
        49.7165
    ],
    "Pervomayskiy": [
        76.94,
        43.37361
    ],
    "Pavlodar": [
        77.00438,
        52.27401
    ],
    "Zharkent": [
        80.00655,
        44.1666
    ],
    "Oytal": [
        73.26972,
        42.90573
    ],
    "Oskemen": [
        82.60586,
        49.97143
    ],
    "Osakarovka": [
        72.57089,
        50.56219
    ],
    "Ordzhonikidze": [
        61.74942,
        52.44772
    ],
    "Ognevka": [
        83.01674,
        49.68352
    ],
    "Zhabagly": [
        70.47841,
        42.43781
    ],