{
    "Vientiane": [
        102.6,
        17.96667
    ],
    "Xam Nua": [
        104.04838,
        20.41592
    ],
    "Savannakhét": [
        104.75273,
        16.56504
    ],
    "Salavan": [
        106.42172,
        15.71677
    ],
    "Phôngsali": [
        102.10536,
        21.68372
    ],
    "Pakxé": [
        105.79898,
        15.12022
    ],
    "Pakkading": [
        103.99279,
        18.32522
    ],
    "Xiang Ngeun": [
        102.17891,
        19.75532
    ],
    "Muang Xay": [
        101.98368,
        20.69229
    ],
    "Sainyabuli": [
        101.71032,
        19.25756
    ],
    "Vangviang": [
        102.44784,
        18.9235
    ],
    "Thatèng": [
        106.38346,
        15.43499
    ],
    "Soukkouma": [
        105.78842,
        14.63752
    ],
    "Muang Sing": [
        101.14823,
        21.19242
    ],
    "Muang Sanakham": [
        101.67054,
        17.90941
    ],
    "Phônthong": [
        105.65416,
        15.10116
    ],
    "Muang Phônsavan": [
        103.21667,
        19.45
    ],
    "Muang Phôn-Hông": [
        102.41421,
        18.49565
    ],
    "Pakxong": [
        106.23087,
        15.1803
    ],
    "Muang Pakxan": [
        103.65857,
        18.38261
    ],
    "Muang Long": [
        100.81911,
        20.96548
    ],
    "Muang La": [
        102.11667,
        20.86667
    ],
    "Khoa": [
        102.50575,
        21.07854
    ],
    "Không": [
        105.85322,
        14.11726
    ],
    "Thakhèk": [
        104.83068,
        17.41027
    ],
    "Muang Kènthao": [
        101.39925,
        17.73449
    ],
    "Muang Kasi": [
        102.25319,
        19.22926
    ],
    "Muang Hinboun": [
        104.60388,
        17.591
    ],
    "Mounlapamôk": [
        105.86858,
        14.33481
    ],
    "Louangphabang": [
        102.13503,
        19.88601
    ],
    "Louang Namtha": [
        101.40188,
        20.9486
    ],
    "Champasak": [
        105.87818,
        14.89162
    ],
    "Bolikhan": [
        103.72671,
        18.56286
    ],
    "Lamam": [
        106.69461,
        15.41705
    ],
    "Ban Nahin": [
        104.2124,
        18.2429
    ],
    "Ban Houayxay": [
        100.41302,
        20.27652
    ],
    "Attapu": [
        106.83184,
        14.81071
    ],
    "Ban Houakhoua": [
        100.45401,
        20.2467
    ],
    "Ban Phônsavan": [
        103.17999,
        19.45907
    ],
    "Viangxai": [
        104.22402,
        20.40706
    ],
    "Muang Nalè": [
        101.44556,
        20.53361
    ],
    "Dak Cheung": [
        107.26667,
        15.46667
    ],
    "Sanaxy": [
        107.26016,
        15.02207
    ],
    "Huameung": [
        103.85895,
        20.14895
    ],
    "Viengxay": [
        104.34464,
        20.34222
    ],
    "Xamtay": [
        104.51722,
        19.94515
    ],
    "Viengthong": [
        103.40856,
        20.32792
    ]
}