{
    "Zghartā": [
        35.89493,
        34.39739
    ],
    "Zahlé": [
        35.90203,
        33.84675
    ],
    "Tripoli": [
        35.84972,
        34.43667
    ],
    "Tyre": [
        35.19389,
        33.27333
    ],
    "Sîr ed Danniyé": [
        36.03111,
        34.38528
    ],
    "Sidon": [
        35.37564,
        33.55993
    ],
    "Ra’s Bayrūt": [
        35.48333,
        33.9
    ],
    "Marjayoûn": [
        35.59111,
        33.36028
    ],
    "Djounie": [
        35.61778,
        33.98083
    ],
    "Joubb Jannîne": [
        35.78417,
        33.62694
    ],
    "Jbaïl": [
        35.64806,
        34.12111
    ],
    "Jezzîne": [
        35.58444,
        33.54167
    ],
    "Hâsbaïya": [
        35.685,
        33.39778
    ],
    "Halba": [
        36.07972,
        34.54278
    ],
    "Habboûch": [
        35.48169,
        33.40729
    ],
    "Bcharré": [
        36.01056,
        34.25083
    ],
    "Bent Jbaïl": [
        35.43333,
        33.11944
    ],
    "Bhamdoûn el Mhatta": [
        35.65972,
        33.80861
    ],
    "Bhamdoun": [
        35.65111,
        33.795
    ],
    "Beït ed Dîne": [
        35.58083,
        33.69417
    ],
    "Beirut": [
        35.49442,
        33.88894
    ],
    "Baalbek": [
        36.21806,
        34.00583
    ],
    "Baabda": [
        35.54417,
        33.83389
    ],
    "Ain Ebel": [
        35.40251,
        33.11023
    ],
    "Nabatîyé et Tahta": [
        35.48389,
        33.37889
    ],
    "Amioûn": [
        35.80889,
        34.3
    ],
    "Jdaidet el Matn": [
        35.56639,
        33.89056
    ],
    "El Hermel": [
        36.38472,
        34.39417
    ],
    "Batroûn": [
        35.65806,
        34.25528
    ],
    "Aaley": [
        35.6,
        33.80528
    ],
    "Râchaïya el Ouadi": [
        35.8437,
        33.50089
    ]
}