{
    "Vieux Fort": [
        -60.95,
        13.71667
    ],
    "Soufrière": [
        -61.0566,
        13.85616
    ],
    "Praslin": [
        -60.9,
        13.86667
    ],
    "Micoud": [
        -60.9,
        13.81667
    ],
    "Laborie": [
        -60.98333,
        13.75
    ],
    "Gros Islet": [
        -60.95,
        14.06667
    ],
    "Dennery": [
        -60.88786,
        13.89958
    ],
    "Choiseul": [
        -61.04931,
        13.77273
    ],
    "Castries": [
        -61.00614,
        13.9957
    ],
    "Canaries": [
        -61.06459,
        13.90224
    ],
    "Bisée": [
        -60.96667,
        14.01667
    ],
    "Anse La Raye": [
        -61.03333,
        13.93333
    ]
}