{
    "Welisara": [
        79.9014,
        7.0281
    ],
    "Weligama": [
        80.42968,
        5.97501
    ],
    "Wattegama": [
        81.4808,
        6.7989
    ],
    "Wattala": [
        79.8898,
        6.9779
    ],
    "Vavuniya": [
        80.4971,
        8.7514
    ],
    "Valvedditturai": [
        80.16667,
        9.81667
    ],
    "Trincomalee": [
        81.2335,
        8.5711
    ],
    "Tangalla": [
        80.7911,
        6.024
    ],
    "Talawakele": [
        80.6581,
        6.9371
    ],
    "Sigiriya": [
        80.75037,
        7.94946
    ],
    "Ratnapura": [
        80.39917,
        6.68278
    ],
    "Puttalam": [
        79.8283,
        8.0362
    ],
    "Polonnaruwa": [
        81.00274,
        7.93965
    ],
    "Point Pedro": [
        80.23333,
        9.81667
    ],
    "Pita Kotte": [
        79.9015,
        6.8905
    ],
    "Peliyagoda": [
        79.8836,
        6.9685
    ],
    "Panadura": [
        79.9026,
        6.7132
    ],
    "Nuwara Eliya": [
        80.78286,
        6.97078
    ],
    "Negombo": [
        79.8358,
        7.2083
    ],
    "Mulleriyawa": [
        79.9297,
        6.933
    ],
    "Moratuwa": [
        79.8816,
        6.773
    ],
    "Monaragala": [
        81.3487,
        6.8714
    ],
    "Minuwangoda": [
        79.9533,
        7.1663
    ],
    "Matara": [
        80.53528,
        5.94851
    ],
    "Maharagama": [
        79.9265,
        6.848
    ],
    "Kurunegala": [
        80.3623,
        7.4863
    ],
    "Kuliyapitiya": [
        80.0401,
        7.4688
    ],
    "Sri Jayewardenepura Kotte": [
        79.90708,
        6.88297
    ],
    "Kotikawatta": [
        79.9095,
        6.9269
    ],
    "Kolonnawa": [
        79.8848,
        6.9329
    ],
    "Kilinochchi": [
        80.3982,
        9.3961
    ],
    "Kelaniya": [
        79.922,
        6.9553
    ],
    "Katunayaka North": [
        79.8757,
        7.1643
    ],
    "Kandy": [
        80.6356,
        7.2955
    ],
    "Kandana": [
        79.8937,
        7.048
    ],
    "Kalutara": [
        79.9593,
        6.5831
    ],
    "Kalmunai": [
        81.83472,
        7.40902
    ],
    "Kadugannawa": [
        80.5242,
        7.2547
    ],
    "Jaffna": [
        80.00742,
        9.66845
    ],
    "Ja Ela": [
        79.8919,
        7.0744
    ],
    "Horana South": [
        80.0626,
        6.7159
    ],
    "Homagama": [
        80.0024,
        6.844
    ],
    "Hikkaduwa": [
        80.1012,
        6.1407
    ],
    "Hendala": [
        79.883,
        6.9909
    ],
    "Hatton": [
        80.5955,
        6.8916
    ],
    "Haputale": [
        80.95954,
        6.76812
    ],
    "Hanwella Ihala": [
        80.0852,
        6.9012
    ],
    "Gampola": [
        80.5696,
        7.1643
    ],
    "Gampaha": [
        79.9925,
        7.0897
    ],
    "Galle": [
        80.217,
        6.0367
    ],
    "Galkissa": [
        79.863,
        6.8293
    ],
    "Eravur Town": [
        81.6038,
        7.7782
    ],
    "Dambulla": [
        80.65167,
        7.86
    ],
    "Colombo": [
        79.84778,
        6.93194
    ],
    "Chilaw": [
        79.79528,
        7.57583
    ],
    "Beruwala": [
        79.9828,
        6.4788
    ],
    "Bentota": [
        79.99575,
        6.42598
    ],
    "Batticaloa": [
        81.6924,
        7.7102
    ],
    "Battaramulla South": [
        79.9181,
        6.8964
    ],
    "Badulla": [
        81.0557,
        6.9895
    ],
    "Anuradhapura": [
        80.41306,
        8.31223
    ],
    "Ampara": [
        81.68202,
        7.29754
    ],
    "Ambalangoda": [
        80.0538,
        6.2355
    ],
    "Horawala Junction": [
        80.12708,
        6.48088
    ],
    "Shanjeev Home": [
        81.84198,
        7.38216
    ]
}