{
    "Zwedru": [
        -8.12806,
        6.06667
    ],
    "New Yekepa": [
        -8.53778,
        7.57944
    ],
    "Voinjama": [
        -9.74778,
        8.42194
    ],
    "Tubmanburg": [
        -10.81722,
        6.87083
    ],
    "Fish Town": [
        -7.87556,
        5.19639
    ],
    "Sanniquellie": [
        -8.70611,
        7.36222
    ],
    "Robertsport": [
        -11.36861,
        6.75333
    ],
    "River Cess": [
        -9.58278,
        5.46
    ],
    "Monrovia": [
        -10.7969,
        6.30054
    ],
    "Kakata": [
        -10.35167,
        6.53
    ],
    "Harper": [
        -7.71694,
        4.375
    ],
    "Greenville": [
        -9.03889,
        5.01111
    ],
    "Gbarnga": [
        -9.47222,
        6.99556
    ],
    "Ganta": [
        -8.53083,
        7.30222
    ],
    "Buchanan": [
        -10.04667,
        5.88083
    ],
    "Bopolu": [
        -10.4875,
        7.06667
    ],
    "Bensonville": [
        -10.6125,
        6.44611
    ],
    "Barclayville": [
        -8.23389,
        4.67972
    ],
    "Buutuo": [
        -8.3428,
        6.8275
    ]
}