{
    "Teyateyaneng": [
        27.74895,
        -29.14719
    ],
    "Quthing": [
        27.70027,
        -30.40001
    ],
    "Qacha’s Nek": [
        28.68936,
        -30.11537
    ],
    "Nako": [
        27.76667,
        -29.61667
    ],
    "Mokhotlong": [
        29.06751,
        -29.28939
    ],
    "Mohale’s Hoek": [
        27.47691,
        -30.15137
    ],
    "Maseru": [
        27.48333,
        -29.31667
    ],
    "Maputsoe": [
        27.89914,
        -28.8866
    ],
    "Mafeteng": [
        27.23744,
        -29.823
    ],
    "Leribe": [
        28.04501,
        -28.87185
    ],
    "Butha-Buthe": [
        28.24936,
        -28.76659
    ],
    "Thaba-Tseka": [
        28.6084,
        -29.52204
    ]
}