{
    "Žiežmariai": [
        24.45,
        54.8
    ],
    "Žemaičių Naumiestis": [
        21.70222,
        55.35917
    ],
    "Zarasai": [
        26.25,
        55.73333
    ],
    "Žagarė": [
        23.25,
        56.35917
    ],
    "Visaginas": [
        26.41667,
        55.6
    ],
    "Virbalis": [
        22.81694,
        54.62667
    ],
    "Vilnius": [
        25.2798,
        54.68916
    ],
    "Vilkija": [
        23.58333,
        55.05
    ],
    "Vilkaviškis": [
        23.03222,
        54.65167
    ],
    "Vievis": [
        24.8,
        54.76667
    ],
    "Viekšniai": [
        22.51667,
        56.23333
    ],
    "Venta": [
        22.7,
        56.2
    ],
    "Veisiejai": [
        23.7,
        54.1
    ],
    "Varniai": [
        22.36444,
        55.74056
    ],
    "Varėna": [
        24.56667,
        54.21667
    ],
    "Vabalninkas": [
        24.75,
        55.96667
    ],
    "Utena": [
        25.6,
        55.5
    ],
    "Ukmergė": [
        24.75,
        55.25
    ],
    "Tytuvėnėliai": [
        23.18333,
        55.61667
    ],
    "Trakai": [
        24.93333,
        54.63333
    ],
    "Telšiai": [
        22.24722,
        55.98139
    ],
    "Tauragė": [
        22.28972,
        55.25222
    ],
    "Šventoji": [
        21.08333,
        56.03333
    ],
    "Švenčionys": [
        26.16667,
        55.15
    ],
    "Švenčionėliai": [
        26,
        55.16667
    ],
    "Skuodas": [
        21.53333,
        56.26667
    ],
    "Skaudvilė": [
        22.61667,
        55.41667
    ],
    "Skaidiškės": [
        25.38333,
        54.61667
    ],
    "Širvintos": [
        24.95,
        55.05
    ],
    "Simnas": [
        23.65,
        54.4
    ],
    "Šilutė": [
        21.48306,
        55.34889
    ],
    "Šilalė": [
        22.18139,
        55.49056
    ],
    "Šiauliai": [
        23.31667,
        55.93333
    ],
    "Šeduva": [
        23.76667,
        55.76667
    ],
    "Seda": [
        22.1,
        56.16667
    ],
    "Šalčininkai": [
        25.38333,
        54.3
    ],
    "Salantai": [
        21.56667,
        56.06667
    ],
    "Šakiai": [
        23.03583,
        54.95472
    ],
    "Rusnė": [
        21.37583,
        55.29639
    ],
    "Rūdiškės": [
        24.83333,
        54.51667
    ],
    "Rokiškis": [
        25.58333,
        55.96667
    ],
    "Rietavas": [
        21.93111,
        55.71944
    ],
    "Raseiniai": [
        23.12167,
        55.37361
    ],
    "Ramygala": [
        24.3,
        55.51667
    ],
    "Radviliškis": [
        23.53333,
        55.81667
    ],
    "Prienai": [
        23.95,
        54.63333
    ],
    "Priekulė": [
        21.32667,
        55.55361
    ],
    "Plungė": [
        21.84417,
        55.91139
    ],
    "Plateliai": [
        21.81667,
        56.05
    ],
    "Pasvalys": [
        24.40361,
        56.05944
    ],
    "Panevėžys": [
        24.35,
        55.73333
    ],
    "Palanga": [
        21.06861,
        55.9175
    ],
    "Pakruojis": [
        23.86667,
        55.96667
    ],
    "Pagėgiai": [
        21.90889,
        55.13806
    ],
    "Pabradė": [
        25.78333,
        55
    ],
    "Obeliai": [
        25.15,
        55.96667
    ],
    "Nida": [
        21.00667,
        55.30806
    ],
    "Neringa": [
        21.06472,
        55.37194
    ],
    "Nemenčinė": [
        25.48333,
        54.85
    ],
    "Naujoji Akmenė": [
        22.9,
        56.31667
    ],
    "Molėtai": [
        25.41667,
        55.23333
    ],
    "Mažeikiai": [
        22.33333,
        56.31667
    ],
    "Marijampolė": [
        23.35,
        54.56667
    ],
    "Linkuva": [
        23.9725,
        56.08556
    ],
    "Lentvaris": [
        25.05,
        54.65
    ],
    "Lazdijai": [
        23.51667,
        54.23333
    ],
    "Kybartai": [
        22.76316,
        54.63858
    ],
    "Kuršėnai": [
        22.91889,
        55.985
    ],
    "Kupiškis": [
        24.96667,
        55.83333
    ],
    "Kulautuva": [
        23.6,
        54.93333
    ],
    "Kudirkos Naumiestis": [
        22.86306,
        54.77306
    ],
    "Kretinga": [
        21.25083,
        55.87583
    ],
    "Klaipėda": [
        21.1175,
        55.71722
    ],
    "Kelmė": [
        22.93417,
        55.63389
    ],
    "Kėdainiai": [
        23.97472,
        55.28833
    ],
    "Kazlų Rūda": [
        23.5,
        54.76667
    ],
    "Kaunas": [
        23.9,
        54.9
    ],
    "Karmėlava": [
        24.06667,
        54.96667
    ],
    "Kalvarija": [
        23.23333,
        54.4
    ],
    "Kaišiadorys": [
        24.45,
        54.86667
    ],
    "Jurbarkas": [
        22.76639,
        55.07778
    ],
    "Juodupė": [
        25.61667,
        56.08333
    ],
    "Joniškis": [
        23.61528,
        56.24028
    ],
    "Jonava": [
        24.28333,
        55.08333
    ],
    "Jieznas": [
        24.16667,
        54.6
    ],
    "Ignalina": [
        26.16667,
        55.35
    ],
    "Grigiškės": [
        25.08333,
        54.68333
    ],
    "Gelgaudiškis": [
        22.97583,
        55.07917
    ],
    "Garliava": [
        23.86667,
        54.81667
    ],
    "Gargždai": [
        21.40333,
        55.71278
    ],
    "Ežerėlis": [
        23.61667,
        54.88333
    ],
    "Elektrėnai": [
        24.63333,
        54.76667
    ],
    "Eišiškės": [
        25,
        54.16667
    ],
    "Dūkštas": [
        26.33333,
        55.53333
    ],
    "Druskininkai": [
        23.96667,
        54.01667
    ],
    "Daugai": [
        24.33333,
        54.36667
    ],
    "Biržai": [
        24.75,
        56.2
    ],
    "Birštonas": [
        24.03333,
        54.61667
    ],
    "Baltoji Vokė": [
        25.2,
        54.6
    ],
    "Aukštadvaris": [
        24.53333,
        54.58333
    ],
    "Ariogala": [
        23.46667,
        55.26667
    ],
    "Anykščiai": [
        25.10264,
        55.52557
    ],
    "Alytus": [
        24.05,
        54.4
    ],
    "Akmenė": [
        22.75,
        56.25
    ],
    "Dainava (Kaunas)": [
        23.96831,
        54.91525
    ]
}