{
    "Valmiera": [
        25.42751,
        57.54108
    ],
    "Zilupe": [
        28.12165,
        56.38616
    ],
    "Zelmeņi": [
        23.35194,
        56.45167
    ],
    "Viļaka": [
        27.6722,
        57.18458
    ],
    "Viļāni": [
        26.92449,
        56.55253
    ],
    "Viesīte": [
        25.55514,
        56.34751
    ],
    "Vecumnieki": [
        24.52222,
        56.60639
    ],
    "Ventspils": [
        21.56056,
        57.38944
    ],
    "Vecvārkava": [
        26.51667,
        56.18333
    ],
    "Vecpiebalga": [
        25.81624,
        57.0609
    ],
    "Vec-Liepāja": [
        21.01667,
        56.53333
    ],
    "Varakļāni": [
        26.75377,
        56.60826
    ],
    "Vangaži": [
        24.54861,
        57.09361
    ],
    "Valka": [
        26.01013,
        57.7752
    ],
    "Valdemārpils": [
        22.59188,
        57.37068
    ],
    "Vaiņode": [
        21.86667,
        56.43333
    ],
    "Ulbroka": [
        24.28972,
        56.94111
    ],
    "Tukums": [
        23.15528,
        56.96694
    ],
    "Tīreļi": [
        23.58902,
        56.83991
    ],
    "Tērvete": [
        23.38895,
        56.47989
    ],
    "Talsi": [
        22.58137,
        57.24562
    ],
    "Strenči": [
        25.68535,
        57.62574
    ],
    "Stende": [
        22.53333,
        57.15
    ],
    "Stalbe": [
        25.03106,
        57.37065
    ],
    "Staicele": [
        24.75,
        57.83639
    ],
    "Smiltene": [
        25.90164,
        57.42444
    ],
    "Smārde": [
        23.33736,
        56.9542
    ],
    "Skrunda": [
        22.01667,
        56.68333
    ],
    "Skrīveri": [
        25.12058,
        56.645
    ],
    "Sigulda": [
        24.86472,
        57.15194
    ],
    "Seda": [
        25.75,
        57.65
    ],
    "Saulkrasti": [
        24.41471,
        57.26224
    ],
    "Saldus": [
        22.48807,
        56.66363
    ],
    "Salaspils": [
        24.36544,
        56.86014
    ],
    "Salacgrīva": [
        24.35806,
        57.75361
    ],
    "Sala": [
        25.76423,
        56.50675
    ],
    "Sabile": [
        22.57261,
        57.04577
    ],
    "Rūjiena": [
        25.33155,
        57.89752
    ],
    "Rugāji": [
        27.13333,
        57
    ],
    "Rucava": [
        21.16156,
        56.16314
    ],
    "Garkalne": [
        24.42139,
        57.04611
    ],
    "Ropaži": [
        24.63361,
        56.97389
    ],
    "Roja": [
        22.81667,
        57.5
    ],
    "Riga": [
        24.10589,
        56.946
    ],
    "Riebiņi": [
        26.79995,
        56.3428
    ],
    "Rēzekne": [
        27.31667,
        56.5
    ],
    "Rauna": [
        25.60947,
        57.33173
    ],
    "Ragana": [
        24.70731,
        57.18074
    ],
    "Priekuļi": [
        25.36147,
        57.315
    ],
    "Priekule": [
        21.58968,
        56.44679
    ],
    "Preiļi": [
        26.72459,
        56.29444
    ],
    "Pļaviņas": [
        25.72552,
        56.6178
    ],
    "Piņķi": [
        23.91083,
        56.94194
    ],
    "Piltene": [
        21.67439,
        57.22426
    ],
    "Pilsrundāle": [
        24,
        56.41667
    ],
    "Pāvilosta": [
        21.18593,
        56.88791
    ],
    "Ozolnieki": [
        23.78778,
        56.68639
    ],
    "Olaine": [
        23.93806,
        56.78528
    ],
    "Ogre": [
        24.61401,
        56.8162
    ],
    "Nīca": [
        21.06401,
        56.34601
    ],
    "Nereta": [
        25.30752,
        56.20279
    ],
    "Naukšēni": [
        25.45609,
        57.88349
    ],
    "Murmuiža": [
        25.48333,
        57.48333
    ],
    "Mērsrags": [
        23.12455,
        57.33535
    ],
    "Mazsalaca": [
        25.05475,
        57.86329
    ],
    "Matīši": [
        25.15886,
        57.69892
    ],
    "Mālpils": [
        24.96306,
        57.01111
    ],
    "Madona": [
        26.21698,
        56.85329
    ],
    "Ludza": [
        27.71667,
        56.55
    ],
    "Lubāna": [
        26.71667,
        56.9
    ],
    "Loja": [
        24.64444,
        57.15444
    ],
    "Līvāni": [
        26.17579,
        56.35431
    ],
    "Limbaži": [
        24.71941,
        57.51287
    ],
    "Līgatne": [
        25.04059,
        57.23429
    ],
    "Liepāja": [
        21.01667,
        56.51667
    ],
    "Lielvārde": [
        24.80743,
        56.72066
    ],
    "Lieģi": [
        21.33399,
        56.58173
    ],
    "Kuldīga": [
        21.95721,
        56.97399
    ],
    "Krāslava": [
        27.16799,
        55.89514
    ],
    "Koknese": [
        25.43333,
        56.65
    ],
    "Kocēni": [
        25.33821,
        57.52057
    ],
    "Ķekava": [
        24.23,
        56.82662
    ],
    "Ķegums": [
        24.72439,
        56.7451
    ],
    "Kārsava": [
        27.68829,
        56.78405
    ],
    "Kandava": [
        22.77466,
        57.04087
    ],
    "Jūrmala": [
        23.77038,
        56.968
    ],
    "Jumprava": [
        24.9721,
        56.67613
    ],
    "Jelgava": [
        23.71278,
        56.65
    ],
    "Jēkabpils": [
        25.85735,
        56.49903
    ],
    "Jaunpils": [
        23.01361,
        56.7325
    ],
    "Jaunpiebalga": [
        26.05,
        57.18333
    ],
    "Jaunjelgava": [
        25.08333,
        56.61667
    ],
    "Jaunciems": [
        24.17413,
        57.0391
    ],
    "Jaunaglona": [
        27.00714,
        56.16066
    ],
    "Inčukalns": [
        24.68639,
        57.09806
    ],
    "Ilūkste": [
        26.29655,
        55.97754
    ],
    "Ikšķile": [
        24.5,
        56.83333
    ],
    "Iecava": [
        24.20222,
        56.59861
    ],
    "Gulbene": [
        26.75291,
        57.17767
    ],
    "Grobiņa": [
        21.16782,
        56.53521
    ],
    "Cibla": [
        27.88333,
        56.55
    ],
    "Ērgļi": [
        25.63668,
        56.89752
    ],
    "Engure": [
        23.22527,
        57.16061
    ],
    "Dundaga": [
        22.35,
        57.51667
    ],
    "Drabeši": [
        25.27748,
        57.24316
    ],
    "Dobele": [
        23.27861,
        56.625
    ],
    "Daugavpils": [
        26.53333,
        55.88333
    ],
    "Daugavgrīva": [
        24.03613,
        57.04315
    ],
    "Dagda": [
        27.53723,
        56.09512
    ],
    "Cesvaine": [
        26.31667,
        56.96667
    ],
    "Cēsis": [
        25.27456,
        57.31188
    ],
    "Carnikava": [
        24.27444,
        57.12944
    ],
    "Brocēni": [
        22.53333,
        56.7
    ],
    "Bolderaja": [
        24.05571,
        57.03132
    ],
    "Berģi": [
        24.29917,
        56.98639
    ],
    "Bauska": [
        24.19056,
        56.4075
    ],
    "Balvi": [
        27.26583,
        57.1313
    ],
    "Baltinava": [
        27.65,
        56.95
    ],
    "Baldone": [
        24.39444,
        56.74278
    ],
    "Auce": [
        22.90169,
        56.45981
    ],
    "Ape": [
        26.69291,
        57.53928
    ],
    "Alūksne": [
        27.05,
        57.41667
    ],
    "Alsunga": [
        21.55938,
        56.98194
    ],
    "Aloja": [
        24.8825,
        57.76694
    ],
    "Aknīste": [
        25.74783,
        56.16152
    ],
    "Aizpute": [
        21.6,
        56.71667
    ],
    "Aizkraukle": [
        25.25534,
        56.60477
    ],
    "Ainaži": [
        24.35778,
        57.86361
    ],
    "Aglona": [
        27.01667,
        56.13333
    ],
    "Ādaži": [
        24.32139,
        57.07583
    ],
    "Baloži": [
        24.11861,
        56.87611
    ],
    "Mārupe": [
        24.05113,
        56.90544
    ]
}