{
    "Bardīyah": [
        25.08653,
        31.75615
    ],
    "Tobruk": [
        23.97639,
        32.08361
    ],
    "Sulūq": [
        20.25205,
        31.66818
    ],
    "Gialo": [
        21.55,
        29.03333
    ],
    "Darnah": [
        22.63669,
        32.76704
    ],
    "Benghazi": [
        20.12928,
        32.11766
    ],
    "Az Zuwaytīnah": [
        20.12022,
        30.9522
    ],
    "Awjilah": [
        21.28694,
        29.10806
    ],
    "At Tāj": [
        23.2857,
        24.20487
    ],
    "Tūkrah": [
        20.57911,
        32.53414
    ],
    "Al Qubbah": [
        22.24237,
        32.76162
    ],
    "Al Marj": [
        20.83174,
        32.48798
    ],
    "Al Kufrah": [
        23.26962,
        24.16667
    ],
    "Al Jawf": [
        23.29093,
        24.1989
    ],
    "Al Jaghbūb": [
        24.51676,
        29.74262
    ],
    "Al Bayḑā’": [
        21.75506,
        32.76272
    ],
    "Al Abyār": [
        20.59653,
        32.19
    ],
    "Ajdabiya": [
        20.22626,
        30.75545
    ],
    "Zuwārah": [
        12.08199,
        32.9312
    ],
    "Zliten": [
        14.56874,
        32.46738
    ],
    "Zalţan": [
        11.86647,
        32.94701
    ],
    "Yafran": [
        12.52859,
        32.06329
    ],
    "Waddān": [
        16.13904,
        29.1614
    ],
    "Tarhuna": [
        13.6332,
        32.43502
    ],
    "Tripoli": [
        13.18746,
        32.87519
    ],
    "Tagiura": [
        13.35056,
        32.88167
    ],
    "Sirte": [
        16.58866,
        31.20892
    ],
    "Şurmān": [
        12.57159,
        32.75668
    ],
    "Şabrātah": [
        12.48845,
        32.79335
    ],
    "Sabhā": [
        14.42832,
        27.03766
    ],
    "Nālūt": [
        10.9812,
        31.86848
    ],
    "Murzuq": [
        13.91839,
        25.91552
    ],
    "Mizdah": [
        12.98013,
        31.44514
    ],
    "Mişrātah": [
        15.09254,
        32.37535
    ],
    "Masallātah": [
        14,
        32.61667
    ],
    "Al Burayqah": [
        19.57386,
        30.40624
    ],
    "Marādah": [
        19.21667,
        29.23333
    ],
    "Giado": [
        12.02034,
        31.95815
    ],
    "Hūn": [
        15.94772,
        29.12684
    ],
    "Zawiya": [
        12.72778,
        32.75222
    ],
    "Ghāt": [
        10.17278,
        24.96472
    ],
    "Gharyan": [
        13.02028,
        32.17222
    ],
    "Ghadāmis": [
        9.50072,
        30.13366
    ],
    "Birāk": [
        14.27138,
        27.54956
    ],
    "Banī Walīd": [
        13.99422,
        31.75662
    ],
    "Az Zintān": [
        12.25195,
        31.92231
    ],
    "Az Zāwīyah": [
        12.72764,
        32.7571
    ],
    "Awbārī": [
        12.78049,
        26.59206
    ],
    "Al Qaţrūn": [
        14.64861,
        24.95139
    ],
    "Al Khums": [
        14.26191,
        32.64861
    ],
    "Al Jadīd": [
        14.4,
        27.05
    ],
    "Al ‘Azīzīyah": [
        13.0175,
        32.53194
    ],
    "Idrī": [
        13.26667,
        27.5
    ],
    "Qasr Abu Hadi": [
        16.65905,
        31.05926
    ]
}