{
    "Tiraspolul Nou": [
        29.57667,
        46.83194
    ],
    "Edineţ": [
        27.305,
        48.16806
    ],
    "Iargara": [
        28.43667,
        46.4275
    ],
    "Vulcăneşti": [
        28.40278,
        45.68417
    ],
    "Vişniovca": [
        28.44944,
        46.33333
    ],
    "Varniţa": [
        29.46636,
        46.86606
    ],
    "Vadul lui Vodă": [
        29.07556,
        47.09167
    ],
    "Ungheni": [
        27.79583,
        47.20417
    ],
    "Tiraspol": [
        29.64333,
        46.84028
    ],
    "Teleneşti": [
        28.36556,
        47.49972
    ],
    "Taraclia": [
        28.66889,
        45.9
    ],
    "Sîngera": [
        28.9775,
        46.91306
    ],
    "Ştefan Vodă": [
        29.66306,
        46.51528
    ],
    "Străşeni": [
        28.61028,
        47.14139
    ],
    "Stăuceni": [
        28.87028,
        47.0875
    ],
    "Bilicenii Vechi": [
        28.04722,
        47.65639
    ],
    "Soroca": [
        28.2975,
        48.15583
    ],
    "Şoldăneşti": [
        28.79667,
        47.81528
    ],
    "Slobozia": [
        29.70778,
        46.72806
    ],
    "Saharna": [
        28.97028,
        47.69361
    ],
    "Rîşcani": [
        27.55389,
        47.95722
    ],
    "Rîbniţa": [
        29.00111,
        47.76639
    ],
    "Rezina": [
        28.96222,
        47.74917
    ],
    "Pervomaisc": [
        29.95861,
        46.73389
    ],
    "Orhei": [
        28.82306,
        47.38306
    ],
    "Ocniţa": [
        27.43917,
        48.38528
    ],
    "Anenii Noi": [
        29.22472,
        46.87889
    ],
    "Nisporeni": [
        28.17833,
        47.08139
    ],
    "Mîndreşti": [
        28.27694,
        47.50722
    ],
    "Maiac": [
        29.38583,
        47.2375
    ],
    "Mărculeşti": [
        28.2475,
        47.86861
    ],
    "Leova": [
        28.25528,
        46.47861
    ],
    "Leninskiy": [
        28.38944,
        47.86389
    ],
    "Sîngerei": [
        28.14194,
        47.64056
    ],
    "Cricova": [
        28.86194,
        47.13889
    ],
    "Crasnoe": [
        29.80472,
        46.65139
    ],
    "Hînceşti": [
        28.59361,
        46.82583
    ],
    "Cocieri": [
        29.11028,
        47.3075
    ],
    "Chiţcani": [
        29.61682,
        46.78296
    ],
    "Căuşeni": [
        29.41389,
        46.64417
    ],
    "Ialoveni": [
        28.77778,
        46.94306
    ],
    "Grigoriopol": [
        29.29639,
        47.15361
    ],
    "Glodeni": [
        27.51444,
        47.77083
    ],
    "Floreşti": [
        28.30139,
        47.89333
    ],
    "Făleşti": [
        27.70917,
        47.57361
    ],
    "Giurgiuleşti": [
        28.19722,
        45.48167
    ],
    "Dubăsari": [
        29.16083,
        47.26306
    ],
    "Drochia": [
        27.81611,
        48.035
    ],
    "Donduşeni": [
        27.6101,
        48.24268
    ],
    "Dnestrovsc": [
        29.91333,
        46.62222
    ],
    "Dancu": [
        28.21,
        46.76278
    ],
    "Criuleni": [
        29.16139,
        47.21444
    ],
    "Comrat": [
        28.65722,
        46.30028
    ],
    "Cimişlia": [
        28.78417,
        46.52
    ],
    "Chişinău": [
        28.8575,
        47.00556
    ],
    "Ceadîr-Lunga": [
        28.83028,
        46.055
    ],
    "Cantemir": [
        28.20083,
        46.27806
    ],
    "Camenca": [
        28.69778,
        48.03194
    ],
    "Călăraşi": [
        28.30806,
        47.25444
    ],
    "Cahul": [
        28.19444,
        45.9075
    ],
    "Bucovăţ": [
        28.45694,
        47.18861
    ],
    "Bugeac": [
        28.66333,
        46.36583
    ],
    "Briceni": [
        27.70361,
        48.35722
    ],
    "Bender": [
        29.47111,
        46.83056
    ],
    "Basarabeasca": [
        28.97278,
        46.33111
    ],
    "Bălţi": [
        27.92889,
        47.76167
    ],
    "Otaci": [
        27.79389,
        48.43
    ],
    "Vatra": [
        28.735,
        47.07389
    ],
    "Ciorescu": [
        28.88556,
        47.12944
    ],
    "Biruinţa": [
        28.06861,
        47.81611
    ]
}