{
    "Rožaje": [
        20.16652,
        42.83299
    ],
    "Žabljak": [
        19.12325,
        43.15423
    ],
    "Ulcinj": [
        19.22436,
        41.92936
    ],
    "Tuzi": [
        19.33139,
        42.36556
    ],
    "Tivat": [
        18.69611,
        42.43639
    ],
    "Sutomore": [
        19.04667,
        42.14278
    ],
    "Stari Bar": [
        19.13306,
        42.09
    ],
    "Spuž": [
        19.19417,
        42.5075
    ],
    "Šavnik": [
        19.09667,
        42.95639
    ],
    "Risan": [
        18.69556,
        42.515
    ],
    "Podgorica": [
        19.26361,
        42.44111
    ],
    "Plužine": [
        18.83944,
        43.15278
    ],
    "Pljevlja": [
        19.35843,
        43.3567
    ],
    "Plav": [
        19.94556,
        42.59694
    ],
    "Petrovac na Moru": [
        18.9425,
        42.20556
    ],
    "Nikšić": [
        18.94446,
        42.7731
    ],
    "Mojkovac": [
        19.5833,
        42.96044
    ],
    "Mojanovići": [
        19.22139,
        42.34167
    ],
    "Mataguži": [
        19.27278,
        42.32361
    ],
    "Lipci": [
        18.65806,
        42.49722
    ],
    "Kotor": [
        18.76825,
        42.42067
    ],
    "Kolašin": [
        19.51653,
        42.82229
    ],
    "Berane": [
        19.87333,
        42.8425
    ],
    "Igalo": [
        18.50647,
        42.46007
    ],
    "Herceg-Novi": [
        18.5375,
        42.45306
    ],
    "Golubovci": [
        19.23111,
        42.335
    ],
    "Dobrota": [
        18.76833,
        42.45417
    ],
    "Danilovgrad": [
        19.14608,
        42.55384
    ],
    "Cetinje": [
        18.91417,
        42.39063
    ],
    "Budva": [
        18.84,
        42.28639
    ],
    "Bijelo Polje": [
        19.74758,
        43.03834
    ],
    "Bijela": [
        18.65556,
        42.45333
    ],
    "Bar": [
        19.10028,
        42.09306
    ],
    "Andrijevica": [
        19.79194,
        42.73389
    ],
    "Šušanj": [
        19.08833,
        42.11556
    ]
}