{
    "Toamasina": [
        49.40234,
        -18.1492
    ],
    "Vondrozo": [
        47.28333,
        -22.81667
    ],
    "Vohipaho": [
        47.5,
        -23.55
    ],
    "Vohimanitra": [
        47.7,
        -21.7
    ],
    "Vohibinany": [
        49.03333,
        -17.35
    ],
    "Vavatenina": [
        49.2,
        -17.46667
    ],
    "Vangaindrano": [
        47.6,
        -23.35
    ],
    "Tsiroanomandidy": [
        46.05005,
        -18.76908
    ],
    "Tsiombe": [
        45.48333,
        -25.3
    ],
    "Tsaratanana": [
        47.65165,
        -16.79706
    ],
    "Tranovaho": [
        44.96667,
        -25.3
    ],
    "Toliara": [
        43.66667,
        -23.35
    ],
    "Fort Dauphin": [
        46.98329,
        -25.03249
    ],
    "Soavinandriana": [
        46.73333,
        -19.16667
    ],
    "Soanindrariny": [
        47.23333,
        -19.9
    ],
    "Soanierana Ivongo": [
        49.58333,
        -16.91667
    ],
    "Sitampiky": [
        46.1,
        -16.66667
    ],
    "Savana": [
        47.9,
        -22.38333
    ],
    "Sambava": [
        50.16667,
        -14.26667
    ],
    "Sambaina": [
        47.78333,
        -18.9
    ],
    "Sakaraha": [
        44.53333,
        -22.9
    ],
    "Sahavato": [
        48.33333,
        -20.6
    ],
    "Sahatavy": [
        49,
        -17.45
    ],
    "Sadjoavato": [
        49.35,
        -12.61667
    ],
    "Sadabe": [
        47.7,
        -18.63333
    ],
    "Ranohira": [
        45.4,
        -22.48333
    ],
    "Nosy Varika": [
        48.53333,
        -20.58333
    ],
    "Nandihizana": [
        47.71667,
        -18.9
    ],
    "Morondava": [
        44.31782,
        -20.28869
    ],
    "Moramanga": [
        48.23007,
        -18.94948
    ],
    "Miarinarivo": [
        46.90553,
        -18.95873
    ],
    "Miandrivazo": [
        45.45559,
        -19.52905
    ],
    "Miandrarivo": [
        46.75,
        -19.43333
    ],
    "Miadanandriana": [
        47.78333,
        -19.03333
    ],
    "Merikanjaka": [
        47.85,
        -19.13333
    ],
    "Marovoay": [
        46.64383,
        -16.11064
    ],
    "Marolambo": [
        48.11667,
        -20.05
    ],
    "Maroantsetra": [
        49.73871,
        -15.43689
    ],
    "Mantasoa": [
        47.83333,
        -19.01667
    ],
    "Manjakandriana": [
        47.8,
        -18.91667
    ],
    "Manja": [
        44.33333,
        -21.43333
    ],
    "Manato": [
        47.48333,
        -22.4
    ],
    "Mananjary": [
        48.34173,
        -21.23034
    ],
    "Mananara": [
        49.76622,
        -16.16864
    ],
    "Manakara": [
        48.01055,
        -22.14862
    ],
    "Maintirano": [
        44.02951,
        -18.06354
    ],
    "Mahavelona": [
        49.50869,
        -17.68475
    ],
    "Mahanoro": [
        48.8,
        -19.9
    ],
    "Mahalina": [
        48.81667,
        -12.53333
    ],
    "Mahajanga": [
        46.31667,
        -15.71667
    ],
    "Mahabe": [
        45.33333,
        -17.08333
    ],
    "Maevatanana": [
        46.83333,
        -16.95
    ],
    "Kopoky": [
        45.2,
        -25.2
    ],
    "Ikongo": [
        47.43333,
        -21.88333
    ],
    "Ikalamavony": [
        46.58333,
        -21.15
    ],
    "Ihosy": [
        46.12576,
        -22.40293
    ],
    "Ifatsy": [
        47.75,
        -22.4
    ],
    "Ifanadiana": [
        47.63333,
        -21.3
    ],
    "Fianarantsoa": [
        47.08569,
        -21.45267
    ],
    "Fenoarivo Be": [
        46.56667,
        -18.43333
    ],
    "Fenoarivo Atsinanana": [
        49.40826,
        -17.38095
    ],
    "Faratsiho": [
        46.95,
        -19.4
    ],
    "Farafangana": [
        47.82615,
        -22.82223
    ],
    "Fandriana": [
        47.38333,
        -20.23333
    ],
    "Fandrandava": [
        47.25,
        -21.51667
    ],
    "Betioky": [
        44.38069,
        -23.72065
    ],
    "Beteza": [
        45.11667,
        -24.45
    ],
    "Betafo": [
        46.85,
        -19.83333
    ],
    "Beroroha": [
        45.16667,
        -21.66667
    ],
    "Bemaitso": [
        48.5,
        -17.06667
    ],
    "Belo sur Tsiribihina": [
        44.54587,
        -19.69787
    ],
    "Beloha": [
        45.05,
        -25.16667
    ],
    "Behompy": [
        43.85,
        -23.25
    ],
    "Bealanana": [
        48.74981,
        -14.54329
    ],
    "Arivonimamo": [
        47.18333,
        -19.01667
    ],
    "Antsohimbondrona": [
        48.85,
        -13.08333
    ],
    "Antsohihy": [
        47.98751,
        -14.87959
    ],
    "Antsiranana": [
        49.29171,
        -12.2787
    ],
    "Antsirabe Afovoany": [
        48.96667,
        -15.95
    ],
    "Antsirabe": [
        47.03333,
        -19.86586
    ],
    "Antanimena": [
        44.1,
        -23.55
    ],
    "Antanifotsy": [
        47.31667,
        -19.65
    ],
    "Antananarivo": [
        47.53613,
        -18.91368
    ],
    "Antalaha": [
        50.27876,
        -14.90033
    ],
    "Antakotako": [
        49.8,
        -15.31667
    ],
    "Ankazondandy": [
        47.78333,
        -18.7
    ],
    "Ankazobe": [
        47.11667,
        -18.31667
    ],
    "Ankazoabo": [
        44.51667,
        -22.28333
    ],
    "Anjozorobe": [
        47.86667,
        -18.4
    ],
    "Anjepy": [
        47.71667,
        -18.85
    ],
    "Andramasina": [
        47.59016,
        -19.18785
    ],
    "Andoany": [
        48.26667,
        -13.4
    ],
    "Andilamena": [
        48.57313,
        -17.01009
    ],
    "Andovoranto": [
        49.1094,
        -18.95443
    ],
    "Andapa": [
        49.65,
        -14.65
    ],
    "Anandravy": [
        47.36667,
        -22.9
    ],
    "Anakao": [
        43.65,
        -23.66667
    ],
    "Ampasimanolotra": [
        49.06667,
        -18.81667
    ],
    "Amparafaravola": [
        48.22391,
        -17.5876
    ],
    "Ampanihy": [
        44.74581,
        -24.6937
    ],
    "Ampahana": [
        50.21667,
        -14.75
    ],
    "Ambovombe": [
        46.08722,
        -25.17838
    ],
    "Ambositra": [
        47.24344,
        -20.53034
    ],
    "Ambohitseheno": [
        47.8,
        -18.78333
    ],
    "Ambohitrolomahitsy": [
        47.68333,
        -18.7
    ],
    "Ambohitrandriamanitra": [
        47.78333,
        -19.08333
    ],
    "Ambodivoara": [
        49.98333,
        -14.33333
    ],
    "Ambodifotatra": [
        49.85,
        -16.98333
    ],
    "Amboasary": [
        45.95,
        -24.33333
    ],
    "Amboanjo": [
        47.85,
        -22
    ],
    "Ambilobe": [
        49.05,
        -13.2
    ],
    "Ambatondrazaka": [
        48.41667,
        -17.83333
    ],
    "Ambatolaona": [
        47.9,
        -18.93333
    ],
    "Ambatolampy": [
        47.41667,
        -19.38333
    ],
    "Ambatofinandrahana": [
        46.80365,
        -20.55284
    ],
    "Ambato Boeny": [
        46.71667,
        -16.46667
    ],
    "Ambarakaraka": [
        48.86667,
        -13.5
    ],
    "Ambanja": [
        48.45,
        -13.68333
    ],
    "Ambalavao": [
        46.93333,
        -21.83333
    ],
    "Ambalasoa": [
        46,
        -23.11667
    ],
    "Alarobia": [
        47.73333,
        -18.96667
    ]
}