{
    "Likiep": [
        169.31065,
        9.82511
    ],
    "Jabor": [
        169.64335,
        5.92098
    ],
    "Ailuk": [
        169.97967,
        10.21972
    ],
    "Majuro": [
        171.38027,
        7.08971
    ],
    "Taroa": [
        171.2275,
        8.70576
    ],
    "Ebaye": [
        167.73919,
        8.77479
    ],
    "Enewetak": [
        162.33733,
        11.34735
    ],
    "Ebon": [
        168.69636,
        4.58199
    ],
    "Aur": [
        171.16869,
        8.1499
    ],
    "Arno": [
        171.55413,
        7.06691
    ],
    "Airuk": [
        168.8203,
        7.27717
    ],
    "Mili": [
        171.73502,
        6.0815
    ],
    "Lae": [
        166.26344,
        8.92217
    ],
    "Utrik": [
        169.84739,
        11.22778
    ],
    "Ujae": [
        165.76416,
        8.93218
    ],
    "Rongelap": [
        166.89408,
        11.16351
    ],
    "Loen": [
        168.23072,
        7.76007
    ],
    "Namdrik": [
        168.10282,
        5.59944
    ],
    "Mejit": [
        170.86461,
        10.27531
    ],
    "Lib": [
        167.37662,
        8.31221
    ],
    "Kili": [
        169.12109,
        5.64387
    ],
    "Jabat": [
        168.97513,
        7.75003
    ],
    "Wotje": [
        170.23674,
        9.45429
    ],
    "Wotho": [
        166.01022,
        10.16575
    ],
    "RMI Capitol": [
        171.3805,
        7.08931
    ]
}