{
    "Zrnovci": [
        22.44444,
        41.85417
    ],
    "Zletovo": [
        22.23611,
        41.98861
    ],
    "Žitoše": [
        21.29056,
        41.42083
    ],
    "Желино": [
        21.06417,
        41.98028
    ],
    "Зелениково": [
        21.58694,
        41.88667
    ],
    "Zajas": [
        20.93833,
        41.60722
    ],
    "Vrutok": [
        20.83917,
        41.76861
    ],
    "Вратница": [
        21.11694,
        42.14333
    ],
    "Vrapčište": [
        20.88528,
        41.83389
    ],
    "Vraneštica": [
        21.02667,
        41.44528
    ],
    "Vladimirovo": [
        22.79278,
        41.71
    ],
    "Vinica": [
        22.50917,
        41.88278
    ],
    "Vevčani": [
        20.59333,
        41.24056
    ],
    "Velusa": [
        22.5675,
        41.47611
    ],
    "Velesta": [
        20.64389,
        41.24083
    ],
    "Vataša": [
        22.01889,
        41.41694
    ],
    "Василево": [
        22.64167,
        41.47611
    ],
    "Varoš": [
        21.5325,
        41.35722
    ],
    "Valandovo": [
        22.56111,
        41.31694
    ],
    "Ваксинце": [
        21.66306,
        42.20611
    ],
    "Usje": [
        21.45835,
        41.95871
    ],
    "Tuin": [
        21.04528,
        41.61944
    ],
    "Topolčani": [
        21.43139,
        41.22861
    ],
    "Veles": [
        21.77556,
        41.71556
    ],
    "Tetovo": [
        20.97139,
        42.01056
    ],
    "Теарце": [
        21.0525,
        42.07444
    ],
    "Sveti Nikole": [
        21.95274,
        41.86956
    ],
    "Sušica": [
        22.83639,
        41.43722
    ],
    "Студеничани": [
        21.53056,
        41.91583
    ],
    "Strumica": [
        22.64333,
        41.4375
    ],
    "Struga": [
        20.67784,
        41.17799
    ],
    "Strelci": [
        21.00361,
        41.53722
    ],
    "Stojakovo": [
        22.5775,
        41.15556
    ],
    "Shtip": [
        22.19583,
        41.74583
    ],
    "Старо Нагоричане": [
        21.82861,
        42.19806
    ],
    "Star Dojran": [
        22.7203,
        41.18647
    ],
    "Dolno Srpci": [
        21.36528,
        41.17417
    ],
    "Sredno Konjare": [
        21.71494,
        41.95743
    ],
    "Srbinovo": [
        20.95859,
        41.70586
    ],
    "Srbica": [
        21.03111,
        41.58806
    ],
    "Sopotnica": [
        21.155,
        41.29472
    ],
    "Сопиште": [
        21.4275,
        41.95472
    ],
    "Слупчане": [
        21.62778,
        42.17333
    ],
    "Slepče": [
        21.175,
        41.23333
    ],
    "Slatino": [
        21.0375,
        42.06778
    ],
    "Skopje": [
        21.43141,
        41.99646
    ],
    "Šipkovica": [
        20.91556,
        42.035
    ],
    "Selce": [
        20.93972,
        42.03472
    ],
    "Sekirnik": [
        22.79389,
        41.43806
    ],
    "Sedlarevo": [
        21.1275,
        41.88306
    ],
    "Сарај": [
        21.32778,
        42
    ],
    "Samokov": [
        21.14625,
        41.68331
    ],
    "Rusinovo": [
        22.80833,
        41.68333
    ],
    "Ростуша": [
        20.6,
        41.61
    ],
    "Rosoman": [
        21.94972,
        41.51611
    ],
    "Романовце": [
        21.69306,
        42.09472
    ],
    "Ресен": [
        21.01222,
        41.08889
    ],
    "Ранковце": [
        22.11617,
        42.16964
    ],
    "Радовиш": [
        22.46472,
        41.63833
    ],
    "Радолишта": [
        20.62333,
        41.16417
    ],
    "Радишани": [
        21.44778,
        42.06111
    ],
    "Pršovce": [
        21.06139,
        42.08361
    ],
    "Probishtip": [
        22.17861,
        42.00306
    ],
    "Prilep": [
        21.55444,
        41.34639
    ],
    "Podareš": [
        22.54222,
        41.61389
    ],
    "Пласница": [
        21.12306,
        41.46722
    ],
    "Pirok": [
        20.91056,
        41.91083
    ],
    "Pirava": [
        22.52972,
        41.32139
    ],
    "Петровец": [
        21.615,
        41.93889
    ],
    "Pehčevo": [
        22.89056,
        41.75944
    ],
    "Otlja": [
        21.58778,
        42.14389
    ],
    "Orizari": [
        22.44694,
        41.92278
    ],
    "Орашац": [
        21.79972,
        42.0625
    ],
    "Oraovica": [
        22.51333,
        41.62583
    ],
    "Oktisi": [
        20.60722,
        41.2325
    ],
    "Ohrid": [
        20.80194,
        41.11722
    ],
    "Ognjaci": [
        21.58306,
        41.92167
    ],
    "Obršani": [
        21.36278,
        41.28222
    ],
    "Облешево": [
        22.33389,
        41.88333
    ],
    "Ново Село": [
        22.88111,
        41.41389
    ],
    "Novaci": [
        21.45611,
        41.04194
    ],
    "Нераште": [
        21.10889,
        42.10667
    ],
    "Неготино": [
        20.88389,
        41.87861
    ],
    "Negotino": [
        22.08917,
        41.48389
    ],
    "Murtino": [
        22.72667,
        41.41528
    ],
    "Demir Hisar": [
        21.20306,
        41.22167
    ],
    "Morani": [
        21.54997,
        41.90978
    ],
    "Могила": [
        21.37861,
        41.10833
    ],
    "Мислешево": [
        20.70861,
        41.185
    ],
    "Miravci": [
        22.435,
        41.30778
    ],
    "Miletino": [
        21.01601,
        41.90753
    ],
    "Миладиновци": [
        21.64944,
        41.97806
    ],
    "Mešeišta": [
        20.77414,
        41.23814
    ],
    "Матејче": [
        21.59778,
        42.12556
    ],
    "Марино": [
        21.59111,
        41.99306
    ],
    "Lukovo": [
        20.60472,
        41.34944
    ],
    "Lojane": [
        21.665,
        42.23333
    ],
    "Logovardi": [
        21.41139,
        41.02972
    ],
    "Ljubin": [
        21.30917,
        42.00139
    ],
    "Lisičani": [
        21.05444,
        41.46139
    ],
    "Липково": [
        21.58528,
        42.15639
    ],
    "Lažani": [
        21.31583,
        41.44222
    ],
    "Larce": [
        21.12628,
        41.93318
    ],
    "Лабуништа": [
        20.59611,
        41.26861
    ],
    "Kumanovo": [
        21.71444,
        42.13222
    ],
    "Kukurečani": [
        21.32556,
        41.09556
    ],
    "Куклиш": [
        22.66528,
        41.40528
    ],
    "Крушопек": [
        21.35444,
        41.97833
    ],
    "Крушево": [
        21.24889,
        41.36889
    ],
    "Krivogashtani": [
        21.33306,
        41.33611
    ],
    "Крива Паланка": [
        22.33194,
        42.20194
    ],
    "Kratovo": [
        22.18139,
        42.07917
    ],
    "Krani": [
        21.10911,
        40.93934
    ],
    "Kosel": [
        20.83556,
        41.17444
    ],
    "Кондово": [
        21.31361,
        42.01167
    ],
    "Konče": [
        22.385,
        41.49583
    ],
    "Kochani": [
        22.41278,
        41.91639
    ],
    "Клечовце": [
        21.85722,
        42.11611
    ],
    "Kičevo": [
        20.96333,
        41.51444
    ],
    "Kavadarci": [
        22.01194,
        41.43306
    ],
    "Karbinci": [
        22.2375,
        41.81667
    ],
    "Kanatlarci": [
        21.50333,
        41.21028
    ],
    "Kamenjane": [
        20.92667,
        41.94444
    ],
    "Makedonska Kamenica": [
        22.5876,
        42.02079
    ],
    "Кадино": [
        21.60139,
        41.96889
    ],
    "Јурумлери": [
        21.55694,
        41.96722
    ],
    "Јегуновце": [
        21.12361,
        42.07361
    ],
    "Jankovec": [
        21.01139,
        41.11028
    ],
    "Извор": [
        21.57833,
        42.20389
    ],
    "Ivankovci": [
        21.82028,
        41.84889
    ],
    "Ilovica": [
        22.79861,
        41.47056
    ],
    "Идризово": [
        21.57556,
        41.96083
    ],
    "Gurgurnica": [
        21.10538,
        41.84508
    ],
    "Grnčari": [
        21.05333,
        41.01722
    ],