{
    "Yorosso": [
        -4.77688,
        12.35812
    ],
    "Timbuktu": [
        -3.00742,
        16.77348
    ],
    "Ténenkou": [
        -4.9169,
        14.45722
    ],
    "Taoudenni": [
        -3.97891,
        22.67443
    ],
    "Sokolo": [
        -6.1219,
        14.7328
    ],
    "Sikasso": [
        -5.66654,
        11.31755
    ],
    "Ségou": [
        -6.2157,
        13.4317
    ],
    "San": [
        -4.89562,
        13.30335
    ],
    "Sagalo": [
        -10.7,
        12.2
    ],
    "Niafounké": [
        -3.9906,
        15.9322
    ],
    "Mopti": [
        -4.18296,
        14.4843
    ],
    "Ménaka": [
        2.4022,
        15.9182
    ],
    "Markala": [
        -6.0659,
        13.7021
    ],
    "Koutiala": [
        -5.46421,
        12.39173
    ],
    "Koulikoro": [
        -7.55985,
        12.86273
    ],
    "Kolondiéba": [
        -6.8929,
        11.08943
    ],
    "Kolokani": [
        -8.0339,
        13.5728
    ],
    "Kokofata": [
        -9.95,
        12.88333
    ],
    "Kita": [
        -9.4895,
        13.0349
    ],
    "Kidal": [
        1.40778,
        18.44111
    ],
    "Kinmparana": [
        -4.9245,
        12.84217
    ],
    "Ké-Macina": [
        -5.35791,
        13.9641
    ],
    "Kayes": [
        -11.44448,
        14.44693
    ],
    "Kati": [
        -8.07257,
        12.74409
    ],
    "Kangaba": [
        -8.41667,
        11.93333
    ],
    "Goundam": [
        -3.67075,
        16.41453
    ],
    "Gao": [
        -0.04472,
        16.27167
    ],
    "Douentza": [
        -2.94978,
        15.00155
    ],
    "Djénné": [
        -4.55332,
        13.90608
    ],
    "Diré": [
        -10.96667,
        12.28333
    ],
    "Bougouni": [
        -7.48323,
        11.41769
    ],
    "Bandiagara": [
        -3.61038,
        14.35005
    ],
    "Banamba": [
        -7.44808,
        13.54773
    ],
    "Bamako": [
        -8,
        12.65
    ],
    "Bafoulabé": [
        -10.8321,
        13.8065
    ],
    "Araouane": [
        -3.52649,
        18.90476
    ],
    "Ansongo": [
        0.5022,
        15.6597
    ],
    "Inékar": [
        3.14111,
        15.95944
    ]
}