{
    "Yenangyaung": [
        94.8712,
        20.46504
    ],
    "Nyaungdon": [
        95.63957,
        17.04459
    ],
    "Yamethin": [
        96.13874,
        20.43189
    ],
    "Wakema": [
        95.18278,
        16.60333
    ],
    "Twante": [
        95.92866,
        16.71047
    ],
    "Taungoo": [
        96.43408,
        18.94291
    ],
    "Thongwa": [
        96.52498,
        16.75998
    ],
    "Thayetmyo": [
        95.18272,
        19.32076
    ],
    "Thaton": [
        97.37001,
        16.91867
    ],
    "Tharyarwady": [
        95.78813,
        17.65399
    ],
    "Thanatpin": [
        96.30333,
        17.21194
    ],
    "Dawei": [
        98.19423,
        14.07375
    ],
    "Taunggyi": [
        97.03776,
        20.78919
    ],
    "Taungdwingyi": [
        95.54531,
        20.0065
    ],
    "Syriam": [
        96.24503,
        16.76887
    ],
    "Sittwe": [
        92.89835,
        20.14624
    ],
    "Shwebo": [
        95.69818,
        22.56925
    ],
    "Sagaing": [
        95.97965,
        21.8787
    ],
    "Rangoon": [
        96.15611,
        16.80528
    ],
    "Pyu": [
        96.43742,
        18.4813
    ],
    "Pyinmana": [
        96.20742,
        19.7381
    ],
    "Pyay": [
        95.22216,
        18.82464
    ],
    "Pyapon": [
        95.67882,
        16.28543
    ],
    "Bago": [
        96.48135,
        17.33521
    ],
    "Paungde": [
        95.50591,
        18.49167
    ],
    "Pakokku": [
        95.08438,
        21.33489
    ],
    "Hpa-an": [
        97.63482,
        16.88953
    ],
    "Nyaunglebin": [
        96.72247,
        17.95363
    ],
    "Myitkyina": [
        97.39439,
        25.38641
    ],
    "Myingyan": [
        95.3884,
        21.46002
    ],
    "Myanaung": [
        95.32014,
        18.28651
    ],
    "Mudon": [
        97.7246,
        16.25624
    ],
    "Mawlamyinegyunn": [
        95.26488,
        16.3772
    ],
    "Mawlamyine": [
        97.62825,
        16.49051
    ],
    "Monywa": [
        95.13583,
        22.10856
    ],
    "Mogok": [
        96.50982,
        22.91766
    ],
    "Minbu": [
        94.87595,
        20.18059
    ],
    "Myeik": [
        98.60028,
        12.43954
    ],
    "Meiktila": [
        95.85844,
        20.87776
    ],
    "Maymyo": [
        96.47066,
        22.02826
    ],
    "Mawlaik": [
        94.40478,
        23.64254
    ],
    "Maubin": [
        95.65441,
        16.73148
    ],
    "Martaban": [
        97.6157,
        16.52834
    ],
    "Mandalay": [
        96.08359,
        21.97473
    ],
    "Magway": [
        94.93246,
        20.14956
    ],
    "Loikaw": [
        97.20975,
        19.67798
    ],
    "Letpandan": [
        95.75076,
        17.78664
    ],
    "Lashio": [
        97.7498,
        22.9359
    ],
    "Kyaukse": [
        96.13508,
        21.6056
    ],
    "Kyaikto": [
        97.01124,
        17.30858
    ],
    "Kyaiklat": [
        95.72373,
        16.44502
    ],
    "Kyaikkami": [
        97.56388,
        16.07686
    ],
    "Kayan": [
        96.56037,
        16.90802
    ],
    "Kanbe": [
        96.00168,
        16.70728
    ],
    "Hinthada": [
        95.45706,
        17.64944
    ],
    "Hakha": [
        93.61667,
        22.65
    ],
    "Falam": [
        93.67779,
        22.91335
    ],
    "Chauk": [
        94.81784,
        20.89921
    ],
    "Bogale": [
        95.39742,
        16.29416
    ],
    "Bhamo": [
        97.23357,
        24.25256
    ],
    "Pathein": [
        94.73212,
        16.77919
    ],
    "Myaydo": [
        95.21512,
        19.36838
    ],
    "Nay Pyi Taw": [
        96.12972,
        19.745
    ]
}