{
    "Uyenchi Somon": [
        92.01667,
        46.05
    ],
    "Uujim": [
        89.61667,
        48.9
    ],
    "Urdgol": [
        92.65,
        47.83333
    ],
    "Uliastay": [
        96.84444,
        47.74167
    ],
    "Ulaantolgoy": [
        92.78333,
        46.68333
    ],
    "Ulaangom": [
        92.06667,
        49.98111
    ],
    "Tsetserleg": [
        101.45417,
        47.475
    ],
    "Tsetsegnuur": [
        93.26667,
        46.6
    ],
    "Tsenher": [
        92.11667,
        46.91667
    ],
    "Tseel": [
        95.86667,
        45.56667
    ],
    "Tsalgar": [
        93.26667,
        49.71667
    ],
    "Tsahir": [
        98.85167,
        48.07972
    ],
    "Tsagaantüngi": [
        90.45,
        49.05
    ],
    "Tsagaan-Olom": [
        96.52588,
        46.71327
    ],
    "Tsagaanchuluut": [
        96.67145,
        47.11196
    ],
    "Tosontsengel": [
        98.28389,
        48.75667
    ],
    "Tooromt": [
        93.58333,
        50.46667
    ],
    "Tolbo": [
        90.28333,
        48.41667
    ],
    "Tögrög": [
        94.81544,
        45.82976
    ],
    "Vlaa Vula": [
        99.23333,
        50.68333
    ],
    "Tegsh": [
        95.99974,
        48.75132
    ],
    "Taygan": [
        97.36633,
        46.35356
    ],
    "Talshand": [
        97.98333,
        45.33333
    ],
    "Tahilt": [
        96.6457,
        45.3466
    ],
    "Shiree": [
        103.4,
        45.85
    ],
    "Sharga": [
        102.08925,
        49.04192
    ],
    "Sharbulag": [
        93.1,
        48.81667
    ],
    "Sayn-Ust": [
        94.52448,
        47.35732
    ],
    "Sangiyn Dalay": [
        105.13796,
        42.84199
    ],
    "Rashaant": [
        106.2,
        45.3
    ],
    "Oygon": [
        96.54339,
        48.98562
    ],
    "Telmin Suma": [
        97.61861,
        48.64278
    ],
    "Orgil": [
        105.31769,
        48.4538
    ],
    "Ölgiy": [
        89.9625,
        48.96833
    ],
    "Nuga": [
        95.11667,
        48.31667
    ],
    "Nogoonnuur": [
        90.24204,
        49.61627
    ],
    "Naranbulag": [
        113.37427,
        49.2436
    ],
    "Namir": [
        91.71782,
        49.10641
    ],
    "Tsagaanhayrhan": [
        94.23333,
        49.4
    ],
    "Mandal": [
        106.74076,
        48.37062
    ],
    "Jargalant": [
        104.40803,
        49.12915
    ],
    "Ider": [
        99.87389,
        48.77278
    ],
    "Hunt": [
        99.46667,
        47.86667
    ],
    "Hungiy": [
        94.29428,
        48.51672
    ],
    "Höviyn Am": [
        98.5714,
        47.23123
    ],
    "Höshööt": [
        102.55686,
        48.1009
    ],
    "Holboo": [
        95.43257,
        48.58876
    ],
    "Höhtolgoy": [
        90.91015,
        49.28001
    ],
    "Hödrögö": [
        96.96259,
        48.87284
    ],
    "Havtsal": [
        91.66667,
        50.1
    ],
    "Har-Us": [
        91.43333,
        48.48333
    ],
    "Harmod": [
        91.60641,
        50.3413
    ],
    "Harhiraa": [
        91.90424,
        49.77849
    ],
    "Haliun": [
        96.16239,
        45.9296
    ],
    "Halban": [
        97.7409,
        49.52877
    ],
    "Erdenet": [
        104.08333,
        49.03333
    ],
    "Dzüyl": [
        93.90409,
        46.30686
    ],
    "Dzuunmod": [
        106.95278,
        47.70694
    ],
    "Dzüünhövöö": [
        92.4024,
        50.60977
    ],
    "Dzür": [
        95.79323,
        49.65796
    ],
    "Dzöölön": [
        99.67226,
        51.10719
    ],
    "Dzel": [
        93.78582,
        49.90713
    ],
    "Dzalaa": [
        99.26667,
        44.53333
    ],
    "Dzag": [
        99.16689,
        46.94229
    ],
    "Dzadgay": [
        99.59862,
        46.21061
    ],
    "Duut": [
        91.63333,
        47.51667
    ],
    "Khovd": [
        91.64194,
        48.00556
    ],
    "Tsagaannuur": [
        99.34444,
        51.35639
    ],
    "Delgermörön": [
        98.28712,
        46.40946
    ],
    "Darvi": [
        93.61673,
        46.93678
    ],
    "Chihertey": [
        89.51557,
        48.30272
    ],
    "Chandmanĭ": [
        110.46667,
        45.53333
    ],
    "Buyant": [
        110.83333,
        46.25
    ],
    "Buyanbat": [
        95.92532,
        46.97838
    ],
    "Bürenhayrhan": [
        91.56667,
        46.08333
    ],
    "Bulgan": [
        103.54288,
        44.09745
    ],
    "Bugat": [
        103.66583,
        49.06667
    ],
    "Buga": [
        95.0005,
        47.65013
    ],
    "Altay sumu": [
        92.28333,
        45.8
    ],
    "Bilüü": [
        89.43798,
        49.04372
    ],
    "Bayshint": [
        104.81667,
        47.41667
    ],
    "Bayan-Uhaa": [
        98.79181,
        48.71906
    ],
    "Bayansayr": [
        99.43314,
        45.55529
    ],
    "Bayan-Ovoo": [
        111.63333,
        49.01667
    ],
    "Bayanhoshuu": [
        100.1433,
        46.70197
    ],
    "Bayangol": [
        94.36449,
        45.55655
    ],
    "Bayanbulag": [
        109.91667,
        47.86667
    ],
    "Bayan": [
        110.16667,
        46.25
    ],
    "Baruunturuun": [
        94.40414,
        49.65963
    ],
    "Balgatay": [
        97.15,
        46.9
    ],
    "Altraga": [
        98.97205,
        50.1791
    ],
    "Altay": [
        96.3592,
        49.70317
    ],
    "Altai": [
        96.25833,
        46.37222
    ],
    "Altanteel": [
        92.84374,
        47.11044
    ],
    "Altanbulag": [
        106.4,
        47.7
    ],
    "Altan": [
        95.71667,
        48.11667
    ],
    "Aldar": [
        96.53687,
        47.64226
    ],
    "Horgo": [
        99.87556,
        48.16
    ],
    "Üydzen": [
        106.86985,
        44.08216
    ],
    "Uubulan": [
        101.93424,
        48.60885
    ],
    "Urt": [
        101.04813,
        43.23245
    ],
    "Uldz": [
        111.99463,
        48.69028
    ],
    "Ulaan-Uul": [
        111.23333,
        44.33333
    ],
    "Ulaanjirem": [
        105.56667,
        45.05
    ],
    "Ulaanhudag": [
        104.5,
        47.33333
    ],
    "Ulaanhad": [
        105.55321,
        47.94993
    ],
    "Ulaan-Ereg": [
        109.75,
        46.9
    ],
    "Ulaandel": [
        113.577,
        46.36446
    ],
    "Ulaanbaatar": [
        106.88324,
        47.90771
    ],
    "Turt": [
        100.66257,
        51.50725
    ],
    "Tsul-Ulaan": [
        104.5,
        47.83333
    ],
    "Tsoohor": [
        104.07417,
        43.30657
    ],
    "Tsomog": [
        109.06667,
        45.91667
    ],
    "Tsengel": [
        100.88944,
        49.47833
    ],
    "Tsant": [
        106.71667,
        46.18333
    ],
    "Tsagaan-Ovoo": [
        105.75594,
        45.50719
    ],
    "Tsagaandörvölj": [
        109.31826,
        45.79817
    ],
    "Tsagaanders": [
        114.36667,
        48.05
    ],
    "Naran-mandokhu Somon": [
        108.25,
        44.4
    ],
    "Teshig": [
        102.66123,
        49.94669
    ],
    "Teel": [
        100.50917,
        48.04639
    ],
    "Tavin": [
        105.73517,
        46.39194
    ],
    "Tavanbulag": [
        101.90815,
        47.38185
    ],
    "Dashinchilling": [
        104.05,
        47.85
    ],
    "Suugaant": [
        107.04546,
        45.53257
    ],
    "Sümiyn Bulag": [
        114.88333,
        49.13333
    ],
    "Sühbaatar": [
        106.20778,
        50.23139
    ],
    "Sört": [
        104.38196,
        49.31751
    ],
    "Shireet": [
        112.35563,
        45.72727
    ],
    "Sharïngol": [
        106.43005,
        49.23733
    ],
    "Sharhulsan": [
        104.05,
        44.65
    ],
    "Sergelen": [
        111.81667,
        46.2
    ],
    "Senj": [
        110.76667,
        44.71667
    ],
    "Selenge": [
        101.46667,
        49.43333
    ],
    "Saynshand": [
        110.11631,
        44.88239
    ],