{
    "San Jose Village": [
        145.61998,
        14.96823
    ],
    "Saipan": [
        145.7545,
        15.21233
    ]
}