{
    "Saint-Pierre": [
        -61.17533,
        14.74383
    ],
    "Saint-Joseph": [
        -61.04558,
        14.66792
    ],
    "Sainte-Marie": [
        -60.99274,
        14.78392
    ],
    "Sainte-Luce": [
        -60.92708,
        14.46733
    ],
    "Rivière-Pilote": [
        -60.9035,
        14.47746
    ],
    "Petite Rivière Salée": [
        -60.96667,
        14.75
    ],
    "Le Vauclin": [
        -60.83883,
        14.54524
    ],
    "Les Trois-Îlets": [
        -61.03608,
        14.539
    ],
    "Saint-Esprit": [
        -60.93333,
        14.55
    ],
    "Le Robert": [
        -60.94228,
        14.67751
    ],
    "Le Morne-Rouge": [
        -61.13333,
        14.76667
    ],
    "Le Marin": [
        -60.86973,
        14.47212
    ],
    "Le Lorrain": [
        -61.05667,
        14.83292
    ],
    "Le Lamentin": [
        -61.00933,
        14.608
    ],
    "Le François": [
        -60.90308,
        14.61557
    ],
    "La Trinité": [
        -60.96286,
        14.73758
    ],
    "Le Gros-Morne": [
        -61,
        14.7
    ],
    "Fort-de-France": [
        -61.07334,
        14.60892
    ],
    "Ducos": [
        -60.97453,
        14.57529
    ],
    "Basse-Pointe": [
        -61.11504,
        14.86954
    ]
}