{
    "Zouérat": [
        -12.45205,
        22.71873
    ],
    "Tékane": [
        -15.45972,
        16.57806
    ],
    "Tidjikja": [
        -11.42715,
        18.55644
    ],
    "Sélibabi": [
        -12.1829,
        15.15895
    ],
    "Rosso": [
        -15.80503,
        16.51378
    ],
    "Nouakchott": [
        -15.9785,
        18.08581
    ],
    "Nouâdhibou": [
        -17.03465,
        20.93098
    ],
    "Néma": [
        -7.2535,
        16.6162
    ],
    "Kiffa": [
        -11.40453,
        16.61659
    ],
    "Kaédi": [
        -13.50474,
        16.14653
    ],
    "Chingueṭṭi": [
        -12.2622,
        20.44036
    ],
    "Barkéwol": [
        -12.49849,
        16.64039
    ],
    "’Ayoûn el ’Atroûs": [
        -9.6149,
        16.6614
    ],
    "Atar": [
        -13.04986,
        20.51686
    ],
    "Aleg": [
        -13.9209,
        17.0481
    ],
    "Akjoujt": [
        -14.41639,
        19.69694
    ]
}