{
    "Saint Peters": [
        -62.21729,
        16.7727
    ],
    "Plymouth": [
        -62.21292,
        16.70555
    ],
    "Brades": [
        -62.21058,
        16.79183
    ]
}