{
    "Marsaxlokk": [
        14.54306,
        35.84194
    ],
    "Żurrieq": [
        14.47417,
        35.83111
    ],
    "Żejtun": [
        14.53306,
        35.85583
    ],
    "Żebbuġ": [
        14.44111,
        35.87194
    ],
    "Żabbar": [
        14.535,
        35.87611
    ],
    "Xgħajra": [
        14.5475,
        35.88556
    ],
    "Xewkija": [
        14.25806,
        36.03278
    ],
    "Xagħra": [
        14.26444,
        36.05
    ],
    "Valletta": [
        14.51472,
        35.89972
    ],
    "Ta’ Xbiex": [
        14.49444,
        35.89917
    ],
    "Tarxien": [
        14.515,
        35.86583
    ],
    "Sliema": [
        14.50194,
        35.9125
    ],
    "Siġġiewi": [
        14.43639,
        35.85556
    ],
    "Santa Venera": [
        14.47417,
        35.89083
    ],
    "Saint Lucia": [
        14.21722,
        36.04306
    ],
    "Santa Luċija": [
        14.5075,
        35.86278
    ],
    "San Pawl il-Baħar": [
        14.41561,
        35.95064
    ],
    "Sannat": [
        14.24278,
        36.02444
    ],
    "San Lawrenz": [
        14.20361,
        36.05556
    ],
    "San Ġiljan": [
        14.48977,
        35.91839
    ],
    "Safi": [
        14.48472,
        35.83306
    ],
    "Paola": [
        14.49889,
        35.87306
    ],
    "Victoria": [
        14.23972,
        36.04444
    ],
    "Rabat": [
        14.39415,
        35.87417
    ],
    "Qrendi": [
        14.45833,
        35.83472
    ],
    "Qormi": [
        14.472,
        35.87601
    ],
    "Qala": [
        14.30944,
        36.03611
    ],
    "Pietà": [
        14.495,
        35.89472
    ],
    "Naxxar": [
        14.44361,
        35.91361
    ],
    "Nadur": [
        14.29417,
        36.03778
    ],
    "Munxar": [
        14.23333,
        36.03
    ],
    "Imtarfa": [
        14.39889,
        35.89333
    ],
    "Imsida": [
        14.48278,
        35.8925
    ],
    "Mqabba": [
        14.46824,
        35.84763
    ],
    "Mosta": [
        14.42556,
        35.90917
    ],
    "Mġarr": [
        14.295,
        36.02528
    ],
    "Imġarr": [
        14.36639,
        35.92056
    ],
    "Mellieħa": [
        14.36222,
        35.95639
    ],
    "Imdina": [
        14.4025,
        35.88694
    ],
    "Marsaskala": [
        14.56701,
        35.8622
    ],
    "Marsa": [
        14.49528,
        35.87917
    ],
    "Luqa": [
        14.48861,
        35.85889
    ],
    "Senglea": [
        14.51694,
        35.8875
    ],
    "L-Iklin": [
        14.45415,
        35.90414
    ],
    "Lija": [
        14.44639,
        35.90056
    ],
    "Kirkop": [
        14.48528,
        35.84222
    ],
    "Kerċem": [
        14.22667,
        36.04194
    ],
    "Kalkara": [
        14.53278,
        35.88917
    ],
    "Swieqi": [
        14.48,
        35.9225
    ],
    "Gżira": [
        14.48806,
        35.90583
    ],
    "Floriana": [
        14.50833,
        35.89583
    ],
    "Vittoriosa": [
        14.51833,
        35.89222
    ],
    "Ħamrun": [
        14.48444,
        35.88472
    ],
    "Gudja": [
        14.50306,
        35.84917
    ],
    "Għaxaq": [
        14.51667,
        35.84889
    ],
    "Għasri": [
        14.22639,
        36.05778
    ],
    "Għargħur": [
        14.45194,
        35.92417
    ],
    "Għarb": [
        14.20889,
        36.06
    ],
    "Għajnsielem": [
        14.285,
        36.02639
    ],
    "Fgura": [
        14.51333,
        35.87028
    ],
    "Dingli": [
        14.38222,
        35.86139
    ],
    "Cospicua": [
        14.5275,
        35.88556
    ],
    "Birżebbuġa": [
        14.52694,
        35.82583
    ],
    "Birkirkara": [
        14.46111,
        35.89722
    ],
    "Balzan": [
        14.455,
        35.90028
    ],
    "Attard": [
        14.4425,
        35.88972
    ],
    "Saint John": [
        14.47611,
        35.90556
    ],
    "Fontana": [
        14.23611,
        36.0375
    ],
    "Pembroke": [
        14.47639,
        35.93056
    ]
}