{
    "Verdun": [
        57.54389,
        -20.22833
    ],
    "Vacoas": [
        57.47833,
        -20.29806
    ],
    "Triolet": [
        57.54528,
        -20.05472
    ],
    "The Vale": [
        57.58778,
        -20.02833
    ],
    "Terre Rouge": [
        57.52444,
        -20.12611
    ],
    "Tamarin": [
        57.37056,
        -20.32556
    ],
    "Surinam": [
        57.50528,
        -20.50972
    ],
    "Souillac": [
        57.51667,
        -20.51667
    ],
    "Sebastopol": [
        57.6875,
        -20.28889
    ],
    "Saint Pierre": [
        57.52083,
        -20.2175
    ],
    "Saint Julien": [
        57.63639,
        -20.22639
    ],
    "Saint Hubert": [
        57.63833,
        -20.36417
    ],
    "Saint Aubin": [
        57.55,
        -20.496
    ],
    "Morcellemont Saint André": [
        57.55806,
        -20.07306
    ],
    "Rose Belle": [
        57.59667,
        -20.40028
    ],
    "Roche Terre": [
        57.64472,
        -20.01861
    ],
    "Roches Noire": [
        57.71222,
        -20.11111
    ],
    "Grande Rivière Noire": [
        57.36611,
        -20.36028
    ],
    "Rivière du Rempart": [
        57.68472,
        -20.10306
    ],
    "Rivière des Anguilles": [
        57.55083,
        -20.48528
    ],
    "Queen Victoria": [
        57.7075,
        -20.22
    ],
    "Quatre Soeurs": [
        57.77056,
        -20.29917
    ],
    "Quatre Bornes": [
        57.4791,
        -20.26381
    ],
    "Quartier Militaire": [
        57.58917,
        -20.24389
    ],
    "Providence": [
        57.61222,
        -20.24472
    ],
    "Poste de Flacq": [
        57.73056,
        -20.16306
    ],
    "Port Louis": [
        57.49889,
        -20.16194
    ],
    "Plaine Magnien": [
        57.66968,
        -20.42967
    ],
    "Plaine des Papayes": [
        57.5725,
        -20.065
    ],
    "Petit Raffray": [
        57.61194,
        -20.01333
    ],
    "Petite Rivière": [
        57.44592,
        -20.19551
    ],
    "Petite Case Noyale": [
        57.365,
        -20.39306
    ],
    "Pamplemousses": [
        57.57028,
        -20.10389
    ],
    "Pailles": [
        57.48826,
        -20.19271
    ],
    "Olivia": [
        57.72556,
        -20.2975
    ],
    "Nouvelle France": [
        57.56111,
        -20.37056
    ],
    "Notre Dame": [
        57.55306,
        -20.14056
    ],
    "New Grove": [
        57.61361,
        -20.40861
    ],
    "Piton": [
        57.63028,
        -20.09028
    ],
    "Montagne Blanche": [
        57.65444,
        -20.28278
    ],
    "Moka": [
        57.49583,
        -20.21889
    ],
    "Midlands": [
        57.55833,
        -20.3325
    ],
    "Melrose": [
        57.63194,
        -20.26972
    ],
    "Mahébourg": [
        57.7,
        -20.40806
    ],
    "Long Mountain": [
        57.56222,
        -20.14306
    ],
    "Lalmatie": [
        57.66111,
        -20.18972
    ],
    "La Dagotière": [
        57.55417,
        -20.24444
    ],
    "Grand Sable": [
        57.76444,
        -20.31417
    ],
    "Grande Rivière Sud Est": [
        57.77583,
        -20.28611
    ],
    "Grand Gaube": [
        57.66083,
        -20.00639
    ],
    "Grand Baie": [
        57.58015,
        -20.01816
    ],
    "Grand Bois": [
        57.54417,
        -20.41889
    ],
    "Goodlands": [
        57.64306,
        -20.035
    ],
    "Fond du Sac": [
        57.57861,
        -20.04306
    ],
    "Flic en Flac": [
        57.36306,
        -20.27417
    ],
    "Espérance Trébuchet": [
        57.64194,
        -20.06972
    ],
    "Curepipe": [
        57.52028,
        -20.31472
    ],
    "Crève Coeur": [
        57.55722,
        -20.19111
    ],
    "Clémencia": [
        57.70611,
        -20.26389
    ],
    "Chemin Grenier": [
        57.46556,
        -20.48722
    ],
    "Chamouny": [
        57.46611,
        -20.48222
    ],
    "Centre de Flacq": [
        57.71444,
        -20.18972
    ],
    "Cascavelle": [
        57.40722,
        -20.28694
    ],
    "Cap Malheureux": [
        57.61417,
        -19.98417
    ],
    "Camp Thorel": [
        57.61611,
        -20.21472
    ],
    "Camp Diable": [
        57.57889,
        -20.46278
    ],
    "Camp de Masque": [
        57.66333,
        -20.23694
    ],
    "Brisée Verdière": [
        57.64667,
        -20.16389
    ],
    "Bon Accueil": [
        57.65639,
        -20.17083
    ],
    "Bois des Amourettes": [
        57.73111,
        -20.36306
    ],
    "Bel Air": [
        57.74528,
        -20.25417
    ],
    "Beau Vallon": [
        57.69528,
        -20.41889
    ],
    "Albion": [
        57.40083,
        -20.21167
    ],
    "Laventure": [
        57.67667,
        -20.14583
    ],
    "Cluny": [
        57.60389,
        -20.36694
    ],
    "Cottage": [
        57.62917,
        -20.05972
    ],
    "Grande Pointe aux Piments": [
        57.51306,
        -20.06278
    ],
    "Congomah": [
        57.59083,
        -20.14889
    ],
    "Amaury": [
        57.65917,
        -20.13083
    ],
    "Plaines des Roches": [
        57.69083,
        -20.11167
    ],
    "Mare La Chaux": [
        57.74944,
        -20.19806
    ],
    "Quatre Cocos": [
        57.7625,
        -20.20778
    ],
    "Camp Ithier": [
        57.74556,
        -20.21583
    ],
    "Ecroignard": [
        57.73611,
        -20.22611
    ],
    "Bambous Virieux": [
        57.7575,
        -20.34278
    ],
    "Ebene": [
        57.49163,
        -20.24494
    ],
    "Gros Cailloux": [
        57.43,
        -20.20722
    ],
    "Mapou": [
        57.60139,
        -20.07583
    ],
    "Dubreuil": [
        57.595,
        -20.2975
    ],
    "Le Hochet": [
        57.52111,
        -20.135
    ],
    "Calebasses": [
        57.55389,
        -20.11167
    ],
    "Arsenal": [
        57.53528,
        -20.10556
    ],
    "Port Mathurin": [
        63.41667,
        -19.68333
    ],
    "Baie aux Huîtres": [
        63.40833,
        -19.69444
    ],
    "Cargados Carajos": [
        59.65851,
        -16.60329
    ]
}