{
    "Meedhoo": [
        73.23333,
        -0.58333
    ],
    "Male": [
        73.50888,
        4.1748
    ],
    "Hithadhoo": [
        73.08333,
        -0.6
    ],
    "Mahibadhoo": [
        72.96893,
        3.75713
    ],
    "Eydhafushi": [
        73.07078,
        5.10327
    ],
    "Kudahuvadhoo": [
        72.89437,
        2.67075
    ],
    "Viligili": [
        73.43296,
        0.75906
    ],
    "Thinadhoo": [
        72.93333,
        0.53333
    ],
    "Fuvahmulah": [
        73.42403,
        -0.29878
    ],
    "Dhidhdhoo": [
        73.11402,
        6.88744
    ],
    "Kulhudhuffushi": [
        73.06998,
        6.62207
    ],
    "Naifaru": [
        73.36571,
        5.44438
    ],
    "Muli": [
        73.56667,
        2.91667
    ],
    "Manadhoo": [
        73.4136,
        5.76687
    ],
    "Ugoofaaru": [
        73.03017,
        5.66812
    ],
    "Funadhoo": [
        73.29013,
        6.15091
    ],
    "Veymandoo": [
        73.09556,
        2.18772
    ],
    "Felidhoo": [
        73.54699,
        3.47182
    ],
    "Fonadhoo": [
        73.50257,
        1.83243
    ],
    "Vilufushi": [
        73.30859,
        2.50306
    ],
    "Madifushi": [
        73.35473,
        2.35582
    ],
    "Open Stage": [
        73.07115,
        5.1053
    ]
}