{
    "Karonga": [
        33.93333,
        -9.93333
    ],
    "Chitipa": [
        33.26969,
        -9.70237
    ],
    "Zomba": [
        35.3188,
        -15.38596
    ],
    "Thyolo": [
        35.14046,
        -16.06775
    ],
    "Salima": [
        34.4587,
        -13.7804
    ],
    "Rumphi": [
        33.85746,
        -11.01863
    ],
    "Phalombe": [
        35.65067,
        -15.80635
    ],
    "Ntchisi": [
        33.9149,
        -13.52775
    ],
    "Ntcheu": [
        34.63586,
        -14.82027
    ],
    "Nsanje": [
        35.26199,
        -16.91995
    ],
    "Nkhotakota": [
        34.29614,
        -12.92744
    ],
    "Nkhata Bay": [
        34.29073,
        -11.60659
    ],
    "Neno": [
        34.65343,
        -15.39805
    ],
    "Mzuzu": [
        34.02071,
        -11.46556
    ],
    "Mzimba": [
        33.6,
        -11.9
    ],
    "Mwanza": [
        34.52479,
        -15.60262
    ],
    "Mulanje": [
        35.5,
        -16.03163
    ],
    "Mponela": [
        33.74008,
        -13.53194
    ],
    "Monkey Bay": [
        34.91652,
        -14.08239
    ],
    "Mchinji": [
        32.88019,
        -13.79841
    ],
    "Mangochi": [
        35.26448,
        -14.47815
    ],
    "Machinga": [
        35.30002,
        -15.16849
    ],
    "Luchenza": [
        35.30948,
        -16.00693
    ],
    "Liwonde": [
        35.22543,
        -15.06665
    ],
    "Livingstonia": [
        34.10628,
        -10.60602
    ],
    "Lilongwe": [
        33.78725,
        -13.96692
    ],
    "Kasungu": [
        33.48333,
        -13.03333
    ],
    "Dowa": [
        33.93754,
        -13.65399
    ],
    "Dedza": [
        34.33322,
        -14.3779
    ],
    "Chiradzulu": [
        35.14071,
        -15.67461
    ],
    "Chipyela": [
        34.74092,
        -12.06618
    ],
    "Chipoka": [
        34.51566,
        -13.99328
    ],
    "Chikwawa": [
        34.80091,
        -16.03352
    ],
    "Blantyre": [
        35.00854,
        -15.78499
    ],
    "Balaka": [
        34.95575,
        -14.97928
    ],
    "Makata": [
        35.03046,
        -15.7872
    ]
}