{
    "Kuah": [
        99.8432,
        6.32649
    ],
    "Jerantut": [
        102.3626,
        3.936
    ],
    "Raub": [
        101.857,
        3.7899
    ],
    "Batu Pahat": [
        102.9325,
        1.8548
    ],
    "Parit Raja": [
        103.1124,
        1.8681
    ],
    "Pekan Nenas": [
        103.5141,
        1.51
    ],
    "Pontian Kechil": [
        103.3896,
        1.4866
    ],
    "Kampung Pasir Gudang Baru": [
        103.878,
        1.4726
    ],
    "Kota Tinggi": [
        103.8999,
        1.7381
    ],
    "Taman Senai": [
        103.6419,
        1.6006
    ],
    "Kulai": [
        103.6032,
        1.6561
    ],
    "Sekudai": [
        103.65779,
        1.53742
    ],
    "Johor Bahru": [
        103.7578,
        1.4655
    ],
    "Kluang": [
        103.3328,
        2.0251
    ],
    "Yong Peng": [
        103.0659,
        2.0136
    ],
    "Mersing": [
        103.8405,
        2.4312
    ],
    "Segamat": [
        102.8158,
        2.5148
    ],
    "Tangkak": [
        102.5453,
        2.2673
    ],
    "Muar": [
        102.5689,
        2.0442
    ],
    "Bakri": [
        102.6527,
        2.0441
    ],
    "Labis": [
        103.021,
        2.385
    ],
    "Chaah": [
        103.048,
        2.249
    ],
    "Kuala Selangor": [
        101.25,
        3.35
    ],
    "Batang Berjuntai": [
        101.41667,
        3.38333
    ],
    "Batu Arang": [
        101.46667,
        3.31667
    ],
    "Shah Alam": [
        101.53281,
        3.08507
    ],
    "Klang": [
        101.45,
        3.03333
    ],
    "Cukai": [
        103.41667,
        4.25
    ],
    "Kuala Lipis": [
        102.0468,
        4.1842
    ],
    "Papar": [
        115.93333,
        5.73333
    ],
    "Kota Kinabalu": [
        116.0724,
        5.9749
    ],
    "Donggongon": [
        116.10146,
        5.90702
    ],
    "Putatan": [
        116.06094,
        5.9258
    ],
    "Kinarut": [
        116.0466,
        5.8231
    ],
    "Ranau": [
        116.6641,
        5.9538
    ],
    "Semporna": [
        118.61118,
        4.48178
    ],
    "Victoria": [
        115.24167,
        5.27667
    ],
    "Beaufort": [
        115.7455,
        5.3473
    ],
    "Lahad Datu": [
        118.327,
        5.0268
    ],
    "Sandakan": [
        118.1179,
        5.8402
    ],
    "Keningau": [
        116.1602,
        5.3378
    ],
    "Tawau": [
        117.8871,
        4.2498
    ],
    "Paka": [
        103.4368,
        4.6374
    ],
    "Kertih": [
        103.4483,
        4.5141
    ],
    "Kulim": [
        100.56177,
        5.36499
    ],
    "Bagan Serai": [
        100.54101,
        5.0108
    ],
    "Bedong": [
        100.50876,
        5.72744
    ],
    "Simpang Empat": [
        100.63333,
        4.95
    ],
    "Taiping": [
        100.73333,
        4.85
    ],
    "Kuala Kangsar": [
        100.93333,
        4.76667
    ],
    "Ipoh": [
        101.0829,
        4.5841
    ],
    "Gua Musang": [
        101.9644,
        4.8823
    ],
    "Kuala Terengganu": [
        103.1408,
        5.3302
    ],
    "Marang": [
        103.2059,
        5.2056
    ],
    "Tampin": [
        102.2302,
        2.4701
    ],
    "Alor Gajah": [
        102.2089,
        2.3804
    ],
    "Kampung Ayer Keroh": [
        102.2801,
        2.2654
    ],
    "Sungai Udang": [
        102.1427,
        2.269
    ],
    "Melaka": [
        102.2405,
        2.196
    ],
    "Banting": [
        101.5,
        2.81667
    ],
    "Jenjarum": [
        101.5,
        2.88333
    ],
    "Semenyih": [
        101.843,
        2.9516
    ],
    "Beranang": [
        101.8697,
        2.8733
    ],
    "Seremban": [
        101.9381,
        2.7297
    ],
    "Port Dickson": [
        101.7959,
        2.5228
    ],
    "Bahau": [
        102.4049,
        2.8079
    ],
    "Kuala Pilah": [
        102.2487,
        2.7389
    ],
    "Buloh Kasap": [
        102.764,
        2.5536
    ],
    "Kampung Tekek": [
        104.1592,
        2.8147
    ],
    "Pekan": [
        103.3996,
        3.4836
    ],
    "Mentekab": [
        102.3484,
        3.4854
    ],
    "Temerluh": [
        102.4176,
        3.4506
    ],
    "Butterworth": [
        100.36382,
        5.3991
    ],
    "Perai": [
        100.38333,
        5.38333
    ],
    "Bukit Mertajam": [
        100.4667,
        5.36301
    ],
    "Nibong Tebal": [
        100.47793,
        5.16586
    ],
    "Parit Buntar": [
        100.49316,
        5.12671
    ],
    "Tasek Glugor": [
        100.49849,
        5.48032
    ],
    "George Town": [
        100.33543,
        5.41123
    ],
    "Kampung Bukit Tinggi": [
        101.81667,
        3.35
    ],
    "Serendah": [
        101.6041,
        3.3646
    ],
    "Rawang": [
        101.5767,
        3.3213
    ],
    "Petaling Jaya": [
        101.60671,
        3.10726
    ],
    "Kuala Lumpur": [
        101.68653,
        3.1412
    ],
    "Sabak Bernam": [
        100.9879,
        3.7698
    ],
    "Sungai Besar": [
        100.9867,
        3.6746
    ],
    "Kuantan": [
        103.326,
        3.8077
    ],
    "Tanah Rata": [
        101.3704,
        4.475
    ],
    "Batu Gajah": [
        101.04107,
        4.46916
    ],
    "Kampar": [
        101.15,
        4.3
    ],
    "Tapah Road": [
        101.2,
        4.16667
    ],
    "Bidur": [
        101.28333,
        4.11667
    ],
    "Lumut": [
        100.6298,
        4.2323
    ],
    "Teluk Intan": [
        101.0213,
        4.0259
    ],
    "Gurun": [
        100.47381,
        5.81717
    ],
    "Sungai Petani": [
        100.48772,
        5.647
    ],
    "Kepala Batas": [
        100.4265,
        5.51707
    ],
    "Ketereh": [
        102.24817,
        5.95701
    ],
    "Pulai Chondong": [
        102.23177,
        5.87133
    ],
    "Tanah Merah": [
        102.15,
        5.8
    ],
    "Kuching": [
        110.33333,
        1.55
    ],
    "Simanggang": [
        111.45278,
        1.24722
    ],
    "Sarikei": [
        111.51667,
        2.11667
    ],
    "Sibu": [
        111.81667,
        2.3
    ],
    "Kangar": [
        100.19862,
        6.4414
    ],
    "Kuala Perlis": [
        100.13333,
        6.4
    ],
    "Jitra": [
        100.42167,
        6.26812
    ],
    "Kuala Kedah": [
        100.3,
        6.1
    ],
    "Alor Setar": [
        100.36014,
        6.12104
    ],
    "Tumpat": [
        102.17098,
        6.19776
    ],
    "Pasir Mas": [
        102.13987,
        6.04934
    ],
    "Kota Bharu": [
        102.2386,
        6.13328
    ],
    "Jertih": [
        102.4897,
        5.7336
    ],
    "Kudat": [
        116.8477,
        6.8837
    ],
    "Kota Belud": [
        116.4305,
        6.351
    ],
    "Kapit": [
        112.93333,
        2.01667
    ],
    "Bintulu": [
        113.03333,
        3.16667
    ],
    "Limbang": [
        115,
        4.75
    ],
    "Miri": [
        114.0089,
        4.4148
    ],
    "Ulu Tiram": [
        103.81667,
        1.6
    ],
    "Tanjung Tokong": [
        100.30742,
        5.46061
    ],
    "Tanjung Sepat": [
        101.5629,
        2.6579
    ],
    "Sungai Pelek New Village": [
        101.7,
        2.65
    ],
    "Pulau Sebang": [
        102.2329,
        2.455
    ],
    "Permatang Kuching": [
        100.38144,
        5.46339
    ],
    "Peringat": [
        102.28333,
        6.03333
    ],
    "Ladang Seri Kundang": [
        101.519,
        3.2856
    ],
    "Pantai Remis": [
        100.6288,
        4.4557
    ],
    "Kuang": [
        101.5541,
        3.2594
    ],
    "Kuala Sungai Baru": [
        102.0353,
        2.3594
    ],
    "Klebang Besar": [
        102.1995,
        2.2186
    ],
    "Kelapa Sawit": [
        103.5327,
        1.6698
    ],
    "Kampung Tanjung Karang": [
        101.1849,
        3.4242
    ],
    "Kampung Sungai Ara": [
        100.27348,
        5.32699
    ],