{
    "Xai-Xai": [
        33.64417,
        -25.05194
    ],
    "Dondo": [
        34.74306,
        -19.60944
    ],
    "Macia": [
        33.09889,
        -25.02694
    ],
    "Tete": [
        33.58667,
        -16.15639
    ],
    "Ressano Garcia": [
        31.99528,
        -25.44278
    ],
    "Quelimane": [
        36.88833,
        -17.87861
    ],
    "Pemba": [
        40.51775,
        -12.97395
    ],
    "Nampula": [
        39.2666,
        -15.11646
    ],
    "Cidade de Nacala": [
        40.67278,
        -14.54278
    ],
    "Montepuez": [
        38.99972,
        -13.12556
    ],
    "Mocímboa": [
        40.35,
        -11.31667
    ],
    "Ilha de Moçambique": [
        40.73583,
        -15.03417
    ],
    "Maxixe": [
        35.34722,
        -23.85972
    ],
    "Matola": [
        32.45889,
        -25.96222
    ],
    "Maputo": [
        32.58322,
        -25.96553
    ],
    "Manjacaze": [
        33.88278,
        -24.71167
    ],
    "Lichinga": [
        35.24056,
        -13.31278
    ],
    "Inhambane": [
        35.38333,
        -23.865
    ],
    "Cuamba": [
        36.53722,
        -14.80306
    ],
    "Chokwé": [
        32.98333,
        -24.53333
    ],
    "Chimoio": [
        33.48333,
        -19.11639
    ],
    "Chibuto": [
        33.53056,
        -24.68667
    ],
    "Beira": [
        34.83889,
        -19.84361
    ],
    "António Enes": [
        39.90861,
        -16.2325
    ],
    "Mutuáli": [
        37.00444,
        -14.87056
    ]
}