{
    "Yaté-Barrage": [
        166.88333,
        -22.15
    ],
    "Wé": [
        167.26461,
        -20.91687
    ],
    "Voh": [
        164.7,
        -20.96667
    ],
    "Vao": [
        167.48333,
        -22.66667
    ],
    "Touho": [
        165.23333,
        -20.78333
    ],
    "Thio": [
        166.21667,
        -21.61667
    ],
    "Tadine": [
        167.88333,
        -21.55
    ],
    "Poya": [
        165.15,
        -21.35
    ],
    "Poum": [
        164.01667,
        -20.23333
    ],
    "Pouembout": [
        164.9,
        -21.13333
    ],
    "Pouébo": [
        164.56667,
        -20.4
    ],
    "Ponérihouen": [
        165.4,
        -21.08333
    ],
    "Poindimié": [
        165.33333,
        -20.93333
    ],
    "Païta": [
        166.36667,
        -22.13333
    ],
    "Ouégoa": [
        164.43333,
        -20.35
    ],
    "Nouméa": [
        166.4572,
        -22.27631
    ],
    "Mont-Dore": [
        166.58333,
        -22.28333
    ],
    "La Foa": [
        165.82764,
        -21.71079
    ],
    "Koumac": [
        164.28333,
        -20.56667
    ],
    "Koné": [
        164.86582,
        -21.05951
    ],
    "Kaala-Gomén": [
        164.4,
        -20.66667
    ],
    "Houaïlou": [
        165.61667,
        -21.28333
    ],
    "Hienghène": [
        164.93333,
        -20.68333
    ],
    "Fayaoué": [
        166.53333,
        -20.65
    ],
    "Dumbéa": [
        166.45,
        -22.15
    ],
    "Canala": [
        165.95,
        -21.53333
    ],
    "Bourail": [
        165.48333,
        -21.56667
    ],
    "Bouloupari": [
        166.05,
        -21.86667
    ]
}