{
    "Birnin Gaouré": [
        2.91099,
        13.08173
    ],
    "Birni N Konni": [
        5.25026,
        13.79599
    ],
    "Zinder": [
        8.9881,
        13.80716
    ],
    "Tillabéri": [
        1.45418,
        14.20711
    ],
    "Tibiri": [
        7.04848,
        13.56271
    ],
    "Tessaoua": [
        7.9874,
        13.75737
    ],
    "Téra": [
        0.75306,
        14.00776
    ],
    "Tchintabaraden": [
        5.7985,
        15.8969
    ],
    "Tanout": [
        8.88786,
        14.97089
    ],
    "Tahoua": [
        5.2692,
        14.8888
    ],
    "Say": [
        2.3689,
        13.1007
    ],
    "Ouallam": [
        2.08597,
        14.31642
    ],
    "Niamey": [
        2.1098,
        13.51366
    ],
    "Nguigmi": [
        13.10921,
        14.24953
    ],
    "Mirriah": [
        9.15013,
        13.70727
    ],
    "Mayahi": [
        7.67122,
        13.95532
    ],
    "Matamey": [
        8.47485,
        13.42309
    ],
    "Maradi": [
        7.10174,
        13.5
    ],
    "Maïné Soroa": [
        12.0241,
        13.21139
    ],
    "Magaria": [
        8.90991,
        12.99826
    ],
    "Madarounfa": [
        7.15602,
        13.30867
    ],
    "Madaoua": [
        5.96,
        14.073
    ],
    "Loga": [
        3.2358,
        13.6132
    ],
    "Kollo": [
        2.339,
        13.3043
    ],
    "Keïta": [
        5.7749,
        14.7551
    ],
    "Kantché": [
        8.46293,
        13.53926
    ],
    "Illéla": [
        5.2437,
        14.4605
    ],
    "Guidan Roumdji": [
        6.69568,
        13.6576
    ],
    "Gouré": [
        10.27035,
        13.9835
    ],
    "Gaya": [
        3.44919,
        11.88435
    ],
    "Filingué": [
        3.3168,
        14.3521
    ],
    "Dosso": [
        3.1937,
        13.049
    ],
    "Dogondoutchi": [
        4.02875,
        13.63933
    ],
    "Diffa": [
        12.61134,
        13.31536
    ],
    "Dakoro": [
        6.765,
        14.51056
    ],
    "Bouza": [
        6.04278,
        14.42293
    ],
    "Bilma": [
        12.91643,
        18.68532
    ],
    "Ayorou": [
        0.91738,
        14.73075
    ],
    "Arlit": [
        7.38528,
        18.73694
    ],
    "Alaghsas": [
        8.0168,
        17.0187
    ],
    "Aguié": [
        7.77863,
        13.50601
    ],
    "Agadez": [
        7.99111,
        16.97333
    ],
    "Abalak": [
        6.2793,
        15.4509
    ],
    "Tchirozérine": [
        7.7614,
        17.22096
    ]
}