{
    "Yalagüina": [
        -86.49297,
        13.48375
    ],
    "Wiwilí": [
        -85.8254,
        13.62679
    ],
    "Waspam": [
        -83.9717,
        14.74189
    ],
    "Waslala": [
        -85.38333,
        13.23333
    ],
    "Villa Sandino": [
        -84.99362,
        12.0483
    ],
    "Valle San Francisco": [
        -86.28333,
        12.51667
    ],
    "Totogalpa": [
        -86.49239,
        13.56269
    ],
    "Tola": [
        -85.93891,
        11.43927
    ],
    "Tisma": [
        -86.01739,
        12.08194
    ],
    "Tipitapa": [
        -86.09706,
        12.19732
    ],
    "Ticuantepe": [
        -86.20493,
        12.02263
    ],
    "Teustepe": [
        -85.79966,
        12.42002
    ],
    "Terrabona": [
        -85.96474,
        12.73028
    ],
    "Telpaneca": [
        -86.2871,
        13.53166
    ],
    "Telica": [
        -86.85938,
        12.522
    ],
    "Somoto": [
        -86.58208,
        13.48082
    ],
    "Somotillo": [
        -86.90645,
        13.04328
    ],
    "Siuna": [
        -84.77725,
        13.73321
    ],
    "Santo Tomás": [
        -85.09059,
        12.06938
    ],
    "Santo Domingo": [
        -85.08078,
        12.26356
    ],
    "Santa Teresa": [
        -86.21413,
        11.74321
    ],
    "Santa Rosa del Peñón": [
        -86.36994,
        12.80116
    ],
    "Santa Lucía": [
        -85.71099,
        12.53268
    ],
    "San Sebastián de Yalí": [
        -86.18641,
        13.3051
    ],
    "San Ramón": [
        -85.83898,
        12.92344
    ],
    "San Rafael del Sur": [
        -86.43839,
        11.84854
    ],
    "San Rafael del Norte": [
        -86.11059,
        13.21248
    ],
    "San Miguelito": [
        -84.89991,
        11.40255
    ],
    "San Marcos": [
        -86.20351,
        11.90949
    ],
    "San Lorenzo": [
        -85.66741,
        12.37781
    ],
    "San Juan de Río Coco": [
        -86.16506,
        13.54483
    ],
    "San Juan de Oriente": [
        -86.07343,
        11.90624
    ],
    "San Juan del Sur": [
        -85.87049,
        11.25292
    ],
    "San Juan de Limay": [
        -86.61234,
        13.17603
    ],
    "San José de los Remates": [
        -85.7617,
        12.59725
    ],
    "San José de Cusmapa": [
        -86.6554,
        13.28841
    ],
    "San José de Bocay": [
        -85.53942,
        13.54204
    ],
    "San Jorge": [
        -85.80308,
        11.45584
    ],
    "San Fernando": [
        -86.3153,
        13.6772
    ],
    "San Dionisio": [
        -85.85018,
        12.76022
    ],
    "San Carlos": [
        -84.77795,
        11.1236
    ],
    "Rivas": [
        -85.82632,
        11.43716
    ],
    "Río Blanco": [
        -85.22354,
        12.93435
    ],
    "Rama": [
        -84.21952,
        12.15965
    ],
    "Quilalí": [
        -86.026,
        13.56695
    ],
    "Quezalguaque": [
        -86.90292,
        12.50683
    ],
    "Puerto Morazán": [
        -87.17167,
        12.85042
    ],
    "Bilwi": [
        -83.38882,
        14.03507
    ],
    "Pueblo Nuevo": [
        -86.48075,
        13.37984
    ],
    "Potosí": [
        -85.8568,
        11.49416
    ],
    "Posoltega": [
        -86.97992,
        12.54481
    ],
    "Palacagüina": [
        -86.40622,
        13.45566
    ],
    "Ocotal": [
        -86.47516,
        13.63208
    ],
    "Nuevo Amanecer": [
        -84.19629,
        12.82247
    ],
    "Nueva Guinea": [
        -84.45616,
        11.68758
    ],
    "Niquinohomo": [
        -86.09446,
        11.90518
    ],
    "Nindirí": [
        -86.12128,
        12.00386
    ],
    "Nandasmo": [
        -86.12072,
        11.92411
    ],
    "Nandaime": [
        -86.05286,
        11.75696
    ],
    "Nagarote": [
        -86.56474,
        12.26593
    ],
    "Muy Muy": [
        -85.62915,
        12.76224
    ],
    "Murra": [
        -86.01843,
        13.7585
    ],
    "Muelle de los Bueyes": [
        -84.53503,
        12.06999
    ],
    "Mozonte": [
        -86.43841,
        13.66034
    ],
    "Moyogalpa": [
        -85.69795,
        11.54006
    ],
    "Morrito": [
        -85.08052,
        11.62118
    ],
    "Matiguás": [
        -85.46218,
        12.83734
    ],
    "Matagalpa": [
        -85.91747,
        12.92559
    ],
    "Masaya": [
        -86.09417,
        11.97444
    ],
    "Masatepe": [
        -86.14467,
        11.9184
    ],
    "Masachapa": [
        -86.51416,
        11.78687
    ],
    "Managua": [
        -86.2504,
        12.13282
    ],
    "León": [
        -86.87804,
        12.43787
    ],
    "Las Sabanas": [
        -86.62184,
        13.34302
    ],
    "Larreynaga": [
        -86.57193,
        12.67692
    ],
    "La Paz de Oriente": [
        -86.12756,
        11.82331
    ],
    "La Paz Centro": [
        -86.67608,
        12.33953
    ],
    "La Libertad": [
        -85.16595,
        12.21635
    ],
    "Laguna de Perlas": [
        -83.67123,
        12.34294
    ],
    "La Cruz de Río Grande": [
        -84.18588,
        13.1129
    ],
    "La Concordia": [
        -86.16674,
        13.19528
    ],
    "La Concepción": [
        -86.18976,
        11.93711
    ],
    "Juigalpa": [
        -85.36452,
        12.10629
    ],
    "Jiquilillo": [
        -87.4516,
        12.74593
    ],
    "Jinotepe": [
        -86.19903,
        11.84962
    ],
    "Jinotega": [
        -86.00177,
        13.09171
    ],
    "Jalapa": [
        -86.12346,
        13.92222
    ],
    "Granada": [
        -85.95602,
        11.92988
    ],
    "Estelí": [
        -86.35384,
        13.09185
    ],
    "El Viejo": [
        -87.16722,
        12.6633
    ],
    "El Sauce": [
        -86.53903,
        12.88687
    ],
    "El Rosario": [
        -86.37374,
        11.77756
    ],
    "El Realejo": [
        -87.16466,
        12.54307
    ],
    "La Jicaral": [
        -86.38058,
        12.72676
    ],
    "El Crucero": [
        -86.30954,
        11.99008
    ],
    "El Ayote": [
        -85.28737,
        12.19046
    ],
    "El Almendro": [
        -84.70269,
        11.67859
    ],
    "Dolores": [
        -86.21575,
        11.85621
    ],
    "Diriomo": [
        -86.05184,
        11.87612
    ],
    "Diriamba": [
        -86.23878,
        11.85842
    ],
    "Diriá": [
        -86.05508,
        11.8842
    ],
    "Cuapa": [
        -85.38196,
        12.26756
    ],
    "Corn Island": [
        -83.04176,
        12.16943
    ],
    "Corinto": [
        -87.17336,
        12.48199
    ],
    "Condega": [
        -86.39846,
        13.36502
    ],
    "Comalapa": [
        -85.51081,
        12.28345
    ],
    "Ciudad Darío": [
        -86.12402,
        12.73143
    ],
    "Ciudad Antigua": [
        -86.30815,
        13.6406
    ],
    "Chinandega": [
        -87.13105,
        12.62937
    ],
    "Chichigalpa": [
        -87.02705,
        12.57758
    ],
    "Catarina": [
        -86.07383,
        11.91197
    ],
    "Carlos Fonseca Amador": [
        -86.50571,
        11.98009
    ],
    "Cárdenas": [
        -85.5089,
        11.19639
    ],
    "Camoapa": [
        -85.51157,
        12.38386
    ],
    "Buenos Aires": [
        -85.81661,
        11.46916
    ],
    "Bonanza": [
        -84.59103,
        14.02885
    ],
    "Bocana de Paiwas": [
        -85.12269,
        12.78571
    ],
    "Boaco": [
        -85.6586,
        12.47224
    ],
    "Bluefields": [
        -83.76353,
        12.01366
    ],
    "Belén": [
        -85.88934,
        11.50299
    ],
    "Altagracia": [
        -85.5784,
        11.56615
    ],
    "Acoyapa": [
        -85.17113,
        11.97028
    ],
    "Achuapa": [
        -86.59004,
        13.0537
    ],
    "Ciudad Sandino": [
        -86.34417,
        12.15889
    ]
}