{
    "Wāling": [
        83.76667,
        27.98333
    ],
    "Tulsīpur": [
        82.29726,
        28.13099
    ],
    "Tīkāpur": [
        81.13333,
        28.5
    ],
    "Tānsen": [
        83.5467,
        27.86731
    ],
    "Sirāhā": [
        86.2087,
        26.65411
    ],
    "Salyān": [
        82.1703,
        28.37858
    ],
    "Rāmechhāp": [
        86.08768,
        27.3256
    ],
    "Rājbirāj": [
        86.75,
        26.53333
    ],
    "Pyūthān": [
        82.88427,
        28.08867
    ],
    "Pokhara": [
        83.96851,
        28.26689
    ],
    "Pātan": [
        85.31417,
        27.67658
    ],
    "Panaoti": [
        85.5124,
        27.58138
    ],
    "Namche Bazar": [
        86.71058,
        27.80528
    ],
    "Nagarkot": [
        85.52075,
        27.71522
    ],
    "Malangwa": [
        85.55811,
        26.85679
    ],
    "Mahendranagar": [
        80.33333,
        28.91667
    ],
    "Lobujya": [
        86.81667,
        27.95
    ],
    "Lamjung": [
        84.3638,
        28.20992
    ],
    "Lahān": [
        86.49515,
        26.72958
    ],
    "Kodāri": [
        85.94847,
        27.95251
    ],
    "Kirtipur": [
        85.27544,
        27.67988
    ],
    "Khāndbāri": [
        87.2039,
        27.37469
    ],
    "Kathmandu": [
        85.3206,
        27.70169
    ],
    "Jumla": [
        82.18383,
        29.27472
    ],
    "Janakpur": [
        85.90646,
        26.71828
    ],
    "Jaleswar": [
        85.80081,
        26.64711
    ],
    "Ithari": [
        87.28333,
        26.66667
    ],
    "Ilām": [
        87.92824,
        26.90943
    ],
    "Hitura": [
        85.03219,
        27.42839
    ],
    "Gulariyā": [
        81.33333,
        28.23333
    ],
    "Gaur": [
        85.26667,
        26.76667
    ],
    "Dharān Bāzār": [
        87.28355,
        26.81248
    ],
    "Dhankutā": [
        87.33333,
        26.98333
    ],
    "Dhangarhi": [
        80.59611,
        28.70792
    ],
    "Dārchulā": [
        80.52874,
        29.84121
    ],
    "Dailekh": [
        81.71011,
        28.84434
    ],
    "Dadeldhurā": [
        80.58059,
        29.29842
    ],
    "Butwāl": [
        83.44836,
        27.70055
    ],
    "Bīrganj": [
        84.87735,
        27.01043
    ],
    "Birātnagar": [
        87.28337,
        26.4831
    ],
    "Bhojpur": [
        87.04607,
        27.1715
    ],
    "Bharatpur": [
        84.43333,
        27.68333
    ],
    "Bhaktapur": [
        85.43005,
        27.67298
    ],
    "Bhairāhawā": [
        83.45,
        27.5
    ],
    "Bhadrapur": [
        88.09436,
        26.54404
    ],
    "Bardiyā": [
        81.3536,
        28.30058
    ],
    "Banepa": [
        85.52138,
        27.62979
    ],
    "Bāglung": [
        83.58976,
        28.27189
    ],
    "Achhām": [
        81.3,
        29.05
    ],
    "Birendranagar": [
        81.63389,
        28.60194
    ],
    "Dipayal": [
        80.94,
        29.26083
    ],
    "Nepalgunj": [
        81.61667,
        28.05
    ],
    "Pisang": [
        84.14721,
        28.61465
    ],
    "Chame": [
        84.25097,
        28.55369
    ],
    "Khudi": [
        84.35912,
        28.28216
    ],
    "Chitre": [
        83.69076,
        28.42673
    ],
    "Surkhet": [
        81.7787,
        28.51746
    ],
    "Jomsom": [
        83.73513,
        28.78436
    ],
    "Nawal": [
        84.10279,
        28.64831
    ],
    "kankrabari Dovan": [
        85.45934,
        27.62881
    ],
    "Hari Bdr Tamang House": [
        85.45893,
        27.6289
    ]
}