{
    "Uaboe": [
        166.92384,
        -0.51393
    ],
    "Baiti": [
        166.92945,
        -0.50803
    ],
    "Ijuw": [
        166.95813,
        -0.521
    ],
    "Anibare": [
        166.95249,
        -0.52792
    ],
    "Anabar": [
        166.95326,
        -0.50845
    ],
    "Yaren": [
        166.9252,
        -0.55085
    ],
    "Arijejen": [
        166.91247,
        -0.52545
    ]
}