{
    "Woodend": [
        172.66667,
        -43.31667
    ],
    "Whitianga": [
        175.7,
        -36.83333
    ],
    "Whangamata": [
        175.86667,
        -37.2
    ],
    "Wellsford": [
        174.51667,
        -36.28333
    ],
    "Wellington": [
        174.77557,
        -41.28664
    ],
    "Warkworth": [
        174.66667,
        -36.4
    ],
    "Wanganui": [
        175.05,
        -39.93333
    ],
    "Wakefield": [
        173.05,
        -41.4
    ],
    "Waiuku": [
        174.75,
        -37.25
    ],
    "Waiouru": [
        175.66667,
        -39.48333
    ],
    "Waimate North": [
        173.88333,
        -35.31667
    ],
    "Waihi Beach": [
        175.93333,
        -37.4
    ],
    "Turangi": [
        175.80837,
        -38.99037
    ],
    "Tokoroa": [
        175.86667,
        -38.23333
    ],
    "Tinwald": [
        171.71667,
        -43.91667
    ],
    "Timaru": [
        171.25,
        -44.4
    ],
    "Te Kauwhata": [
        175.15,
        -37.4
    ],
    "Te Anau": [
        167.71667,
        -45.41667
    ],
    "Taupo": [
        176.08333,
        -38.68333
    ],
    "Takaka": [
        172.8,
        -40.85
    ],
    "Tairua": [
        175.85,
        -37.01667
    ],
    "Taipa": [
        173.46667,
        -34.98333
    ],
    "Rolleston": [
        172.38333,
        -43.58333
    ],
    "Richmond": [
        173.18333,
        -41.33333
    ],
    "Rakaia": [
        172.01667,
        -43.75
    ],
    "Raglan": [
        174.88333,
        -37.8
    ],
    "Pukekohe East": [
        174.95,
        -37.2
    ],
    "Portobello": [
        170.65,
        -45.85
    ],
    "Motueka": [
        173.01667,
        -41.13333
    ],
    "Porirua": [
        174.85,
        -41.13333
    ],
    "Pleasant Point": [
        171.13333,
        -44.26667
    ],
    "Wanaka": [
        169.15,
        -44.7
    ],
    "Paraparaumu": [
        175.01667,
        -40.91667
    ],
    "Parakai": [
        174.43333,
        -36.65
    ],
    "Papatowai": [
        169.46667,
        -46.6
    ],
    "Palmerston North": [
        175.61113,
        -40.35636
    ],
    "Paihia": [
        174.09116,
        -35.2822
    ],
    "Oxford": [
        172.18333,
        -43.3
    ],
    "Otorohanga": [
        175.2,
        -38.18333
    ],
    "North Shore": [
        174.75,
        -36.8
    ],
    "Ngunguru": [
        174.5,
        -35.61667
    ],
    "Ngatea": [
        175.5,
        -37.28333
    ],
    "New Plymouth": [
        174.08333,
        -39.06667
    ],
    "Nelson": [
        173.28404,
        -41.27078
    ],
    "Napier": [
        176.91667,
        -39.48333
    ],
    "Murupara": [
        176.7,
        -38.46667
    ],
    "Muriwai Beach": [
        174.45,
        -36.81667
    ],
    "Moerewa": [
        174.03333,
        -35.38333
    ],
    "Methven": [
        171.65,
        -43.63333
    ],
    "Maungatapere": [
        174.2,
        -35.75
    ],
    "Mapua": [
        173.1,
        -41.25
    ],
    "Manukau City": [
        174.87986,
        -36.99282
    ],
    "Mangere": [
        174.79875,
        -36.96807
    ],
    "Maketu": [
        176.45,
        -37.76667
    ],
    "Lower Hutt": [
        174.91667,
        -41.21667
    ],
    "Lincoln": [
        172.48333,
        -43.65
    ],
    "Leeston": [
        172.3,
        -43.76667
    ],
    "Kingston": [
        168.7,
        -45.33333
    ],
    "Kerikeri": [
        173.94739,
        -35.22676
    ],
    "Kelburn": [
        174.76667,
        -41.28333
    ],
    "Kawerau": [
        176.7,
        -38.1
    ],
    "Kawakawa": [
        174.06667,
        -35.38333
    ],
    "Katikati": [
        175.91667,
        -37.55
    ],
    "Invercargill": [
        168.35,
        -46.4
    ],
    "Hastings": [
        176.84918,
        -39.6381
    ],
    "Hamilton": [
        175.28333,
        -37.78333
    ],
    "Edgecumbe": [
        176.83333,
        -37.98333
    ],
    "Dunedin": [
        170.50361,
        -45.87416
    ],
    "Dargaville": [
        173.88333,
        -35.93333
    ],
    "Darfield": [
        172.11667,
        -43.48333
    ],
    "Coromandel": [
        175.5,
        -36.76667
    ],
    "Christchurch": [
        172.63333,
        -43.53333
    ],
    "Castlepoint": [
        176.21667,
        -40.9
    ],
    "Burnham": [
        172.31667,
        -43.61667
    ],
    "Bulls": [
        175.38333,
        -40.16667
    ],
    "Brooklyn": [
        174.75,
        -41.31667
    ],
    "Brightwater": [
        173.11667,
        -41.38333
    ],
    "Auckland": [
        174.76667,
        -36.86667
    ],
    "Amberley": [
        172.73333,
        -43.16667
    ],
    "Ahipara": [
        173.16667,
        -35.16667
    ],
    "Opunake": [
        173.85833,
        -39.45556
    ],
    "Eltham": [
        174.3,
        -39.42917
    ],
    "Hawera": [
        174.28333,
        -39.59167
    ],
    "Patea": [
        174.48333,
        -39.75833
    ],
    "Foxton": [
        175.3,
        -40.46667
    ],
    "Levin": [
        175.275,
        -40.63333
    ],
    "Otaki": [
        175.15,
        -40.75833
    ],
    "Wairoa": [
        177.36667,
        -39.03333
    ],
    "Gisborne": [
        178.00417,
        -38.65333
    ],
    "Waipawa": [
        175.51528,
        -41.41222
    ],
    "Masterton": [
        175.6575,
        -40.95972
    ],
    "Hokitika": [
        170.96667,
        -42.71667
    ],
    "Greymouth": [
        171.2,
        -42.46667
    ],
    "Westport": [
        171.6037,
        -41.75262
    ],
    "Bluff": [
        168.33333,
        -46.6
    ],
    "Riverton": [
        168.01667,
        -46.35
    ],
    "Winton": [
        168.33333,
        -46.15
    ],
    "Tauranga": [
        176.16667,
        -37.68611
    ],
    "Waitara": [
        174.23836,
        -39.00158
    ],
    "Milton": [
        169.96944,
        -46.12083
    ],
    "Balclutha": [
        169.75,
        -46.23389
    ],
    "Paeroa": [
        175.66667,
        -37.36667
    ],
    "Waihi": [
        175.83333,
        -37.38333
    ],
    "Papakura": [
        174.94393,
        -37.06572
    ],
    "Whakatane": [
        176.98545,
        -37.95855
    ],
    "Opotiki": [
        177.28333,
        -38.08333
    ],
    "Thames": [
        175.53333,
        -37.13333
    ],
    "Waitangi": [
        -176.55973,
        -43.95353
    ],
    "Gore": [
        168.94357,
        -46.10282
    ],
    "Queenstown": [
        168.66271,
        -45.03023
    ],
    "Arrowtown": [
        168.81007,
        -44.93837
    ],
    "Oamaru": [
        170.98009,
        -45.07836
    ],
    "Ashburton": [
        171.73011,
        -43.89834
    ],
    "Kaiapoi": [
        172.64013,
        -43.37832
    ],
    "Kaitaia": [
        173.26366,
        -35.11485
    ],
    "Whangarei": [
        174.32391,
        -35.73167
    ],
    "Ruakaka": [
        174.45019,
        -35.90818
    ],
    "Takanini": [
        174.90019,
        -37.0482
    ],
    "Red Hill": [
        174.97019,
        -37.0582
    ],
    "Rothesay Bay": [
        174.74064,
        -36.72602
    ],
    "Murrays Bay": [
        174.75019,
        -36.72819
    ],
    "Wiri": [
        174.86019,
        -36.9982
    ],
    "Pakuranga": [
        174.91667,
        -36.88333
    ],
    "Tamaki": [
        174.86019,
        -36.8882
    ],
    "Titirangi": [
        174.65584,
        -36.93754
    ],
    "Matamata": [
        175.76237,
        -37.8106
    ],
    "Cambridge": [
        175.4402,
        -37.87822
    ],
    "Rotorua": [
        176.24516,
        -38.13874
    ],
    "Picton": [
        174.01018,
        -41.28827
    ],
    "Blenheim": [
        173.9528,
        -41.51603
    ],
    "Petone": [
        174.87019,
        -41.22827
    ],
    "Upper Hutt": [
        175.0502,
        -41.13827
    ],