{
    "Şūr": [
        59.52889,
        22.56667
    ],
    "Al Sohar": [
        56.74681,
        24.3643
    ],
    "Sufālat Samā’il": [
        58.01667,
        23.31667
    ],
    "Shināş": [
        56.46583,
        24.74333
    ],
    "Şalālah": [
        54.09237,
        17.01505
    ],
    "Şaḩam": [
        56.88861,
        24.17222
    ],
    "Nizwá": [
        57.53333,
        22.93333
    ],
    "Muscat": [
        58.5922,
        23.61387
    ],
    "Khaşab": [
        56.24774,
        26.17993
    ],
    "Izkī": [
        57.76667,
        22.93333
    ],
    "‘Ibrī": [
        56.51572,
        23.22573
    ],
    "Ibrā’": [
        58.53337,
        22.69057
    ],
    "Haymā’": [
        56.31667,
        19.93333
    ],
    "Dib Dibba": [
        56.25778,
        26.19778
    ],
    "Bidbid": [
        58.1283,
        23.40786
    ],
    "Bawshar": [
        58.3989,
        23.55563
    ],
    "Barkā’": [
        57.88908,
        23.70739
    ],
    "Bahlā’": [
        57.29958,
        22.97339
    ],
    "Badīyah": [
        58.8,
        22.45
    ],
    "As Suwayq": [
        57.43861,
        23.84944
    ],
    "As Sīb al Jadīdah": [
        58.18911,
        23.67027
    ],
    "Rustaq": [
        57.42444,
        23.39083
    ],
    "Al Qābil": [
        58.69472,
        22.571
    ],
    "Al Liwā’": [
        56.56556,
        24.53611
    ],
    "Al Khābūrah": [
        57.09838,
        23.98864
    ],
    "Al Buraymī": [
        55.79312,
        24.25088
    ],
    "Ādam": [
        57.52334,
        22.3756
    ],
    "Yanqul": [
        56.55008,
        23.59051
    ],
    "Bayt al ‘Awābī": [
        57.52459,
        23.30324
    ]
}