{
    "Yaviza": [
        -77.69308,
        8.1537
    ],
    "Volcán": [
        -82.63333,
        8.76667
    ],
    "Vista Hermosa": [
        -80.36667,
        8.53333
    ],
    "Vista Alegre": [
        -79.7,
        8.93333
    ],
    "Villa Rosario": [
        -79.86667,
        8.78333
    ],
    "Villa Carmen": [
        -79.86667,
        8.8
    ],
    "Veracruz": [
        -79.63333,
        8.88333
    ],
    "Ustupo": [
        -77.93333,
        9.13333
    ],
    "Tubualá": [
        -79.03333,
        9.51667
    ],
    "Tonosí": [
        -80.45,
        7.4
    ],
    "Tocumen": [
        -79.38333,
        9.08333
    ],
    "Tijera": [
        -82.55,
        8.46667
    ],
    "Sortová": [
        -82.65,
        8.55
    ],
    "Soná": [
        -81.31667,
        8.01667
    ],
    "Sioguí Arriba": [
        -82.68333,
        8.53333
    ],
    "Sioguí Abajo": [
        -82.66667,
        8.5
    ],
    "San Vicente de Bique": [
        -79.68333,
        8.91667
    ],
    "Santo Domingo": [
        -80.25,
        7.75
    ],
    "Santiago de Veraguas": [
        -80.98333,
        8.1
    ],
    "Santa Marta": [
        -82.7,
        8.51667
    ],
    "Santa María": [
        -80.66667,
        8.11667
    ],
    "Santa Fé": [
        -78.14917,
        8.65194
    ],
    "Santa Clara": [
        -79.75222,
        9.03528
    ],
    "San Miguelito": [
        -79.5,
        9.03333
    ],
    "San Ignacio de Tupile": [
        -78.15,
        9.28333
    ],
    "San Francisco": [
        -81.36667,
        8.06667
    ],
    "San Félix": [
        -81.86667,
        8.28333
    ],
    "San Andrés": [
        -82.73333,
        8.6
    ],
    "Sabanitas": [
        -79.80111,
        9.34222
    ],
    "Río Sereno": [
        -82.86667,
        8.81667
    ],
    "Río Rita": [
        -79.79444,
        9.30389
    ],
    "Río Hato": [
        -80.16667,
        8.38333
    ],
    "Río Grande": [
        -80.48333,
        8.41667
    ],
    "Río Gatún": [
        -79.76889,
        9.29167
    ],
    "Río Duque": [
        -79.68333,
        9.26667
    ],
    "Río de Jesús": [
        -81.16306,
        7.98444
    ],
    "Río Alejandro": [
        -79.79111,
        9.37639
    ],
    "Quebrada Canoa": [
        -81.78333,
        8.43333
    ],
    "Quebrada Bonita Adentro": [
        -79.7,
        9.3
    ],
    "Punta de Burica": [
        -82.86667,
        8.03333
    ],
    "Puerto Pilón": [
        -79.79333,
        9.36444
    ],
    "Puerto Escondido": [
        -80.08833,
        9.19333
    ],
    "Puerto Caimito": [
        -79.71667,
        8.86667
    ],
    "Puerto Armuelles": [
        -82.86206,
        8.27775
    ],
    "Pueblo Viejo": [
        -81.66667,
        8.25
    ],
    "Pueblo Nuevo": [
        -82.41667,
        8.56667
    ],
    "Progreso": [
        -82.83333,
        8.45
    ],
    "Potrero Grande": [
        -79.82944,
        8.88444
    ],
    "Potrerillos Arriba": [
        -82.5,
        8.68333
    ],
    "Potrerillos Abajo": [
        -82.48333,
        8.65
    ],
    "Portobelo": [
        -79.65,
        9.55
    ],
    "Pocrí": [
        -80.55,
        8.26667
    ],
    "Plaza de Caisán": [
        -82.81667,
        8.73333
    ],
    "Playón Chico": [
        -78.23333,
        9.3
    ],
    "Pesé": [
        -80.61667,
        7.9
    ],
    "Penonomé": [
        -80.36667,
        8.51667
    ],
    "Pedregal": [
        -82.43333,
        8.36667
    ],
    "Pedasí": [
        -80.03333,
        7.53333
    ],
    "Paso Blanco": [
        -79.23333,
        9.13333
    ],
    "Parita": [
        -80.51667,
        8
    ],
    "Paraíso": [
        -79.63333,
        9.03333
    ],
    "Panamá": [
        -79.51973,
        8.9936
    ],
    "Palmira": [
        -82.45,
        8.71667
    ],
    "Palmas Bellas": [
        -80.08667,
        9.23194
    ],
    "Pacora": [
        -79.28333,
        9.08333
    ],
    "Ocú": [
        -80.78333,
        7.95
    ],
    "Nuevo Vigía": [
        -79.60861,
        9.24472
    ],
    "Nuevo San Juan": [
        -79.66194,
        9.22333
    ],
    "Nuevo Emperador": [
        -79.72722,
        8.99889
    ],
    "Nuevo Arraiján": [
        -79.71667,
        8.91667
    ],
    "Nueva Gorgona": [
        -79.86667,
        8.55
    ],
    "Natá": [
        -80.51667,
        8.33333
    ],
    "Narganá": [
        -78.59056,
        9.44278
    ],
    "Mulatupo Sasardí": [
        -77.76518,
        8.94921
    ],
    "Montijo": [
        -81.05444,
        7.99222
    ],
    "Monte Lirio": [
        -82.83333,
        8.78333
    ],
    "Metetí": [
        -77.9786,
        8.4983
    ],
    "Mata del Nance": [
        -82.4,
        8.45
    ],
    "María Chiquita": [
        -79.75583,
        9.44306
    ],
    "Margarita": [
        -79.88889,
        9.33139
    ],
    "Macaracas": [
        -80.55,
        7.73333
    ],
    "Los Santos": [
        -80.41667,
        7.93333
    ],
    "Los Lotes": [
        -79.3,
        9.13333
    ],
    "Los Boquerones": [
        -80.85,
        8.08333
    ],
    "Los Anastacios": [
        -82.41667,
        8.53333
    ],
    "Los Algarrobos": [
        -81.01667,
        8.11667
    ],
    "Llano Tugri": [
        -81.71667,
        8.48333
    ],
    "Llano Marín": [
        -80.33333,
        8.5
    ],
    "Llano Largo": [
        -80.43333,
        7.9
    ],
    "Llano de Piedra": [
        -80.56667,
        7.66667
    ],
    "Lídice": [
        -79.9,
        8.75
    ],
    "La Victoria": [
        -82.25,
        8.45
    ],
    "La Tiza": [
        -80.28333,
        7.75
    ],
    "Las Tablas": [
        -80.28333,
        7.76667
    ],
    "Las Palmas": [
        -81.45,
        8.13333
    ],
    "Las Minas": [
        -80.75,
        7.8
    ],
    "Las Lomas": [
        -82.4,
        8.43333
    ],
    "Las Cumbres": [
        -79.53333,
        9.08333
    ],
    "Las Colinas": [
        -80.08333,
        8.55
    ],
    "La Pintada": [
        -80.45,
        8.6
    ],
    "La Peña": [
        -81.03333,
        8.13333
    ],
    "La Palma": [
        -80.38333,
        7.71667
    ],
    "La Mitra": [
        -79.78667,
        8.84222
    ],
    "La Mesa": [
        -81.18333,
        8.15
    ],
    "La Loma": [
        -80.63333,
        8.16667
    ],
    "La Herradura": [
        -79.80722,
        8.85222
    ],
    "La Espigadilla": [
        -80.38333,
        7.88333
    ],
    "La Esperanza": [
        -82.8,
        8.4
    ],
    "La Concepción": [
        -82.61667,
        8.51667
    ],
    "La Colorada": [
        -80.98333,
        8.01667
    ],
    "La Chorrera": [
        -79.78333,
        8.88028
    ],
    "La Cabima": [
        -79.53333,
        9.13333
    ],
    "Juan Díaz": [
        -80.28333,
        8.46667
    ],
    "Jaqué": [
        -78.16343,
        7.51826
    ],
    "Guarumal": [
        -82.53333,
        8.35
    ],
    "Guararé": [
        -80.28333,
        7.81667
    ],
    "Gualaca": [
        -82.3,
        8.53333
    ],
    "Guadalupe": [
        -79.81333,
        8.85583
    ],
    "Guabito": [
        -82.61667,
        9.5
    ],
    "Gómez": [
        -82.73333,
        8.56667
    ],
    "Garachiné": [
        -78.36278,
        8.06472
    ],
    "Finca Corredor": [
        -82.85,
        8.35
    ],
    "Finca Blanco Número Uno": [
        -82.86667,
        8.38333
    ],
    "Escobal": [
        -79.96194,
        9.14722
    ],
    "El Roble": [
        -80.65,
        8.16667
    ],
    "El Rincón": [
        -80.61583,
        8.12083
    ],
    "El Quiteño": [
        -82.4,
        8.46667
    ],
    "El Progreso": [
        -79.11667,
        9.26667
    ],
    "El Porvenir": [
        -78.95333,
        9.56528
    ],
    "El Giral": [
        -79.69278,
        9.24917
    ],
    "El Espino de Santa Rosa": [
        -80.81667,
        8.1
    ],