{
    "Atuona": [
        -139.03333,
        -9.8
    ],
    "Rikitea": [
        -134.96917,
        -23.12028
    ],
    "Vaitape": [
        -151.74913,
        -16.50741
    ],
    "Vairao": [
        -149.28333,
        -17.78333
    ],
    "Uturoa": [
        -151.44482,
        -16.72891
    ],
    "Tohautu": [
        -149.31667,
        -17.75
    ],
    "Tiarei": [
        -149.33333,
        -17.53333
    ],
    "Tevaitoa": [
        -151.5,
        -16.78333
    ],
    "Teavaro": [
        -149.76667,
        -17.5
    ],
    "Teahupoo": [
        -149.26667,
        -17.83333
    ],
    "Tautira": [
        -149.15,
        -17.73333
    ],
    "Taunoa": [
        -149.35,
        -17.75
    ],
    "Punaauia": [
        -149.6,
        -17.63333
    ],
    "Pueu": [
        -149.21667,
        -17.73333
    ],
    "Pirae": [
        -149.53333,
        -17.51667
    ],
    "Papetoai": [
        -149.87291,
        -17.49613
    ],
    "Papeete": [
        -149.56667,
        -17.53333
    ],
    "Papao": [
        -149.55,
        -17.75
    ],
    "Paopao": [
        -149.81667,
        -17.5
    ],
    "Paea": [
        -149.58333,
        -17.68333
    ],
    "Otutara": [
        -149.41667,
        -17.76667
    ],
    "Moerai": [
        -151.34191,
        -22.45133
    ],
    "Mahina": [
        -149.48899,
        -17.50648
    ],
    "Hitiaa": [
        -149.3,
        -17.6
    ],
    "Haapiti": [
        -149.86667,
        -17.56667
    ],
    "Fitii": [
        -151.03333,
        -16.73333
    ],
    "Fare": [
        -151.01667,
        -16.7
    ],
    "Faaone": [
        -149.3,
        -17.66667
    ],
    "Faanui": [
        -151.75,
        -16.48333
    ],
    "Faaa": [
        -149.6,
        -17.55
    ],
    "Arue": [
        -149.5,
        -17.51667
    ],
    "Anau": [
        -151.73333,
        -16.51667
    ],
    "Afareaitu": [
        -149.78333,
        -17.55
    ],
    "Afaahiti": [
        -149.28333,
        -17.75
    ],
    "Taiohae": [
        -140.09972,
        -8.91093
    ]
}