{
    "Saint-Pierre": [
        -56.17196,
        46.78091
    ],
    "Miquelon": [
        -56.38139,
        47.0975
    ]
}