{
    "Aceitunas": [
        -67.0649,
        18.44328
    ],
    "Adjuntas": [
        -66.72369,
        18.16379
    ],
    "Aguada": [
        -67.18824,
        18.37939
    ],
    "Aguadilla": [
        -67.15407,
        18.42745
    ],
    "Aguas Buenas": [
        -66.10294,
        18.2569
    ],
    "Aguas Claras": [
        -65.6535,
        18.25273
    ],
    "Aguilita": [
        -66.53462,
        18.0233
    ],
    "Aibonito": [
        -66.266,
        18.13996
    ],
    "Añasco": [
        -67.13962,
        18.28273
    ],
    "Animas": [
        -66.6349,
        18.4455
    ],
    "Antón Ruiz": [
        -65.8085,
        18.18524
    ],
    "Arecibo": [
        -66.71573,
        18.47244
    ],
    "Arroyo": [
        -66.06128,
        17.9658
    ],
    "Bairoa": [
        -66.04044,
        18.25912
    ],
    "Bajadero": [
        -66.68323,
        18.42661
    ],
    "Bajandas": [
        -65.78155,
        18.15774
    ],
    "Barahona": [
        -66.44545,
        18.35134
    ],
    "Barceloneta": [
        -66.53851,
        18.4505
    ],
    "Barranquitas": [
        -66.30628,
        18.18662
    ],
    "Bartolo": [
        -65.8385,
        18.36134
    ],
    "Bayamón": [
        -66.15572,
        18.39856
    ],
    "Bayamon": [
        -66.11322,
        18.17774
    ],
    "Benitez": [
        -65.87905,
        18.27357
    ],
    "Boquerón": [
        -67.16907,
        18.02691
    ],
    "Boqueron": [
        -65.8485,
        18.20746
    ],
    "Brenas": [
        -66.341,
        18.46717
    ],
    "Buena Vista": [
        -66.05183,
        17.99635
    ],
    "Bufalo": [
        -66.57323,
        18.41828
    ],
    "Caban": [
        -67.13601,
        18.44328
    ],
    "Cabo Rojo": [
        -67.14573,
        18.08663
    ],
    "Cacao": [
        -66.93712,
        18.43661
    ],
    "Caguas": [
        -66.0485,
        18.23412
    ],
    "Campanilla": [
        -66.23683,
        18.42134
    ],
    "Campo Rico": [
        -65.89794,
        18.33717
    ],
    "Camuy": [
        -66.8449,
        18.48383
    ],
    "Candelaria": [
        -66.20878,
        18.40411
    ],
    "Candelaria Arenas": [
        -66.21739,
        18.41717
    ],
    "Candelero Arriba": [
        -65.83683,
        18.10191
    ],
    "Canovanas": [
        -65.89934,
        18.3751
    ],
    "Capitanejo": [
        -66.49462,
        17.99135
    ],
    "Carolina": [
        -65.95739,
        18.38078
    ],
    "Carrizales": [
        -66.7899,
        18.48189
    ],
    "Cataño": [
        -66.11822,
        18.44134
    ],
    "Cayey": [
        -66.166,
        18.11191
    ],
    "Cayuco": [
        -66.73934,
        18.29106
    ],
    "Ceiba": [
        -66.35073,
        18.44634
    ],
    "Celada": [
        -65.966,
        18.27162
    ],
    "Central Aguirre": [
        -66.22294,
        17.95358
    ],
    "Ciales": [
        -66.46878,
        18.33606
    ],
    "Cidra": [
        -66.16128,
        18.17579
    ],
    "Coamo": [
        -66.35795,
        18.07996
    ],
    "Coco": [
        -66.25933,
        18.00719
    ],
    "Comerío": [
        -66.226,
        18.21801
    ],
    "Comunas": [
        -65.84377,
        18.08719
    ],
    "Coquí": [
        -66.22711,
        17.97413
    ],
    "Corazón": [
        -66.08489,
        17.99274
    ],
    "Corcovado": [
        -66.77629,
        18.45856
    ],
    "Corozal": [
        -66.31684,
        18.34106
    ],
    "Coto Laurel": [
        -66.55128,
        18.04969
    ],
    "Coto Norte": [
        -66.43989,
        18.43078
    ],
    "Culebra": [
        -65.30099,
        18.30301
    ],
    "Daguao": [
        -65.68322,
        18.22635
    ],
    "Dorado": [
        -66.26767,
        18.45883
    ],
    "Duque": [
        -65.75044,
        18.2394
    ],
    "El Mangó": [
        -65.87961,
        18.23412
    ],
    "El Negro": [
        -65.85127,
        18.03747
    ],
    "El Ojo": [
        -66.39156,
        18.00385
    ],
    "Emajagua": [
        -65.88266,
        18.00052
    ],
    "Esperanza": [
        -65.47071,
        18.09719
    ],
    "Espino": [
        -67.11935,
        18.27634
    ],
    "Estancias de Florida": [
        -66.56962,
        18.36662
    ],
    "Fajardo": [
        -65.65238,
        18.32579
    ],
    "Florida": [
        -66.56128,
        18.36245
    ],
    "Franquez": [
        -66.42767,
        18.34023
    ],
    "Fuig": [
        -66.91601,
        17.98774
    ],
    "G. L. Garcia": [
        -66.10405,
        18.12746
    ],
    "Galateo": [
        -66.25878,
        18.36245
    ],
    "Garrochales": [
        -66.56628,
        18.45356
    ],
    "Guánica": [
        -66.90795,
        17.97163
    ],
    "Guayabal": [
        -66.50128,
        18.08135
    ],
    "Guayama": [
        -66.11378,
        17.98413
    ],
    "Guayanilla": [
        -66.79184,
        18.01913
    ],
    "Guaynabo": [
        -66.111,
        18.35745
    ],
    "Gurabo": [
        -65.97294,
        18.2544
    ],
    "H. Rivera Colon": [
        -66.27378,
        18.34773
    ],
    "Hatillo": [
        -66.82545,
        18.48633
    ],
    "Hato Candal": [
        -65.78711,
        18.37439
    ],
    "Hormigueros": [
        -67.1274,
        18.13968
    ],
    "Imbery": [
        -66.55239,
        18.43689
    ],
    "Indios": [
        -66.81934,
        17.99413
    ],
    "Ingenio": [
        -66.226,
        18.44217
    ],
    "Humacao": [
        -65.82738,
        18.14968
    ],
    "Isabel Segunda": [
        -65.44266,
        18.14913
    ],
    "Isabela": [
        -67.02435,
        18.50078
    ],
    "Jagual": [
        -65.99544,
        18.16163
    ],
    "Jauca": [
        -66.36572,
        17.96913
    ],
    "Jayuya": [
        -66.59156,
        18.21857
    ],
    "Jobos": [
        -66.16544,
        17.95524
    ],
    "Juana Díaz": [
        -66.50656,
        18.05246
    ],
    "Juncal": [
        -66.91907,
        18.31384
    ],
    "Juncos": [
        -65.921,
        18.22746
    ],
    "La Alianza": [
        -66.6024,
        18.39745
    ],
    "La Dolores": [
        -65.85572,
        18.3755
    ],
    "La Fermina": [
        -65.8535,
        18.17551
    ],
    "La Luisa": [
        -66.50989,
        18.44884
    ],
    "La Parguera": [
        -67.04657,
        17.97497
    ],
    "La Playa": [
        -67.18685,
        18.28745
    ],
    "La Plena": [
        -66.20461,
        18.04663
    ],
    "Lajas": [
        -67.05934,
        18.04996
    ],
    "Lamboglia": [
        -65.98572,
        17.98136
    ],
    "Lares": [
        -66.87712,
        18.29467
    ],
    "Las Marias": [
        -67.14629,
        18.29328
    ],
    "Las Marías": [
        -66.99212,
        18.2519
    ],
    "Las Ochenta": [
        -66.31795,
        17.98469
    ],
    "Las Ollas": [
        -66.42434,
        18.03302
    ],
    "Las Piedras": [
        -65.86627,
        18.18301
    ],
    "Levittown": [
        -66.18156,
        18.44995
    ],
    "Liborio Negron Torres": [
        -66.9424,
        18.04302
    ],
    "Lluveras": [
        -66.90462,
        18.0383
    ],
    "Loíza": [
        -65.88016,
        18.43134
    ],
    "Los Llanos": [
        -66.40573,
        18.05524
    ],
    "Luis Llorens Torres": [
        -66.52684,
        18.05691
    ],
    "Luis M. Cintron": [
        -65.63849,
        18.29968
    ],
    "Luquillo": [
        -65.71655,
        18.37245
    ],
    "Luyando": [
        -67.1574,
        18.36439
    ],
    "Magas Arriba": [
        -66.76906,
        18.01746
    ],
    "Manatí": [
        -66.49212,
        18.42745
    ],
    "Maria Antonia": [
        -66.88934,
        17.9783
    ],
    "Mariano Colón": [
        -66.33239,
        18.0233
    ],
    "Maricao": [
        -66.9799,
        18.18079
    ],