{
    "Shūkat aş Şūfī": [
        34.2826,
        31.25997
    ],
    "Rafaḩ": [
        34.25952,
        31.287
    ],
    "An Nuşayrāt": [
        34.3925,
        31.44861
    ],
    "Khuzā‘ah": [
        34.3611,
        31.30675
    ],
    "Khān Yūnis": [
        34.30627,
        31.34018
    ],
    "Jabālyā": [
        34.48347,
        31.5272
    ],
    "Gaza": [
        34.46667,
        31.5
    ],
    "Dayr al Balaḩ": [
        34.35033,
        31.41783
    ],
    "Bayt Lāhyā": [
        34.49514,
        31.5464
    ],
    "Bayt Ḩānūn": [
        34.53579,
        31.5353
    ],
    "Banī Suhaylā": [
        34.32337,
        31.34337
    ],
    "Al Fukhkhārī": [
        34.33061,
        31.29278
    ],
    "Al Burayj": [
        34.40306,
        31.43944
    ],
    "‘Abasān al Kabīrah": [
        34.34005,
        31.31913
    ],
    "Zubūbah": [
        35.22274,
        32.54346
    ],
    "Zaytā": [
        35.05122,
        32.3856
    ],
    "Zaytā Jammā‘īn": [
        35.18595,
        32.13698
    ],
    "Zawātā": [
        35.2265,
        32.2461
    ],
    "Za‘tarah": [
        35.25662,
        31.67361
    ],
    "Yuta": [
        35.09443,
        31.4459
    ],
    "Yatmā": [
        35.26909,
        32.10889
    ],
    "Yāsūf": [
        35.23784,
        32.10841
    ],
    "Yāşīd": [
        35.27757,
        32.29688
    ],
    "Ya‘bad": [
        35.16822,
        32.44566
    ],
    "Wādī Fūkīn": [
        35.10366,
        31.70702
    ],
    "‘Ūrīf": [
        35.22228,
        32.15949
    ],
    "Ūdalah": [
        35.27646,
        32.15363
    ],
    "Turmus‘ayyā": [
        35.28564,
        32.03538
    ],
    "Ţūlkarm": [
        35.02863,
        32.31037
    ],
    "Ţūbās": [
        35.36989,
        32.32091
    ],
    "Tayāsīr": [
        35.39604,
        32.34042
    ],
    "Tarqūmyā": [
        35.01223,
        31.57551
    ],
    "Ţammūn": [
        35.38367,
        32.28347
    ],
    "Ţallūzah": [
        35.29496,
        32.27056
    ],
    "Till": [
        35.21293,
        32.20068
    ],
    "Talfīt": [
        35.29094,
        32.08664
    ],
    "Taffūḩ": [
        35.04966,
        31.53855
    ],
    "Şūrīf": [
        35.06439,
        31.65078
    ],
    "Surdā": [
        35.20321,
        31.93709
    ],
    "Sīrīs": [
        35.29134,
        32.32828
    ],
    "Sinjil": [
        35.26545,
        32.03334
    ],
    "Silwād": [
        35.2613,
        31.97625
    ],
    "Sīlat az̧ Z̧ahr": [
        35.18418,
        32.31934
    ],
    "Sīlat al Ḩārithīyah": [
        35.22752,
        32.50847
    ],
    "Sa‘īr": [
        35.14017,
        31.57855
    ],
    "Shuqbā": [
        35.04012,
        31.98696
    ],
    "Shūfah": [
        35.08135,
        32.27551
    ],
    "Şaydā": [
        35.11856,
        32.38489
    ],
    "Şarţah": [
        35.09198,
        32.10447
    ],
    "Şarrah": [
        35.19147,
        32.2097
    ],
    "Şānūr": [
        35.24537,
        32.35608
    ],
    "Sannīryā": [
        35.04652,
        32.12877
    ],
    "Sālim": [
        35.33034,
        32.20962
    ],
    "Salfīt": [
        35.18079,
        32.0837
    ],
    "Şaffā": [
        35.06094,
        31.90563
    ],
    "Sabasţīyah": [
        35.19873,
        32.27562
    ],
    "Rummanah": [
        35.2048,
        32.52451
    ],
    "Rūjayb": [
        35.29332,
        32.19061
    ],
    "Rās Karkar": [
        35.10773,
        31.9424
    ],
    "Rantīs": [
        35.01879,
        32.02797
    ],
    "Rammūn": [
        35.29822,
        31.93342
    ],
    "Rāmīn": [
        35.14951,
        32.2852
    ],
    "Ramallah": [
        35.19555,
        31.90256
    ],
    "Rāfāt": [
        35.19182,
        31.87096
    ],
    "Rābā": [
        35.38298,
        32.38678
    ],
    "Quşrah": [
        35.33005,
        32.08543
    ],
    "Qūşīn": [
        35.18297,
        32.23829
    ],
    "Qīrah": [
        35.17173,
        32.12214
    ],
    "Qibyah": [
        35.00984,
        31.97734
    ],
    "Qaţanah": [
        35.11894,
        31.83366
    ],
    "Qaryūt": [
        35.29432,
        32.07004
    ],
    "Qarāwat Banī Zayd": [
        35.12908,
        32.0547
    ],
    "Qarāwat Banī Ḩasan": [
        35.10061,
        32.12568
    ],
    "Qalqīlyah": [
        34.97063,
        32.18966
    ],
    "Qalandiyā": [
        35.20816,
        31.86289
    ],
    "Qaffīn": [
        35.08266,
        32.43274
    ],
    "Qabāţīyah": [
        35.28087,
        32.41035
    ],
    "Qabalān": [
        35.28938,
        32.10182
    ],
    "Nūbā": [
        35.03455,
        31.609
    ],
    "Ni‘līn": [
        35.02031,
        31.94746
    ],
    "Nazlat ‘Īsá": [
        35.05888,
        32.41562
    ],
    "Naḩḩālīn": [
        35.12081,
        31.68559
    ],
    "Nablus": [
        35.25444,
        32.22111
    ],
    "Mikhmās": [
        35.27596,
        31.8721
    ],
    "Mislīyah": [
        35.2878,
        32.38613
    ],
    "Mirkah": [
        35.23807,
        32.39583
    ],
    "Banī Zayd ash Shārqīyah": [
        35.16593,
        32.04935
    ],
    "Maythalūn": [
        35.27446,
        32.34798
    ],
    "Masḩah": [
        35.05096,
        32.10828
    ],
    "Mardā": [
        35.19536,
        32.11381
    ],
    "Majdal Banī Fāḑil": [
        35.36378,
        32.08357
    ],
    "Mādamā": [
        35.23114,
        32.18588
    ],
    "Al Lubban ash Sharqīyah": [
        35.2403,
        32.07011
    ],
    "Kufayrit": [
        35.20184,
        32.4438
    ],
    "Kifil Ḩāris": [
        35.15719,
        32.11827
    ],
    "Ar Ramāḑīn": [
        34.91246,
        31.37952
    ],
    "Qalqas": [
        35.09535,
        31.49212
    ],
    "Imrīsh": [
        35.00819,
        31.46895
    ],
    "Marāḩ Rabbāḩ": [
        35.18688,
        31.63406
    ],
    "Dayr al ‘Asal al Fawqā": [
        34.93832,
        31.46832
    ],
    "Bayt Ta‘mar": [
        35.23986,
        31.67927
    ],
    "Bayt Ḩasan": [
        35.40407,
        32.2376
    ],
    "Bayt ‘Awwā": [
        34.94938,
        31.50911
    ],
    "Jannātah": [
        35.21961,
        31.66958
    ],
    "Ash Shaykh Sa‘d": [
        35.25742,
        31.73721
    ],
    "An Naşşārīyah": [
        35.38711,
        32.23647
    ],
    "Kharbathā al Mişbāḩ": [
        35.07185,
        31.88546
    ],
    "Al Majd": [
        34.95108,
        31.48056
    ],
    "Karmah": [
        35.02689,
        31.45182
    ],
    "Al Burj": [
        34.91697,
        31.43609
    ],
    "Shuyūkh al ‘Arrūb": [
        35.14366,
        31.61735
    ],
    "Khirbat Abū Falāḩ": [
        35.30135,
        32.01678
    ],
    "Kharbathā Banī Ḩārith": [
        35.07194,
        31.94508
    ],
    "Khārās": [
        35.04174,
        31.6148
    ],
    "Khallat al Mayyah": [
        35.14286,
        31.44222
    ],
    "Kūbar": [
        35.15788,
        31.98722
    ],
    "Kafr Zībād": [
        35.07179,
        32.22584
    ],
    "Kafr Thulth": [
        35.04698,
        32.1533
    ],
    "Kafr Şūr": [
        35.06394,
        32.24366
    ],
    "Kafr Rā‘ī": [
        35.15451,
        32.37398
    ],
    "Kafr Qūd": [
        35.22649,
        32.45661
    ],
    "Kafr Qallīl": [
        35.28284,
        32.19351
    ],
    "Kafr Qaddūm": [
        35.14471,
        32.22162
    ],
    "Kafr Mālik": [
        35.30932,
        31.9884
    ],
    "Kafr Jammāl": [
        35.04337,
        32.22551
    ],
    "Kafr Dān": [
        35.25425,
        32.47852
    ],
    "Kafr ‘Ayn": [
        35.12038,
        32.04758
    ],
    "Kafr al Labad": [
        35.10955,
        32.29967
    ],
    "Kafr ad Dīk": [
        35.08287,
        32.0671
    ],
    "Kafr ‘Abbūsh": [
        35.08504,
        32.22353
    ],
    "Jūrīsh": [
        35.32188,
        32.10188
    ],