{
    "Koror State": [
        134.47326,
        7.33978
    ],
    "Ulimang": [
        134.64208,
        7.62416
    ],
    "Melekeok Village": [
        134.63671,
        7.49567
    ],
    "Ngereklmadel": [
        134.48562,
        7.48826
    ],
    "Imeong Hamlet": [
        134.52713,
        7.53134
    ],
    "Ngchesar Hamlet": [
        134.60991,
        7.46932
    ],
    "Ngerkeai": [
        134.63612,
        7.55456
    ],
    "Mengellang": [
        134.63054,
        7.6957
    ],
    "Angaur State": [
        134.12997,
        6.90601
    ],
    "Melekeok": [
        134.62355,
        7.50043
    ],
    "Tobi Village": [
        131.12168,
        3.00488
    ],
    "Sonsorol Village": [
        132.21943,
        5.32608
    ],
    "Kayangel": [
        134.71725,
        8.08228
    ],
    "Kloulklubed": [
        134.25561,
        7.04192
    ],
    "Ngetkib": [
        134.51484,
        7.36451
    ],
    "Ngchemiangel": [
        134.47678,
        7.44613
    ],
    "Ngardmau": [
        134.5744,
        7.60986
    ],
    "Koror Town": [
        134.47888,
        7.34257
    ]
}