{
    "Yuty": [
        -56.25,
        -26.6
    ],
    "Ypacarai": [
        -57.28546,
        -25.40514
    ],
    "Yhú": [
        -55.91667,
        -25.05
    ],
    "Ygatimí": [
        -55.5,
        -24.08333
    ],
    "Yegros": [
        -56.4,
        -26.45
    ],
    "Ybycuí": [
        -57.05,
        -26.01667
    ],
    "Yataity del Norte": [
        -56.35,
        -24.83333
    ],
    "Yaguarón": [
        -57.3,
        -25.6
    ],
    "Villarrica": [
        -56.44861,
        -25.78056
    ],
    "Villa Hayes": [
        -57.52361,
        -25.09306
    ],
    "Villa Florida": [
        -57.15,
        -26.38333
    ],
    "Villa Elisa": [
        -57.59274,
        -25.3676
    ],
    "Unión": [
        -56.55,
        -24.8
    ],
    "Trinidad": [
        -55.78333,
        -27.11667
    ],
    "Tobatí": [
        -57.06667,
        -25.25
    ],
    "Tacuatí": [
        -56.58333,
        -23.45
    ],
    "Sapucaí": [
        -56.91667,
        -25.66667
    ],
    "Santiago": [
        -56.78333,
        -27.15
    ],
    "Santa Rosa": [
        -56.85,
        -26.86667
    ],
    "Santa Rita": [
        -55.06667,
        -25.78333
    ],
    "Santa María": [
        -56.93333,
        -26.78333
    ],
    "Santa Elena": [
        -56.8,
        -25.4
    ],
    "San Pedro de Ycuamandiyú": [
        -57.07639,
        -24.09167
    ],
    "San Pedro del Paraná": [
        -56.2,
        -26.83333
    ],
    "San Patricio": [
        -56.81667,
        -26.96667
    ],
    "San Miguel": [
        -57.05,
        -26.5
    ],
    "San Lorenzo": [
        -57.50879,
        -25.33968
    ],
    "San Juan Nepomuceno": [
        -55.96667,
        -26.1
    ],
    "San Juan del Paraná": [
        -55.96667,
        -27.3
    ],
    "San Juan Bautista": [
        -57.14583,
        -26.66944
    ],
    "San José": [
        -56.73333,
        -25.53333
    ],
    "San Joaquín": [
        -56.11667,
        -24.95
    ],
    "San Isidro de Curuguaty": [
        -55.7,
        -24.51667
    ],
    "San Cosme y Damián": [
        -56.35,
        -27.31667
    ],
    "San Bernardino": [
        -57.29628,
        -25.31067
    ],
    "San Antonio": [
        -57.54725,
        -25.42126
    ],
    "San Alberto": [
        -54.9,
        -24.96667
    ],
    "Salto del Guairá": [
        -54.30694,
        -24.0625
    ],
    "Repatriación": [
        -55.95,
        -25.53333
    ],
    "Quiindy": [
        -57.26667,
        -25.96667
    ],
    "Puerto Rosario": [
        -57.08333,
        -24.45
    ],
    "Puerto Mayor Otaño": [
        -54.7,
        -26.4
    ],
    "Presidente Franco": [
        -54.61667,
        -25.53333
    ],
    "Piribebuy": [
        -57.05,
        -25.48333
    ],
    "Pirayú": [
        -57.23333,
        -25.48333
    ],
    "Pirapo": [
        -55.53333,
        -26.85
    ],
    "Pilar": [
        -58.29346,
        -26.86879
    ],
    "Pedro Juan Caballero": [
        -55.73333,
        -22.54722
    ],
    "Paraguarí": [
        -57.14722,
        -25.62083
    ],
    "Obligado": [
        -55.63333,
        -27.03333
    ],
    "Nueva Italia": [
        -57.5,
        -25.61667
    ],
    "Nueva Germania": [
        -56.56667,
        -23.9
    ],
    "Nemby": [
        -57.53574,
        -25.3949
    ],
    "Natalio": [
        -55.08333,
        -26.71667
    ],
    "Natalicio Talavera": [
        -56.3,
        -25.63333
    ],
    "Naranjal": [
        -55.18333,
        -25.96667
    ],
    "Nanawa": [
        -57.66667,
        -25.26667
    ],
    "Mbuyapey": [
        -56.75,
        -26.2
    ],
    "Mbutuy": [
        -56.3,
        -24.96667
    ],
    "Mbocayaty": [
        -56.4,
        -25.7
    ],
    "Los Cedrales": [
        -54.7,
        -25.65
    ],
    "Limpio": [
        -57.48562,
        -25.16611
    ],
    "Lima": [
        -56.33333,
        -23.9
    ],
    "Las Palomas": [
        -54.51667,
        -24.08333
    ],
    "Lambaré": [
        -57.60647,
        -25.34682
    ],
    "La Colmena": [
        -56.81667,
        -25.88333
    ],
    "Jesús": [
        -55.78333,
        -27.05
    ],
    "Iturbe": [
        -56.48333,
        -26.05
    ],
    "Itauguá": [
        -57.33333,
        -25.38333
    ],
    "Itaquyry": [
        -55.21667,
        -24.93333
    ],
    "Itapé": [
        -56.61667,
        -25.85
    ],
    "Itacurubí del Rosario": [
        -56.68333,
        -24.5
    ],
    "Itacurubí de la Cordillera": [
        -56.85,
        -25.45
    ],
    "Itá": [
        -57.35,
        -25.48333
    ],
    "Isla Pucú": [
        -56.9,
        -25.3
    ],
    "Independencia": [
        -56.25,
        -25.71667
    ],
    "Hohenau": [
        -55.75,
        -27.08333
    ],
    "Guayaybi": [
        -56.43333,
        -24.53333
    ],
    "Guarambaré": [
        -57.46667,
        -25.48333
    ],
    "General José Eduvigis Díaz": [
        -58.41667,
        -27.16667
    ],
    "General Higinio Morínigo": [
        -55.91667,
        -25.95
    ],
    "General Elizardo Aquino": [
        -56.7,
        -24.43333
    ],
    "General Delgado": [
        -56.51667,
        -27.16667
    ],
    "General Artigas": [
        -56.21667,
        -26.93333
    ],
    "Fuerte Olimpo": [
        -57.87377,
        -21.04153
    ],
    "Fram": [
        -55.88333,
        -26.98333
    ],
    "Fernando de la Mora": [
        -57.54021,
        -25.32308
    ],
    "Eusebio Ayala": [
        -56.96667,
        -25.4
    ],
    "Encarnación": [
        -55.86667,
        -27.33056
    ],
    "Emboscada": [
        -57.35,
        -25.15
    ],
    "Edelira": [
        -55.26667,
        -26.75
    ],
    "Doctor Juan Manuel Frutos": [
        -55.8,
        -25.36667
    ],
    "Doctor Juan León Mallorquín": [
        -55.26667,
        -25.4
    ],
    "Doctor Cecilio Báez": [
        -56.31667,
        -25.05
    ],
    "Corpus Christi": [
        -54.83333,
        -24.03333
    ],
    "Coronel Oviedo": [
        -56.44028,
        -25.44444
    ],
    "Coronel Martínez": [
        -56.61667,
        -25.75
    ],
    "Concepción": [
        -57.44028,
        -23.40556
    ],
    "Colonia Yguazú": [
        -55,
        -25.45
    ],
    "Colonia Minga Porá": [
        -54.9,
        -24.86667
    ],
    "Colonia Menno": [
        -59.81667,
        -22.36667
    ],
    "Colonia Mauricio José Troche": [
        -56.28333,
        -25.56667
    ],
    "Colonia Mariano Roque Alonso": [
        -57.55,
        -25.16667
    ],
    "Colonia General Alfredo Stroessner": [
        -55.7,
        -25.36667
    ],
    "Colonia Catuete": [
        -54.61667,
        -24.13333
    ],
    "Ciudad del Este": [
        -54.61111,
        -25.50972
    ],
    "Cerrito": [
        -57.66667,
        -27.31667
    ],
    "Carmen del Paraná": [
        -56.21667,
        -27.23333
    ],
    "Carlos Antonio López": [
        -54.76667,
        -26.4
    ],
    "Carayaó": [
        -56.4,
        -25.18333
    ],
    "Carapeguá": [
        -57.23333,
        -25.8
    ],
    "Caraguatay": [
        -56.81667,
        -25.23333
    ],
    "Capitán Miranda": [
        -55.8,
        -27.2
    ],
    "Capitán Bado": [
        -55.53333,
        -23.26667
    ],
    "Capiíbary": [
        -56.03333,
        -24.8
    ],
    "Capiatá": [
        -57.44545,
        -25.3552
    ],
    "Caazapá": [
        -56.36806,
        -26.19583
    ],
    "Caapucú": [
        -57.2,
        -26.21667
    ],
    "Caaguazú": [
        -56.01667,
        -25.45
    ],
    "Caacupé": [
        -57.14028,
        -25.38611
    ],
    "Buena Vista": [
        -56.08333,
        -26.18333
    ],
    "Benjamín Aceval": [
        -57.56667,
        -24.96667
    ],
    "Bella Vista": [
        -56.51667,
        -22.13333
    ],
    "Belén": [
        -57.26194,
        -23.46611
    ],
    "Ayolas": [
        -56.9,
        -27.4
    ],