{
    "Umm Şalāl Muḩammad": [
        51.40389,
        25.41694
    ],
    "Umm Şalāl ‘Alī": [
        51.3975,
        25.46972
    ],
    "Umm Sa‘īd": [
        51.54889,
        24.99611
    ],
    "Umm Bāb": [
        50.80722,
        25.21417
    ],
    "Madīnat ash Shamāl": [
        51.2009,
        26.12933
    ],
    "Dukhān": [
        50.78583,
        25.42972
    ],
    "Az̧ Z̧a‘āyin": [
        51.48306,
        25.57744
    ],
    "Ash Shaḩānīyah": [
        51.22639,
        25.36861
    ],
    "Ar Ru’ays": [
        51.21667,
        26.13333
    ],
    "Ar Rayyān": [
        51.42444,
        25.29194
    ],
    "Al Wukayr": [
        51.53778,
        25.15083
    ],
    "Al Wakrah": [
        51.60337,
        25.17151
    ],
    "Al Khawr": [
        51.50583,
        25.68389
    ],
    "Al Jumaylīyah": [
        51.09222,
        25.60944
    ],
    "Al Ghuwayrīyah": [
        51.24528,
        25.82972
    ],
    "Doha": [
        51.52245,
        25.27932
    ],
    "Fuwayriţ": [
        51.36694,
        26.02167
    ]
}