{
    "Rwamagana": [
        30.4347,
        -1.9487
    ],
    "Musanze": [
        29.63497,
        -1.49984
    ],
    "Nzega": [
        29.5564,
        -2.479
    ],
    "Kigali": [
        30.05885,
        -1.94995
    ],
    "Kibuye": [
        29.3482,
        -2.0597
    ],
    "Kibungo": [
        30.5427,
        -2.1597
    ],
    "Gitarama": [
        29.75667,
        -2.07444
    ],
    "Gikongoro": [
        29.57389,
        -2.46397
    ],
    "Cyangugu": [
        28.9075,
        -2.4846
    ],
    "Gisenyi": [
        29.25639,
        -1.70278
    ],
    "Byumba": [
        30.0675,
        -1.5763
    ],
    "Butare": [
        29.7431,
        -2.6038
    ],
    "Nyanza": [
        29.75089,
        -2.35187
    ]
}