{
    "Yanbu‘ al Baḩr": [
        38.06374,
        24.08912
    ],
    "Umm Lajj": [
        37.2685,
        25.02126
    ],
    "Umm as Sāhik": [
        49.91639,
        26.65361
    ],
    "Ţurayf": [
        38.66374,
        31.67252
    ],
    "Turabah": [
        41.6331,
        21.21406
    ],
    "At Tūbī": [
        49.99167,
        26.55778
    ],
    "Tārūt": [
        50.03694,
        26.57332
    ],
    "Tanūmah": [
        44.13333,
        27.1
    ],
    "Tabūk": [
        36.58333,
        28.38333
    ],
    "Ţubarjal": [
        38.21603,
        30.49987
    ],
    "Tabālah": [
        42.4,
        19.95
    ],
    "Sulţānah": [
        39.58572,
        24.49258
    ],
    "Sayhāt": [
        50.04046,
        26.48522
    ],
    "Şāmitah": [
        42.94435,
        16.59601
    ],
    "Sakākā": [
        40.20641,
        29.96974
    ],
    "Şafwá": [
        49.95223,
        26.64986
    ],
    "Şabyā": [
        42.62537,
        17.1495
    ],
    "Raḩīmah": [
        50.06194,
        26.70791
    ],
    "Rābigh": [
        39.03493,
        22.79856
    ],
    "Qal‘at Bīshah": [
        42.6052,
        20.00054
    ],
    "Najrān": [
        44.12766,
        17.4924
    ],
    "Mulayjah": [
        48.42419,
        27.27103
    ],
    "Mislīyah": [
        42.5572,
        17.45988
    ],
    "Marāt": [
        45.46147,
        25.07007
    ],
    "Mecca": [
        39.82611,
        21.42667
    ],
    "Khamīs Mushayt": [
        42.72917,
        18.30639
    ],
    "Julayjilah": [
        49.6,
        25.5
    ],
    "Jīzān": [
        42.55111,
        16.88917
    ],
    "Jeddah": [
        39.21917,
        21.51694
    ],
    "Hayil": [
        41.69073,
        27.52188
    ],
    "Farasān": [
        42.11833,
        16.70222
    ],
    "Duba": [
        35.69014,
        27.35134
    ],
    "Buraydah": [
        43.97497,
        26.32599
    ],
    "Abqaiq": [
        49.67761,
        25.9371
    ],
    "Badr Ḩunayn": [
        38.79047,
        23.78292
    ],
    "Az Zulfi": [
        44.81542,
        26.29945
    ],
    "Dhahran": [
        50.13528,
        26.30324
    ],
    "Aţ Ţaraf": [
        49.72504,
        25.36276
    ],
    "Ta’if": [
        40.41583,
        21.27028
    ],
    "As Sulayyil": [
        45.57792,
        20.46067
    ],
    "Sājir": [
        44.59964,
        25.18251
    ],
    "As Saffānīyah": [
        48.73,
        27.97083
    ],
    "Riyadh": [
        46.72185,
        24.68773
    ],
    "Ar Rass": [
        43.4973,
        25.86944
    ],
    "‘Ar‘ar": [
        41.03808,
        30.97531
    ],
    "An Nimāş": [
        42.1201,
        19.14547
    ],
    "Al Qurayyāt": [
        37.34282,
        31.33176
    ],
    "Al Wajh": [
        36.45248,
        26.24551
    ],
    "Al ‘Ulá": [
        37.92316,
        26.60853
    ],
    "Al Qurayn": [
        49.6,
        25.48333
    ],
    "Al Qayşūmah": [
        46.12729,
        28.31117
    ],
    "Al Qaţīf": [
        50.02452,
        26.5208
    ],
    "Al Qārah": [
        49.66667,
        25.41667
    ],
    "Al Muţayrifī": [
        49.55763,
        25.47879
    ],
    "Al Munayzilah": [
        49.66667,
        25.38333
    ],
    "Al Mubarraz": [
        49.58083,
        25.41
    ],
    "Al Mindak": [
        41.28337,
        20.1588
    ],
    "Al Mithnab": [
        44.22228,
        25.86012
    ],
    "Al Markaz": [
        49.73333,
        25.4
    ],
    "Medina": [
        39.61417,
        24.46861
    ],
    "Al Khubar": [
        50.20833,
        26.27944
    ],
    "Al Khafjī": [
        48.49132,
        28.43905
    ],
    "Al Jumūm": [
        39.69806,
        21.61694
    ],
    "Al Jubayl": [
        49.65,
        25.4
    ],
    "Al Jarādīyah": [
        42.9124,
        16.57946
    ],
    "Al Jafr": [
        49.72361,
        25.37694
    ],
    "Al Hufūf": [
        49.56532,
        25.36457
    ],
    "Al Bukayrīyah": [
        43.65933,
        26.14422
    ],
    "Al Baţţālīyah": [
        49.63333,
        25.43333
    ],
    "Al Bāḩah": [
        41.46767,
        20.01288
    ],
    "Al Arţāwīyah": [
        45.34437,
        26.50526
    ],
    "Al Awjām": [
        49.94331,
        26.56324
    ],
    "‘Afīf": [
        42.91724,
        23.9065
    ],
    "Ad Dilam": [
        47.16266,
        23.99146
    ],
    "Ad Dawādimī": [
        44.39237,
        24.50772
    ],
    "Ad Darb": [
        42.25261,
        17.72285
    ],
    "Dammam": [
        50.10326,
        26.43442
    ],
    "Abū ‘Arīsh": [
        42.83251,
        16.96887
    ],
    "Abha": [
        42.50528,
        18.21639
    ],
    "Ḩajrat al Khinbish": [
        45.03675,
        27.78248
    ],
    "Şuwayr": [
        40.38925,
        30.11713
    ],
    "Tumayr": [
        45.86796,
        25.70393
    ],
    "Al Fuwayliq": [
        43.2534,
        26.44322
    ],
    "Al Majāridah": [
        41.91111,
        19.12361
    ],
    "Al Muwayh": [
        41.75829,
        22.43333
    ],
    "Al Hadā": [
        40.28694,
        21.36753
    ],
    "Ash Shafā": [
        40.31185,
        21.0721
    ],
    "Mizhirah": [
        42.73333,
        16.82611
    ],
    "shokhaibٍ": [
        46.26871,
        24.49023
    ],
    "Unaizah": [
        43.99355,
        26.08427
    ]
}