{
    "Tulaghi": [
        160.14759,
        -9.09958
    ],
    "Taro’a": [
        161.2013,
        -9.22389
    ],
    "Honiara": [
        159.95,
        -9.43333
    ],
    "Gizo": [
        156.84186,
        -8.10303
    ],
    "Buala": [
        159.59212,
        -8.14497
    ],
    "Auki": [
        160.70335,
        -8.76761
    ],
    "Tinggoa": [
        160.64004,
        -11.82798
    ],
    "Lata": [
        165.83333,
        -10.71667
    ],
    "Kirakira": [
        161.92045,
        -10.45442
    ]
}