{
    "Victoria": [
        55.45,
        -4.61667
    ],
    "Takamaka": [
        55.5,
        -4.76667
    ],
    "Port Glaud": [
        55.41667,
        -4.66667
    ],
    "Cascade": [
        55.5,
        -4.66667
    ],
    "Bel Ombre": [
        55.41667,
        -4.61667
    ],
    "Beau Vallon": [
        55.43015,
        -4.62091
    ],
    "Anse Royale": [
        55.51667,
        -4.73333
    ],
    "Anse Boileau": [
        55.48333,
        -4.71667
    ]
}