{
    "Dongola": [
        30.48333,
        19.16667
    ],
    "Zalingei": [
        23.47406,
        12.9096
    ],
    "Wagar": [
        36.2032,
        16.1525
    ],
    "Wad Rāwah": [
        33.13972,
        15.16028
    ],
    "Wad Medani": [
        33.51989,
        14.40118
    ],
    "Wad az Zāki": [
        32.2065,
        14.4619
    ],
    "Umm Ruwaba": [
        31.2158,
        12.9061
    ],
    "Umm Kaddadah": [
        26.68759,
        13.60169
    ],
    "Um Jar Al Gharbiyya": [
        32.4078,
        13.8013
    ],
    "Omdurman": [
        32.47773,
        15.64453
    ],
    "Tokār": [
        37.729,
        18.4254
    ],
    "Tandaltī": [
        31.86667,
        13.01667
    ],
    "Talodi": [
        30.3797,
        10.63246
    ],
    "Sinja": [
        33.93333,
        13.15
    ],
    "Shendi": [
        33.4341,
        16.6915
    ],
    "Sawākin": [
        37.3321,
        19.1059
    ],
    "Sinnar": [
        33.56718,
        13.56907
    ],
    "Rabak": [
        32.73999,
        13.18087
    ],
    "Nyala": [
        24.88333,
        12.05
    ],
    "Marawī": [
        31.81667,
        18.48333
    ],
    "Marabba": [
        32.18333,
        12.35
    ],
    "Maiurno": [
        33.66667,
        13.41667
    ],
    "Kutum": [
        24.66667,
        14.2
    ],
    "Kosti": [
        32.66347,
        13.1629
    ],
    "Kurmuk": [
        34.28333,
        10.55
    ],
    "Kuraymah": [
        31.85,
        18.55
    ],
    "Kināna": [
        33.1712,
        14.0361
    ],
    "Kassala": [
        36.39998,
        15.45099
    ],
    "Karmah an Nuzul": [
        30.41667,
        19.63333
    ],
    "Kadugli": [
        29.71667,
        11.01667
    ],
    "Gebeit": [
        36.31667,
        21.06667
    ],
    "Jalqani": [
        34.2186,
        12.4486
    ],
    "Doka": [
        35.76667,
        13.51667
    ],
    "Dilling": [
        29.65,
        12.05
    ],
    "Port Sudan": [
        37.21644,
        19.61745
    ],
    "Berber": [
        33.98299,
        18.02158
    ],
    "Bārah": [
        30.36667,
        13.7
    ],
    "Atbara": [
        33.98638,
        17.70217
    ],
    "As Sūkī": [
        33.88333,
        13.31667
    ],
    "Ar Ruseris": [
        34.3869,
        11.8659
    ],
    "Ar Rahad": [
        30.65,
        12.71667
    ],
    "Aroma": [
        36.13333,
        15.81667
    ],
    "Argo": [
        30.41667,
        19.51667
    ],
    "An Nuhūd": [
        28.43333,
        12.7
    ],
    "El Obeid": [
        30.21669,
        13.18421
    ],
    "Al Qiţena": [
        32.3668,
        14.8648
    ],
    "Al Qadarif": [
        35.38344,
        14.03493
    ],
    "Al Masallamiyya": [
        33.3373,
        14.5748
    ],
    "Al Mijlad": [
        27.73333,
        11.03333
    ],
    "El Matama": [
        33.3565,
        16.7095
    ],
    "Al Manāqil": [
        32.9891,
        14.2459
    ],
    "Al Lagowa": [
        29.13333,
        11.4
    ],
    "Khartoum": [
        32.53241,
        15.55177
    ],
    "Al Kiremit al ‘Arakiyyīn": [
        32.9437,
        14.3476
    ],
    "Al Kawa": [
        32.4996,
        13.7463
    ],
    "El Geneina": [
        22.44725,
        13.45262
    ],
    "Al Hilāliyya": [
        33.234,
        14.9398
    ],
    "Al Ḩawātah": [
        34.63333,
        13.41667
    ],
    "Al Hasaheisa": [
        33.29836,
        14.75264
    ],
    "Al Fūlah": [
        28.35786,
        11.73292
    ],
    "El Fasher": [
        25.34936,
        13.62793
    ],
    "El Bauga": [
        33.90812,
        18.26196
    ],
    "Ad Douiem": [
        32.3116,
        14.0012
    ],
    "El Daein": [
        26.12583,
        11.46186
    ],
    "Ad Dindar": [
        34.16667,
        13.2
    ],
    "Ed Damer": [
        33.95917,
        17.59278
    ],
    "Ad-Damazin": [
        34.3592,
        11.7891
    ],
    "Ad Dabbah": [
        30.95,
        18.05
    ],
    "Abū Zabad": [
        29.25,
        12.35
    ],
    "Abu Jibeha": [
        31.2285,
        11.4562
    ]
}