{
    "Georgetown": [
        -14.41667,
        -7.93333
    ],
    "Edinburgh of the Seven Seas": [
        -12.31155,
        -37.06757
    ],
    "Jamestown": [
        -5.71675,
        -15.93872
    ]
}