{
    "Žužemberk": [
        14.92917,
        45.83389
    ],
    "Žirovnica": [
        14.14,
        46.40472
    ],
    "Žiri": [
        14.10722,
        46.04222
    ],
    "Zreče": [
        15.37917,
        46.38222
    ],
    "Zgornje Jezersko": [
        14.46667,
        46.38333
    ],
    "Zgornja Kungota": [
        15.61556,
        46.63917
    ],
    "Žetale": [
        15.79389,
        46.275
    ],
    "Železniki": [
        14.16667,
        46.23333
    ],
    "Zavrč": [
        16.04972,
        46.39167
    ],
    "Žalec": [
        15.16482,
        46.25151
    ],
    "Zagorje ob Savi": [
        14.99694,
        46.13179
    ],
    "Vuzenica": [
        15.16722,
        46.59639
    ],
    "Vrtojba": [
        13.63417,
        45.9125
    ],
    "Vrhnika": [
        14.29556,
        45.96611
    ],
    "Vransko": [
        14.95139,
        46.24389
    ],
    "Volčja Draga": [
        13.6775,
        45.90694
    ],
    "Vojnik": [
        15.30333,
        46.29333
    ],
    "Vodice": [
        14.49492,
        46.18987
    ],
    "Vnanje Gorice": [
        14.42194,
        46.00722
    ],
    "Vitomarci": [
        15.93944,
        46.5275
    ],
    "Vitanje": [
        15.29583,
        46.38167
    ],
    "Vir pri Stični": [
        14.81778,
        45.9525
    ],
    "Vipava": [
        13.96306,
        45.84667
    ],
    "Videm": [
        14.69417,
        45.85
    ],
    "Veržej": [
        16.16528,
        46.58361
    ],
    "Verd": [
        14.30583,
        45.95667
    ],
    "Velike Lašče": [
        14.63639,
        45.83222
    ],
    "Velika Polana": [
        16.34694,
        46.57194
    ],
    "Turnišče": [
        16.32028,
        46.62778
    ],
    "Trzin": [
        14.56667,
        46.13333
    ],
    "Tržič": [
        14.31046,
        46.36357
    ],
    "Trnovska vas": [
        15.88657,
        46.52019
    ],
    "Trebnje": [
        15.02167,
        45.90417
    ],
    "Trbovlje": [
        15.05333,
        46.155
    ],
    "Topolšica": [
        15.02157,
        46.40028
    ],
    "Tomaž pri Ormožu": [
        16.08361,
        46.48417
    ],
    "Tolmin": [
        13.73321,
        46.18304
    ],
    "Velenje": [
        15.11028,
        46.35917
    ],
    "Tišina": [
        16.09167,
        46.65806
    ],
    "Tabor": [
        15.01833,
        46.23611
    ],
    "Sveta Ana v Slovenskih Goricah": [
        15.84417,
        46.64917
    ],
    "Štore": [
        15.31389,
        46.22083
    ],
    "Starše": [
        15.76722,
        46.46583
    ],
    "Središče ob Dravi": [
        16.26806,
        46.39417
    ],
    "Spodnji Duplek": [
        15.74528,
        46.50306
    ],
    "Spodnje Hoče": [
        15.65,
        46.5
    ],
    "Spodnja Idrija": [
        14.02722,
        46.03194
    ],
    "Spodnja Hajdina": [
        15.84694,
        46.40889
    ],
    "Šoštanj": [
        15.04861,
        46.38
    ],
    "Solčava": [
        14.69361,
        46.41944
    ],
    "Sodražica": [
        14.63556,
        45.76111
    ],
    "Šmartno pri Litiji": [
        14.84417,
        46.04444
    ],
    "Šmartno ob Paki": [
        15.03333,
        46.33333
    ],
    "Šmarje pri Jelšah": [
        15.51917,
        46.22722
    ],
    "Šmarca": [
        14.59667,
        46.19333
    ],
    "Slovenske Konjice": [
        15.42583,
        46.33667
    ],
    "Slovenska Bistrica": [
        15.57444,
        46.39278
    ],
    "Slovenj Gradec": [
        15.08056,
        46.51028
    ],
    "Škofljica": [
        14.57667,
        45.98333
    ],
    "Škofja Loka": [
        14.30626,
        46.16551
    ],
    "Škocjan": [
        15.29139,
        45.90667
    ],
    "Sežana": [
        13.87333,
        45.70924
    ],
    "Sevnica": [
        15.31556,
        46.00778
    ],
    "Šentrupert": [
        15.09556,
        45.97778
    ],
    "Šentjur": [
        15.3975,
        46.21722
    ],
    "Šentjernej": [
        15.33611,
        45.84
    ],
    "Šentilj": [
        15.64806,
        46.68167
    ],
    "Senovo": [
        15.47694,
        46.02361
    ],
    "Šenčur": [
        14.41972,
        46.24556
    ],
    "Šempeter v Savinjski dolini": [
        15.12194,
        46.25639
    ],
    "Šempeter pri Gorici": [
        13.64111,
        45.9275
    ],
    "Šempas": [
        13.74361,
        45.93028
    ],
    "Semič": [
        15.18222,
        45.64611
    ],
    "Šalovci": [
        16.29806,
        46.825
    ],
    "Ruše": [
        15.51583,
        46.53944
    ],
    "Rogoza": [
        15.68333,
        46.5
    ],
    "Rogatec": [
        15.70028,
        46.22944
    ],
    "Rogašovci": [
        16.03333,
        46.8
    ],
    "Rogaška Slatina": [
        15.63972,
        46.2375
    ],
    "Ribnica na Pohorju": [
        15.27278,
        46.535
    ],
    "Ribnica": [
        14.7275,
        45.73861
    ],
    "Renče": [
        13.66861,
        45.89
    ],
    "Rečica ob Savinji": [
        14.91667,
        46.31667
    ],
    "Razvanje": [
        15.63611,
        46.51444
    ],
    "Ravne na Koroškem": [
        14.96917,
        46.54306
    ],
    "Ravne": [
        15.01278,
        45.9625
    ],
    "Rakičan": [
        16.20417,
        46.65167
    ],
    "Rakek": [
        14.31111,
        45.81333
    ],
    "Radovljica": [
        14.17444,
        46.34444
    ],
    "Radomlje": [
        14.61222,
        46.17361
    ],
    "Radlje ob Dravi": [
        15.22639,
        46.61417
    ],
    "Radenci": [
        16.03781,
        46.64201
    ],
    "Radeče": [
        15.18389,
        46.06806
    ],
    "Rače": [
        15.68139,
        46.45194
    ],
    "Puconci": [
        16.15639,
        46.70667
    ],
    "Ptuj": [
        15.87018,
        46.42005
    ],
    "Prvačina": [
        13.71806,
        45.89
    ],
    "Prevalje": [
        14.92083,
        46.54694
    ],
    "Preddvor": [
        14.42306,
        46.3025
    ],
    "Prebold": [
        15.0925,
        46.23694
    ],
    "Pragersko": [
        15.66,
        46.39667
    ],
    "Postojna": [
        14.21667,
        45.77694
    ],
    "Portorož": [
        13.59206,
        45.51429
    ],
    "Polzela": [
        15.06667,
        46.28333
    ],
    "Poljčane": [
        15.57917,
        46.31194
    ],
    "Podvelka": [
        15.33056,
        46.58694
    ],
    "Podlehnik": [
        15.88,
        46.33528
    ],
    "Podhom": [
        14.1,
        46.4
    ],
    "Podčetrtek": [
        15.59861,
        46.15694
    ],
    "Pivka": [
        14.19588,
        45.68292
    ],
    "Pirano": [
        13.57056,
        45.52778
    ],
    "Pesnica pri Mariboru": [
        15.67667,
        46.60694
    ],
    "Pekre": [
        15.59556,
        46.54722
    ],
    "Pameče": [
        15.07917,
        46.53417
    ],
    "Osilnica": [
        14.69444,
        45.52778
    ],
    "Ormož": [
        16.15444,
        46.41139
    ],
    "Oplotnica": [
        15.44667,
        46.38778
    ],
    "Odranci": [
        16.28028,
        46.58667
    ],
    "Novo Mesto": [
        15.16886,
        45.80397
    ],
    "Nova Vas": [
        14.50583,
        45.77167
    ],
    "Nova Gorica": [
        13.64837,
        45.95604
    ],
    "Naklo": [
        14.31722,
        46.27278
    ],
    "Muta": [
        15.16611,
        46.61139
    ],
    "Murska Sobota": [
        16.16639,
        46.6625
    ],
    "Mozirje": [
        14.96333,
        46.33944
    ],
    "Moravske Toplice": [
        16.2208,
        46.68313
    ],
    "Moravče": [
        14.745,
        46.13694
    ],
    "Mokronog": [
        15.14083,
        45.93417
    ],
    "Mojstrana": [
        13.93694,
        46.46111
    ],
    "Mislinja": [
        15.19556,
        46.44111
    ],
    "Mirna Peč": [
        15.08333,
        45.86028
    ],