{
    "Ždiar": [
        20.26239,
        49.271
    ],
    "Vysoké Tatry": [
        20.24386,
        49.13637
    ],
    "Vyšné Ružbachy": [
        20.56558,
        49.30387
    ],
    "Vranov nad Topľou": [
        21.68479,
        48.88836
    ],
    "Vinné": [
        21.96757,
        48.80965
    ],
    "Trebišov": [
        21.71954,
        48.62858
    ],
    "Svit": [
        20.20695,
        49.06014
    ],
    "Svidník": [
        21.5703,
        49.30819
    ],
    "Stropkov": [
        21.65216,
        49.20211
    ],
    "Štrba": [
        20.07975,
        49.05913
    ],
    "Strážske": [
        21.83668,
        48.8735
    ],
    "Stará Ľubovňa": [
        20.6862,
        49.29859
    ],
    "Spišské Podhradie": [
        20.75307,
        49.00088
    ],
    "Spišská Nová Ves": [
        20.56154,
        48.94464
    ],
    "Spišská Belá": [
        20.45948,
        49.18725
    ],
    "Sobrance": [
        22.18136,
        48.74455
    ],
    "Snina": [
        22.15099,
        48.98857
    ],
    "Sečovce": [
        21.66104,
        48.70074
    ],
    "Sabinov": [
        21.0988,
        49.10308
    ],
    "Rožňava": [
        20.53758,
        48.66008
    ],
    "Rimavská Sobota": [
        20.0224,
        48.38284
    ],
    "Revúca": [
        20.11734,
        48.68346
    ],
    "Prešov": [
        21.23393,
        48.99839
    ],
    "Poprad": [
        20.29798,
        49.06144
    ],
    "Podolínec": [
        20.536,
        49.25869
    ],
    "Nová Lesná": [
        20.26737,
        49.12253
    ],
    "Moldava nad Bodvou": [
        20.99957,
        48.61428
    ],
    "Michalovce": [
        21.9195,
        48.75434
    ],
    "Medzilaborce": [
        21.90073,
        49.27195
    ],
    "Medzev": [
        20.89367,
        48.70041
    ],
    "Ľubica": [
        20.45,
        49.11667
    ],
    "Lipany": [
        20.96382,
        49.15376
    ],
    "Levoča": [
        20.59212,
        49.02173
    ],
    "Krompachy": [
        20.87514,
        48.91447
    ],
    "Košice": [
        21.25808,
        48.71395
    ],
    "Kežmarok": [
        20.43352,
        49.1357
    ],
    "Humenné": [
        21.91625,
        48.93707
    ],
    "Giraltovce": [
        21.51731,
        49.11398
    ],
    "Gelnica": [
        20.93712,
        48.85584
    ],
    "Dobšiná": [
        20.36988,
        48.82073
    ],
    "Čierna nad Tisou": [
        22.08865,
        48.41704
    ],
    "Chlmec": [
        21.9393,
        48.88628
    ],
    "Bardejov": [
        21.27271,
        49.29175
    ],
    "Zvolen": [
        19.15324,
        48.57442
    ],
    "Zlaté Moravce": [
        18.40063,
        48.38553
    ],
    "Žilina": [
        18.73941,
        49.22315
    ],
    "Žiar nad Hronom": [
        18.84958,
        48.59184
    ],
    "Želiezovce": [
        18.65421,
        48.05075
    ],
    "Žarnovica": [
        18.71565,
        48.48124
    ],
    "Vrútky": [
        18.91714,
        49.11328
    ],
    "Vrbové": [
        17.7226,
        48.61973
    ],
    "Vráble": [
        18.30846,
        48.24371
    ],
    "Veľký Meder": [
        17.76884,
        47.85798
    ],
    "Tvrdošín": [
        19.556,
        49.337
    ],
    "Turzovka": [
        18.62258,
        49.40429
    ],
    "Trstená": [
        19.61249,
        49.36101
    ],
    "Trnava": [
        17.58723,
        48.3774
    ],
    "Trenčín": [
        18.04436,
        48.89452
    ],
    "Trenčianske Teplice": [
        18.16691,
        48.91063
    ],
    "Tlmače": [
        18.53152,
        48.28926
    ],
    "Tisovec": [
        19.94364,
        48.67738
    ],
    "Terchová": [
        19.02935,
        49.25895
    ],
    "Svodín": [
        18.49967,
        47.91054
    ],
    "Svätý Jur": [
        17.21539,
        48.25216
    ],
    "Svätý Anton": [
        18.9401,
        48.41923
    ],
    "Šurany": [
        18.18447,
        48.08613
    ],
    "Štúrovo": [
        18.7175,
        47.79495
    ],
    "Stupava": [
        17.03173,
        48.27474
    ],
    "Stará Turá": [
        17.69433,
        48.77721
    ],
    "Smolenice": [
        17.43067,
        48.50478
    ],
    "Sládkovičovo": [
        17.63852,
        48.20137
    ],
    "Skalica": [
        17.22635,
        48.8449
    ],
    "Senica": [
        17.36697,
        48.67922
    ],
    "Senec": [
        17.40043,
        48.21951
    ],
    "Šamorín": [
        17.30972,
        48.03015
    ],
    "Sellye": [
        17.88062,
        48.15127
    ],
    "Šahy": [
        18.94946,
        48.07408
    ],
    "Ružomberok": [
        19.30751,
        49.0748
    ],
    "Rajec": [
        18.64007,
        49.08898
    ],
    "Púchov": [
        18.32596,
        49.12494
    ],
    "Prievidza": [
        18.6275,
        48.77446
    ],
    "Pribylina": [
        19.79427,
        49.0995
    ],
    "Považská Bystrica": [
        18.42169,
        49.12153
    ],
    "Poltár": [
        19.79408,
        48.43094
    ],
    "Piešťany": [
        17.82591,
        48.59479
    ],
    "Pezinok": [
        17.26664,
        48.28986
    ],
    "Partizánske": [
        18.38456,
        48.62861
    ],
    "Nové Zámky": [
        18.16195,
        47.98544
    ],
    "Nové Mesto nad Váhom": [
        17.8309,
        48.75763
    ],
    "Nováky": [
        18.53389,
        48.71106
    ],
    "Nová Dubnica": [
        18.14632,
        48.93479
    ],
    "Nová Baňa": [
        18.64037,
        48.42305
    ],
    "Nitra": [
        18.08453,
        48.30763
    ],
    "Nemšová": [
        18.11892,
        48.96702
    ],
    "Námestovo": [
        19.48032,
        49.4079
    ],
    "Myjava": [
        17.56866,
        48.75876
    ],
    "Modra": [
        17.30711,
        48.33397
    ],
    "Martin": [
        18.92399,
        49.06651
    ],
    "Malacky": [
        17.02188,
        48.43604
    ],
    "Lučenec": [
        19.66708,
        48.33249
    ],
    "Liptovský Mikuláš": [
        19.62218,
        49.08061
    ],
    "Liptovský Hrádok": [
        19.72335,
        49.03962
    ],
    "Levice": [
        18.60705,
        48.21563
    ],
    "Leopoldov": [
        17.76458,
        48.44575
    ],
    "Kysucké Nové Mesto": [
        18.78333,
        49.3
    ],
    "Krupina": [
        19.06474,
        48.3554
    ],
    "Kremnica": [
        18.91834,
        48.70519
    ],
    "Krasňany": [
        18.88718,
        49.21491
    ],
    "Komárno": [
        18.12263,
        47.76356
    ],
    "Kolárovo": [
        17.98467,
        47.92294
    ],
    "Ilava": [
        18.2353,
        48.99769
    ],
    "Hybe": [
        19.82895,
        49.04439
    ],
    "Hurbanovo": [
        18.19233,
        47.86984
    ],
    "Hriňová": [
        19.52574,
        48.57787
    ],
    "Holíč": [
        17.16238,
        48.81105
    ],
    "Hlohovec": [
        17.8031,
        48.43174
    ],
    "Handlová": [
        18.76012,
        48.7276
    ],
    "Gbely": [
        17.11628,
        48.718
    ],
    "Galanta": [
        17.72747,
        48.19001
    ],
    "Gabčíkovo": [
        17.57884,
        47.89211
    ],
    "Fiľakovo": [
        19.82473,
        48.26757
    ],
    "Dunajská Streda": [
        17.61211,
        47.99268
    ],
    "Dudince": [
        18.88782,
        48.17135
    ],
    "Dubnica nad Váhom": [
        18.16634,
        48.95981
    ],
    "Dolný Kubín": [
        19.30341,
        49.20983
    ],
    "Detva": [
        19.41954,
        48.56082
    ],
    "Čierny Balog": [
        19.65125,
        48.74722
    ],
    "Čadca": [
        18.78895,
        49.43503
    ],
    "Čachtice": [
        17.78704,
        48.71226
    ],
    "Bytča": [
        18.55878,
        49.22404
    ],
    "Brezová pod Bradlom": [
        17.53904,
        48.6635
    ],
    "Brezno": [
        19.63631,
        48.80431
    ],