{
    "Zimmi": [
        -11.30611,
        7.31528
    ],
    "Yonibana": [
        -12.245,
        8.44472
    ],
    "Yengema": [
        -11.16667,
        8.71667
    ],
    "Wima": [
        -11.21667,
        8.3
    ],
    "Waterloo": [
        -13.07194,
        8.33833
    ],
    "Tongole": [
        -11.9,
        7.45
    ],
    "Tombu": [
        -10.73333,
        8.53333
    ],
    "Tombodu": [
        -10.61667,
        8.13333
    ],
    "Tintafor": [
        -13.215,
        8.62667
    ],
    "Tefea": [
        -11.21667,
        8.7
    ],
    "Sumbuya": [
        -11.96111,
        7.64667
    ],
    "Simbakoro": [
        -11.01667,
        8.6
    ],
    "Serabu": [
        -12.05361,
        7.79583
    ],
    "Seidu": [
        -10.6,
        9.01667
    ],
    "Segbwema": [
        -10.95,
        8
    ],
    "Sawkta": [
        -13.20194,
        8.63194
    ],
    "Rotifunk": [
        -12.68333,
        8.23333
    ],
    "Rokupr": [
        -12.395,
        8.67167
    ],
    "Potoru": [
        -11.47861,
        7.50722
    ],
    "Port Loko": [
        -12.78333,
        8.76667
    ],
    "Peyima": [
        -11.03333,
        8.7
    ],
    "Pepel": [
        -13.06278,
        8.58167
    ],
    "Pendembu": [
        -10.7,
        8.1
    ],
    "Panguma": [
        -11.13333,
        8.18333
    ],
    "Ngiehun": [
        -11.05,
        8.55
    ],
    "Moyamba": [
        -12.43333,
        8.16667
    ],
    "Motema": [
        -11.03333,
        8.6
    ],
    "Mogbwemo": [
        -12.31056,
        7.76944
    ],
    "Mobai": [
        -10.75111,
        7.99444
    ],
    "Masoyila": [
        -13.19,
        8.60972
    ],
    "Masingbi": [
        -11.95,
        8.78333
    ],
    "Masaka": [
        -11.8,
        8.66667
    ],
    "Manowa": [
        -10.75,
        8.16667
    ],
    "Mange": [
        -12.85,
        8.91667
    ],
    "Mamboma": [
        -11.68333,
        8.08333
    ],
    "Mambolo": [
        -13.04444,
        8.92306
    ],
    "Makeni": [
        -12.05,
        8.88333
    ],
    "Makali": [
        -11.66667,
        8.63333
    ],
    "Magburaka": [
        -11.95,
        8.71667
    ],
    "Lunsar": [
        -12.53333,
        8.68333
    ],
    "Loma": [
        -12.03333,
        9.75
    ],
    "Lago": [
        -12.15,
        8.26667
    ],
    "Kukuna": [
        -12.66667,
        9.4
    ],
    "Koribundu": [
        -11.69222,
        7.71139
    ],
    "Koidu": [
        -10.98333,
        8.63333
    ],
    "Kenema": [
        -11.1875,
        7.87667
    ],
    "Kayima": [
        -11.16667,
        8.88333
    ],
    "Kassiri": [
        -13.12444,
        8.93722
    ],
    "Kambia": [
        -12.91667,
        9.11667
    ],
    "Kamakwie": [
        -12.24061,
        9.49689
    ],
    "Kailahun": [
        -10.56667,
        8.28333
    ],
    "Kabala": [
        -11.55,
        9.58333
    ],
    "Jojoima": [
        -10.78778,
        7.87917
    ],
    "Hastings": [
        -13.13861,
        8.37972
    ],
    "Hangha": [
        -11.14,
        7.94111
    ],
    "Gorahun": [
        -11.2375,
        7.46611
    ],
    "Freetown": [
        -13.22994,
        8.484
    ],
    "Giehun": [
        -11.05,
        7.88333
    ],
    "Gberia Fotombu": [
        -11.16667,
        9.88333
    ],
    "Gandorhun": [
        -11.83333,
        7.5
    ],
    "Foindu": [
        -11.54222,
        7.41083
    ],
    "Daru": [
        -10.84056,
        7.99194
    ],
    "Bwedu": [
        -10.37194,
        8.28028
    ],
    "Bunumbu": [
        -10.86667,
        8.16667
    ],
    "Bumpe": [
        -11.9025,
        7.89194
    ],
    "Bumbuna": [
        -11.73333,
        9.05
    ],
    "Bonthe": [
        -12.505,
        7.52639
    ],
    "Bomi": [
        -11.52583,
        7.24611
    ],
    "Boajibu": [
        -11.33333,
        8.18333
    ],
    "Bo": [
        -11.73833,
        7.96472
    ],
    "Blama": [
        -11.34333,
        7.87361
    ],
    "Binkolo": [
        -11.98333,
        8.95
    ],
    "Bindi": [
        -11.45,
        9.91667
    ],
    "Barma": [
        -11.33333,
        8.35
    ],
    "Baoma": [
        -11.71667,
        8
    ],
    "Baiima": [
        -11.85,
        8.1
    ],
    "Alikalia": [
        -11.4,
        9.16667
    ],
    "Konakridee": [
        -13.23917,
        8.69778
    ],
    "Gbewebu": [
        -11.60639,
        7.55222
    ],
    "Pujehun": [
        -11.72083,
        7.35806
    ]
}