{
    "Serravalle": [
        12.48167,
        43.96897
    ],
    "San Marino": [
        12.44639,
        43.93667
    ],
    "Poggio di Chiesanuova": [
        12.42142,
        43.90451
    ],
    "Monte Giardino": [
        12.48201,
        43.90878
    ],
    "Fiorentino": [
        12.45738,
        43.91001
    ],
    "Faetano": [
        12.49798,
        43.92831
    ],
    "Domagnano": [
        12.47008,
        43.95279
    ],
    "Borgo Maggiore": [
        12.44738,
        43.94193
    ],
    "Acquaviva": [
        12.4185,
        43.94593
    ]
}