{
    "Ziguinchor": [
        -16.27194,
        12.58333
    ],
    "Vélingara": [
        -14.11667,
        13.15
    ],
    "Touba": [
        -15.88333,
        14.85
    ],
    "Tionk Essil": [
        -16.52167,
        12.78556
    ],
    "Tiébo": [
        -16.23333,
        14.63333
    ],
    "Tiadiaye": [
        -16.7,
        14.41667
    ],
    "Thiès Nones": [
        -16.96667,
        14.78333
    ],
    "Thiès": [
        -17.10611,
        14.83417
    ],
    "Tambacounda": [
        -13.66734,
        13.77073
    ],
    "Sokone": [
        -16.36667,
        13.88333
    ],
    "Sémé": [
        -12.94482,
        15.19422
    ],
    "Sédhiou": [
        -15.55694,
        12.70806
    ],
    "Saint-Louis": [
        -16.48962,
        16.01793
    ],
    "Rosso": [
        -15.79834,
        16.42028
    ],
    "Richard-Toll": [
        -15.70083,
        16.4625
    ],
    "Ranérou": [
        -13.96667,
        15.3
    ],
    "Pout": [
        -17.06107,
        14.77099
    ],
    "Pourham": [
        -16.41667,
        14.35
    ],
    "Polel Diaoubé": [
        -13,
        15.26667
    ],
    "Pikine": [
        -17.39071,
        14.76457
    ],
    "Passi": [
        -16.26667,
        13.98333
    ],
    "Oussouye": [
        -16.54694,
        12.485
    ],
    "Ouro Sogui": [
        -13.3223,
        15.60588
    ],
    "Waoundé": [
        -12.86821,
        15.26367
    ],
    "Nioro du Rip": [
        -15.8,
        13.75
    ],
    "Nguékhokh": [
        -17.00447,
        14.51255
    ],
    "Ndofane": [
        -15.93333,
        13.91667
    ],
    "Ndioum": [
        -14.64706,
        16.51293
    ],
    "Ndibène Dahra": [
        -15.4766,
        15.3338
    ],
    "Mékhé": [
        -16.6218,
        15.1097
    ],
    "Mbaké": [
        -15.90803,
        14.79032
    ],
    "Matam": [
        -13.25544,
        15.65587
    ],
    "Marsassoum": [
        -15.98056,
        12.8275
    ],
    "Louga": [
        -16.22436,
        15.61867
    ],
    "Koungheul": [
        -14.8,
        13.98333
    ],
    "Kolda": [
        -14.95,
        12.88333
    ],
    "Khombole": [
        -16.7,
        14.76667
    ],
    "Kédougou": [
        -12.1743,
        12.5579
    ],
    "Kayar": [
        -17.11978,
        14.91893
    ],
    "Kaolack": [
        -16.25333,
        14.1825
    ],
    "Kanel": [
        -13.17627,
        15.4916
    ],
    "Kaffrine": [
        -15.5508,
        14.10594
    ],
    "Joal-Fadiout": [
        -16.83333,
        14.16667
    ],
    "Guinguinéo": [
        -15.95,
        14.26667
    ],
    "Guéoul": [
        -16.35,
        15.48333
    ],
    "Grand Dakar": [
        -17.45472,
        14.71331
    ],
    "Goléré": [
        -14.10165,
        16.25574
    ],
    "Gandiaye": [
        -16.26667,
        14.23333
    ],
    "Foundiougne": [
        -16.46667,
        14.13333
    ],
    "Fatick": [
        -16.58583,
        14.35806
    ],
    "Diourbel": [
        -16.3925,
        14.66278
    ],
    "Diofior": [
        -16.66667,
        14.18333
    ],
    "Diawara": [
        -12.54374,
        15.02196
    ],
    "Dara": [
        -15.47993,
        15.34844
    ],
    "Dakar": [
        -17.44406,
        14.6937
    ],
    "Bignona": [
        -16.22639,
        12.81028
    ],
    "Adéane": [
        -16.01694,
        12.63
    ],
    "Warang": [
        -16.94366,
        14.37349
    ],
    "Mermoz Boabab": [
        -17.47581,
        14.70649
    ]
}