{
    "Yeed": [
        43.03333,
        4.55
    ],
    "Xuddur": [
        43.88945,
        4.12129
    ],
    "Xarardheere": [
        47.8575,
        4.6544
    ],
    "Wanlaweyn": [
        44.8938,
        2.6185
    ],
    "Waajid": [
        43.24628,
        3.80958
    ],
    "Tayeeglow": [
        44.51112,
        4.01897
    ],
    "Saacow": [
        42.44066,
        1.62794
    ],
    "Qoryooley": [
        44.52999,
        1.78784
    ],
    "Qandala": [
        49.87282,
        11.47197
    ],
    "Oodweyne": [
        45.06397,
        9.4092
    ],
    "Mogadishu": [
        45.34375,
        2.03711
    ],
    "Marka": [
        44.77166,
        1.71594
    ],
    "Mahaddayweyne": [
        45.5347,
        2.9726
    ],
    "Luuq": [
        42.5445,
        3.79376
    ],
    "Lughaye": [
        43.94397,
        10.68573
    ],
    "Laasqoray": [
        48.1967,
        11.1595
    ],
    "Kismayo": [
        42.54536,
        -0.35817
    ],
    "Jilib": [
        42.78535,
        0.48829
    ],
    "Jawhar": [
        45.50048,
        2.78087
    ],
    "Jamaame": [
        42.74497,
        0.06968
    ],
    "Jalalaqsi": [
        45.5996,
        3.3766
    ],
    "Iskushuban": [
        50.23,
        10.2837
    ],
    "Hobyo": [
        48.5268,
        5.3505
    ],
    "Hargeysa": [
        44.065,
        9.56
    ],
    "Garoowe": [
        48.48446,
        8.40536
    ],
    "Garbahaarrey": [
        42.22091,
        3.32892
    ],
    "Gaalkacyo": [
        47.43083,
        6.76972
    ],
    "Eyl": [
        49.8164,
        7.9803
    ],
    "Dujuuma": [
        42.57377,
        1.25311
    ],
    "Dhuusamarreeb": [
        46.38666,
        5.53598
    ],
    "Ceerigaabo": [
        47.36795,
        10.61616
    ],
    "Ceeldheer": [
        47.18064,
        3.84878
    ],
    "Ceelbuur": [
        46.6176,
        4.68501
    ],
    "Ceek": [
        45.35824,
        8.99907
    ],
    "Cadale": [
        46.3222,
        2.7603
    ],
    "Buurhakaba": [
        44.07806,
        2.80257
    ],
    "Buur Gaabo": [
        41.83736,
        -1.21933
    ],
    "Buulobarde": [
        45.56744,
        3.85375
    ],
    "Burco": [
        45.53363,
        9.52212
    ],
    "Bu’aale": [
        42.58333,
        1.08333
    ],
    "Bosaso": [
        49.18158,
        11.28421
    ],
    "Bereeda": [
        51.05795,
        11.87037
    ],
    "Berbera": [
        45.01432,
        10.43959
    ],
    "Beledweyne": [
        45.20361,
        4.73583
    ],
    "Baidoa": [
        43.6498,
        3.11383
    ],
    "Bargaal": [
        51.0773,
        11.28636
    ],
    "Bandarbeyla": [
        50.8122,
        9.4942
    ],
    "Baardheere": [
        42.27644,
        2.34464
    ],
    "Afgooye": [
        45.1212,
        2.1381
    ],
    "Laascaanood": [
        47.35971,
        8.47738
    ],
    "Baki": [
        43.38531,
        9.89206
    ]
}