{
    "Wageningen": [
        -56.68333,
        5.76667
    ],
    "Totness": [
        -56.31667,
        5.88333
    ],
    "Paramaribo": [
        -55.16682,
        5.86638
    ],
    "Onverwacht": [
        -55.18333,
        5.58333
    ],
    "Nieuw Nickerie": [
        -56.98333,
        5.95
    ],
    "Nieuw Amsterdam": [
        -55.08333,
        5.88333
    ],
    "Moengo": [
        -54.4,
        5.61667
    ],
    "Mariënburg": [
        -55.02159,
        5.84691
    ],
    "Lelydorp": [
        -55.23333,
        5.7
    ],
    "Groningen": [
        -55.46667,
        5.8
    ],
    "Brownsweg": [
        -55.16667,
        5.01667
    ],
    "Brokopondo": [
        -54.96667,
        5.06667
    ],
    "Albina": [
        -54.05,
        5.5
    ]
}