{
    "Yei": [
        30.67792,
        4.09504
    ],
    "Yambio": [
        28.39549,
        4.57213
    ],
    "Wau": [
        27.9953,
        7.70286
    ],
    "Aweil": [
        27.40019,
        8.76816
    ],
    "Torit": [
        32.56778,
        4.41333
    ],
    "Tonj": [
        28.68223,
        7.27369
    ],
    "Tambura": [
        27.46667,
        5.6
    ],
    "Rumbek": [
        29.67742,
        6.80619
    ],
    "Raga": [
        25.678,
        8.45955
    ],
    "Marīdi": [
        29.47415,
        4.91584
    ],
    "Malakal": [
        31.66048,
        9.53342
    ],
    "Ler": [
        30.14179,
        8.30179
    ],
    "Kajok": [
        27.99028,
        8.30016
    ],
    "Kapoeta": [
        33.59028,
        4.77167
    ],
    "Juba": [
        31.58247,
        4.85165
    ],
    "Gogrial": [
        28.10037,
        8.53324
    ],
    "Pajok": [
        32.48212,
        3.86512
    ],
    "Bor": [
        31.55633,
        6.20593
    ],
    "Bentiu": [
        29.83333,
        9.23333
    ]
}