{
    "São Tomé": [
        6.72732,
        0.33654
    ],
    "Santo António": [
        7.41783,
        1.63726
    ]
}