{
    "Zaragoza": [
        -89.28889,
        13.58944
    ],
    "Zacatecoluca": [
        -88.86667,
        13.5
    ],
    "Victoria": [
        -88.63333,
        13.95
    ],
    "Usulután": [
        -88.45,
        13.35
    ],
    "Tonacatepeque": [
        -89.11861,
        13.78111
    ],
    "Texistepeque": [
        -89.5,
        14.13333
    ],
    "Tenancingo": [
        -88.98333,
        13.83333
    ],
    "Tecoluca": [
        -89.00528,
        13.78917
    ],
    "Tacuba": [
        -89.92972,
        13.90111
    ],
    "Suchitoto": [
        -89.02778,
        13.93806
    ],
    "Soyapango": [
        -89.15139,
        13.73472
    ],
    "Sonzacate": [
        -89.71472,
        13.73417
    ],
    "Sonsonate": [
        -89.72417,
        13.71889
    ],
    "Sociedad": [
        -88.01667,
        13.7
    ],
    "Sesori": [
        -88.36667,
        13.71667
    ],
    "Sensuntepeque": [
        -88.63333,
        13.86667
    ],
    "San Vicente": [
        -88.8,
        13.63333
    ],
    "Santo Tomás": [
        -89.13333,
        13.64083
    ],
    "Santiago Nonualco": [
        -88.95,
        13.51667
    ],
    "Santiago de María": [
        -88.46667,
        13.48333
    ],
    "Santa Rosa de Lima": [
        -87.89361,
        13.62472
    ],
    "Santa Elena": [
        -88.41667,
        13.38333
    ],
    "Santa Ana": [
        -89.55972,
        13.99417
    ],
    "San Sebastián": [
        -88.83333,
        13.73333
    ],
    "San Salvador": [
        -89.18718,
        13.68935
    ],
    "San Rafael Oriente": [
        -88.35,
        13.38333
    ],
    "San Pedro Masahuat": [
        -89.03861,
        13.54361
    ],
    "San Pablo Tacachico": [
        -89.34,
        13.97556
    ],
    "San Miguel": [
        -88.18333,
        13.48333
    ],
    "San Martín": [
        -88.91667,
        13.78333
    ],
    "San Marcos": [
        -89.18306,
        13.65889
    ],
    "San Juan Opico": [
        -89.35972,
        13.87611
    ],
    "San Francisco Menéndez": [
        -90.01583,
        13.84306
    ],
    "San Francisco": [
        -88.1,
        13.7
    ],
    "San Antonio del Monte": [
        -89.73833,
        13.71639
    ],
    "San Alejo": [
        -87.96306,
        13.43139
    ],
    "San Agustín": [
        -88.6,
        13.43333
    ],
    "Rosario de Mora": [
        -89.20889,
        13.57528
    ],
    "Quezaltepeque": [
        -89.27444,
        13.835
    ],
    "Puerto El Triunfo": [
        -88.55,
        13.28333
    ],
    "Pasaquina": [
        -87.84111,
        13.58444
    ],
    "Panchimalco": [
        -89.18,
        13.61278
    ],
    "Ozatlán": [
        -88.5,
        13.38333
    ],
    "Olocuilta": [
        -89.11722,
        13.56972
    ],
    "Nuevo Cuscatlán": [
        -89.26528,
        13.64861
    ],
    "Santa Tecla": [
        -89.27972,
        13.67694
    ],
    "Nueva Guadalupe": [
        -88.35,
        13.53333
    ],
    "Nueva Esparta": [
        -87.83861,
        13.78361
    ],
    "Nueva Concepción": [
        -89.3,
        14.13333
    ],
    "Nahuizalco": [
        -89.73667,
        13.7775
    ],
    "Moncagua": [
        -88.25,
        13.53333
    ],
    "Metapán": [
        -89.45,
        14.33333
    ],
    "Mejicanos": [
        -89.21306,
        13.74028
    ],
    "Lolotique": [
        -88.35,
        13.55
    ],
    "La Unión": [
        -87.84389,
        13.33694
    ],
    "La Libertad": [
        -89.32222,
        13.48833
    ],
    "Jujutla": [
        -89.85722,
        13.78694
    ],
    "Jucuarán": [
        -88.24778,
        13.25389
    ],
    "Jucuapa": [
        -88.38333,
        13.51667
    ],
    "Juayúa": [
        -89.74556,
        13.84139
    ],
    "Jocoro": [
        -88.01667,
        13.61667
    ],
    "Jiquilisco": [
        -88.58333,
        13.31667
    ],
    "Izalco": [
        -89.67306,
        13.74472
    ],
    "Intipucá": [
        -88.05444,
        13.19694
    ],
    "Ilopango": [
        -89.10944,
        13.70167
    ],
    "Guazapa": [
        -89.17306,
        13.87694
    ],
    "Guaymango": [
        -89.84222,
        13.75028
    ],
    "Guatajiagua": [
        -88.2,
        13.66667
    ],
    "El Tránsito": [
        -88.35,
        13.35
    ],
    "El Rosario": [
        -89.02972,
        13.49778
    ],
    "El Paisnal": [
        -89.21861,
        13.97361
    ],
    "El Congo": [
        -89.49583,
        13.90889
    ],
    "Delgado": [
        -89.17028,
        13.72417
    ],
    "Cuscatancingo": [
        -89.18139,
        13.73611
    ],
    "Corinto": [
        -87.97139,
        13.81083
    ],
    "Conchagua": [
        -87.86472,
        13.30778
    ],
    "Concepción de Ataco": [
        -89.84861,
        13.87028
    ],
    "Concepción Batres": [
        -88.36667,
        13.35
    ],
    "Cojutepeque": [
        -88.93333,
        13.71667
    ],
    "Coatepeque": [
        -89.50417,
        13.92861
    ],
    "Ciudad Barrios": [
        -88.26667,
        13.76667
    ],
    "Ciudad Arce": [
        -89.44722,
        13.84028
    ],
    "Chirilagua": [
        -88.13861,
        13.22028
    ],
    "Chinameca": [
        -88.35,
        13.5
    ],
    "Chapeltique": [
        -88.26667,
        13.63333
    ],
    "Chalchuapa": [
        -89.68111,
        13.98667
    ],
    "Chalatenango": [
        -88.93333,
        14.03333
    ],
    "Candelaria de La Frontera": [
        -89.65,
        14.11667
    ],
    "Cacaopera": [
        -88.08333,
        13.76667
    ],
    "Berlín": [
        -88.53333,
        13.5
    ],
    "Ayutuxtepeque": [
        -89.20639,
        13.74556
    ],
    "Atiquizaya": [
        -89.7525,
        13.97694
    ],
    "Armenia": [
        -89.49889,
        13.74361
    ],
    "Apopa": [
        -89.17917,
        13.80722
    ],
    "Apastepeque": [
        -88.78333,
        13.66667
    ],
    "Antiguo Cuscatlán": [
        -89.24083,
        13.67306
    ],
    "Anamorós": [
        -87.87361,
        13.74056
    ],
    "Ahuachapán": [
        -89.845,
        13.92139
    ],
    "Aguilares": [
        -89.18972,
        13.95722
    ],
    "Acajutla": [
        -89.8275,
        13.59278
    ]
}