{
    "Philipsburg": [
        -63.04582,
        18.026
    ],
    "Cul de Sac": [
        -63.06542,
        18.03868
    ]
}