{
    "‘Ayn Ḩalāqīm": [
        36.32212,
        34.93998
    ],
    "Al Karāmah": [
        39.27803,
        35.86866
    ],
    "‘Arīqah": [
        36.48336,
        32.88981
    ],
    "Aş Şūrah aş Şaghīrah": [
        36.57387,
        33.03267
    ],
    "Al Ghandūrah": [
        37.73278,
        36.67006
    ],
    "Mūḩ Ḩasan": [
        40.32227,
        35.23194
    ],
    "Yabrūd": [
        36.65741,
        33.96736
    ],
    "Wādī al ‘Uyūn": [
        36.18683,
        35.00119
    ],
    "‘Uqayribāt": [
        37.46442,
        35.0431
    ],
    "Ţayyibat al Imām": [
        36.71219,
        35.26592
    ],
    "Tasīl": [
        35.97039,
        32.83611
    ],
    "Tartouss": [
        35.88659,
        34.88902
    ],
    "Tall Tamr": [
        40.37079,
        36.65556
    ],
    "Tall Salḩab": [
        36.38461,
        35.25884
    ],
    "Tall Rif‘at": [
        37.09672,
        36.47362
    ],
    "Tallkalakh": [
        36.25995,
        34.66842
    ],
    "Tall Ḩamīs": [
        41.39943,
        36.75678
    ],
    "Talldaww": [
        36.48598,
        34.92357
    ],
    "Tall aḑ Ḑamān": [
        37.25378,
        35.80776
    ],
    "Tall Abyaḑ": [
        38.95382,
        36.69648
    ],
    "Tālīn": [
        36.03288,
        35.14849
    ],
    "Tallbīsah": [
        36.73093,
        34.84063
    ],
    "Taftanāz": [
        36.78579,
        35.99832
    ],
    "Ţafas": [
        36.06694,
        32.73564
    ],
    "Tadmur": [
        38.28055,
        34.56077
    ],
    "Tādif": [
        37.5309,
        36.34814
    ],
    "Şūrān": [
        37.21222,
        36.565
    ],
    "Souran": [
        36.74848,
        35.29193
    ],
    "As Suqaylibīyah": [
        36.39359,
        35.36674
    ],
    "Subaykhān": [
        40.60833,
        34.85444
    ],
    "Şalinfah": [
        36.1877,
        35.59822
    ],
    "Şirrīn ash Shamālīyah": [
        38.29788,
        36.58838
    ],
    "Sirghāyā": [
        36.15787,
        33.8104
    ],
    "Sinjār": [
        37.00472,
        35.59011
    ],
    "Shuyūkh Taḩtānī": [
        38.07676,
        36.75059
    ],
    "Shīn": [
        36.42366,
        34.77863
    ],
    "Ash Shaykh Miskīn": [
        36.15933,
        32.82944
    ],
    "Shaykh al Ḩadīd": [
        36.59905,
        36.5009
    ],
    "Shaţḩah": [
        36.24377,
        35.50509
    ],
    "Sharān": [
        36.93724,
        36.62333
    ],
    "Shaqqā": [
        36.69653,
        32.89774
    ],
    "Shahbā": [
        36.62896,
        32.85514
    ],
    "Şaydnāyā": [
        36.37301,
        33.69768
    ],
    "Sa‘sa‘": [
        36.02072,
        33.28368
    ],
    "Sarmīn": [
        36.72501,
        35.90403
    ],
    "Sarāqib": [
        36.80591,
        35.86447
    ],
    "Sulūk": [
        39.1299,
        36.59596
    ],
    "Salqīn": [
        36.45413,
        36.13951
    ],
    "Şalkhad": [
        36.71114,
        32.492
    ],
    "As Salamīyah": [
        37.05324,
        35.01127
    ],
    "Şalākhid": [
        36.57271,
        32.87271
    ],
    "Sahnaiya": [
        36.22552,
        33.4253
    ],
    "Satita": [
        36.11376,
        34.81836
    ],
    "Şadad": [
        36.92525,
        34.31325
    ],
    "Şabbūrah": [
        37.20908,
        35.15595
    ],
    "As Sab‘ Biyār": [
        37.68357,
        33.77974
    ],
    "Ar Riqāmā": [
        36.91909,
        34.53879
    ],
    "Rasm al Ḩarmal": [
        37.71608,
        36.24486
    ],
    "Ra’s al ‘Ayn": [
        40.07056,
        36.85034
    ],
    "Rankūs": [
        36.39074,
        33.75692
    ],
    "Radjun": [
        36.66404,
        36.67533
    ],
    "Al Quţaylibīyah": [
        36.01496,
        35.28928
    ],
    "Qarqania": [
        36.61247,
        36.13848
    ],
    "Al Qaḩţānīyah": [
        41.54596,
        37.029
    ],
    "Qaţanā": [
        36.07757,
        33.43646
    ],
    "Qasţal Ma‘āf": [
        35.95254,
        35.82458
    ],
    "Jāsim": [
        36.06018,
        32.99233
    ],
    "Qārah": [
        36.74152,
        34.1527
    ],
    "Al Qamşīyah": [
        36.01455,
        35.03357
    ],
    "Qal‘at al Maḑīq": [
        36.39085,
        35.41465
    ],
    "Qadsīyā": [
        36.21564,
        33.54832
    ],
    "Nubl": [
        36.99294,
        36.37867
    ],
    "Nawá": [
        36.0399,
        32.89044
    ],
    "Al Muzayrīb": [
        36.02743,
        32.71099
    ],
    "Al Muzayri‘ah": [
        36.07003,
        35.5318
    ],
    "Al Jalā’": [
        40.83284,
        34.63705
    ],
    "Mukharram al Fawqānī": [
        37.08677,
        34.81521
    ],
    "Muḩradah": [
        36.5725,
        35.2479
    ],
    "Muḩambal": [
        36.4726,
        35.78668
    ],
    "Mazra‘at Bayt Jinn": [
        35.92144,
        33.32836
    ],
    "Maşyāf": [
        36.3406,
        35.0653
    ],
    "Maskanah": [
        38.04016,
        35.96046
    ],
    "Mashtá al Ḩulw": [
        36.25311,
        34.87517
    ],
    "Mas‘adah": [
        35.75572,
        33.23203
    ],
    "Markadah": [
        40.76087,
        35.74559
    ],
    "Māri‘": [
        37.19656,
        36.48291
    ],
    "Manbij": [
        37.95495,
        36.52815
    ],
    "Ma‘lūlā": [
        36.54689,
        33.8442
    ],
    "Malaḩ": [
        36.85719,
        32.50795
    ],
    "Mahīn": [
        37.05843,
        34.24168
    ],
    "Ma‘dān": [
        39.59835,
        35.7552
    ],
    "Medaya": [
        36.10354,
        33.69032
    ],
    "Al Ma‘baţlī": [
        36.73828,
        36.56253
    ],
    "Ma‘arratmişrīn": [
        36.67183,
        36.01152
    ],
    "Ma‘arrat an Nu‘mān": [
        36.67693,
        35.6483
    ],
    "Kuwayris Sharqī": [
        37.53815,
        36.16685
    ],
    "Kurnāz": [
        36.48773,
        35.38972
    ],
    "Kinnsibbā": [
        36.164,
        35.7441
    ],
    "Rabī‘ah": [
        36.03825,
        35.78656
    ],
    "Khushām": [
        40.28164,
        35.29124
    ],
    "Khirbat Tīn Nūr": [
        36.55641,
        34.70044
    ],
    "Al Qabw": [
        36.45493,
        34.84324
    ],
    "Khirbat al Ma‘azzah": [
        36.00077,
        34.80454
    ],
    "Khirbat Ghazālah": [
        36.20467,
        32.73641
    ],
    "Khān Shaykhūn": [
        36.65095,
        35.44208
    ],
    "Khanāşir": [
        37.49919,
        35.78159
    ],
    "Khān Arnabah": [
        35.89158,
        33.18378
    ],
    "Al Khafsah": [
        38.02172,
        36.2311
    ],
    "Kassab": [
        35.99108,
        35.92684
    ],
    "Ra’s al Khashūfah": [
        36.03005,
        34.82284
    ],
    "Al Karīmah": [
        36.07546,
        34.66941
    ],
    "Kafr Zaytā": [
        36.6033,
        35.37425
    ],
    "Kafr Takhārīm": [
        36.51522,
        36.1168
    ],
    "Kafr Nubl": [
        36.56449,
        35.61376
    ],
    "Kafr Lāhā": [
        36.49582,
        34.89469
    ],
    "Kafr Baţnā": [
        36.37273,
        33.51168
    ],
    "Junaynat Raslān": [
        36.12323,
        34.92715
    ],
    "Jubb Ramlah": [
        36.43104,
        35.20922
    ],
    "Jubb al Jarrāḩ": [
        37.32396,
        34.83444
    ],
    "Al Jīzah": [
        36.31551,
        32.56909
    ],
    "Jisr ash Shughūr": [
        36.32062,
        35.81426
    ],
    "Jayrūd": [
        36.74036,
        33.8074
    ],
    "Jawbat Burghāl": [
        36.17473,
        35.48995
    ],
    "Tchoban Bey": [
        37.45,
        36.61667
    ],
    "Al Jarnīyah": [
        38.24717,
        36.17191
    ],
    "Jaramānā": [
        36.34449,
        33.48709
    ],
    "Jarābulus": [
        38.01111,
        36.8175
    ],
    "Jindayris": [
        36.6889,
        36.39535
    ],
    "Jablah": [
        35.92759,
        35.36211
    ],
    "Izra‘": [
        36.25453,
        32.8706
    ],