{
    "Iriba": [
        22.25,
        15.11667
    ],
    "Goz Béïda": [
        20.55,
        13.95
    ],
    "Goz Beïda": [
        21.41667,
        12.21667
    ],
    "Fada": [
        21.58862,
        17.1832
    ],
    "Biltine": [
        20.91667,
        14.53333
    ],
    "Am Timan": [
        20.2827,
        11.0297
    ],
    "Adré": [
        22.2,
        13.46667
    ],
    "Abéché": [
        20.8324,
        13.82916
    ],
    "Sagh": [
        18.3923,
        9.1429
    ],
    "Pala": [
        14.9046,
        9.3642
    ],
    "Oum Hadjer": [
        19.6966,
        13.2954
    ],
    "Ngama": [
        17.16667,
        11.78333
    ],
    "N'Djamena": [
        15.0444,
        12.10672
    ],
    "Moussoro": [
        16.49007,
        13.64084
    ],
    "Moundou": [
        16.08333,
        8.56667
    ],
    "Mongo": [
        18.69303,
        12.18441
    ],
    "Moïssala": [
        17.7663,
        8.3404
    ],
    "Melfi": [
        17.9355,
        11.0598
    ],
    "Mboursou Léré": [
        14.1539,
        9.7639
    ],
    "Massenya": [
        16.1705,
        11.4039
    ],
    "Massakory": [
        15.72927,
        12.996
    ],
    "Massaguet": [
        15.43647,
        12.47554
    ],
    "Mao": [
        15.3103,
        14.12116
    ],
    "Laï": [
        16.2989,
        9.3952
    ],
    "Kyabé": [
        18.94493,
        9.45149
    ],
    "Koumra": [
        17.55392,
        8.91256
    ],
    "Kelo": [
        15.80658,
        9.30859
    ],
    "Guelendeng": [
        15.5501,
        10.91762
    ],
    "Gounou Gaya": [
        15.5132,
        9.6294
    ],
    "Goundi": [
        17.36597,
        9.36267
    ],
    "Faya-Largeau": [
        19.10428,
        17.9257
    ],
    "Dourbali": [
        15.86323,
        11.80909
    ],
    "Doba": [
        16.85,
        8.65
    ],
    "Bousso": [
        16.71076,
        10.48473
    ],
    "Bongor": [
        15.37222,
        10.28056
    ],
    "Bol": [
        14.71472,
        13.45861
    ],
    "Bokoro": [
        17.0568,
        12.3807
    ],
    "Bitkine": [
        18.2138,
        11.9801
    ],
    "Béré": [
        16.1552,
        9.3202
    ],
    "Benoy": [
        16.31991,
        8.98327
    ],
    "Beïnamar": [
        15.3813,
        8.6698
    ],
    "Béboto": [
        16.93898,
        8.26682
    ],
    "Bébédja": [
        16.566,
        8.6761
    ],
    "Bardaï": [
        17.00056,
        21.35833
    ],
    "Ati": [
        18.3353,
        13.2154
    ],
    "Aozou": [
        17.4275,
        21.8375
    ]
}