{
    "Vogan": [
        1.53333,
        6.33333
    ],
    "Tsévié": [
        1.21333,
        6.42611
    ],
    "Tchamba": [
        1.41667,
        9.03333
    ],
    "Tabligbo": [
        1.5,
        6.58333
    ],
    "Sotouboua": [
        0.98399,
        8.5634
    ],
    "Sokodé": [
        1.13333,
        8.98333
    ],
    "Notsé": [
        1.16667,
        6.95
    ],
    "Niamtougou": [
        1.10528,
        9.76806
    ],
    "Sansanné-Mango": [
        0.47083,
        10.35917
    ],
    "Lomé": [
        1.21227,
        6.13748
    ],
    "Kpalimé": [
        0.63333,
        6.9
    ],
    "Pagouda": [
        1.32778,
        9.7525
    ],
    "Kara": [
        1.18611,
        9.55111
    ],
    "Kandé": [
        1.04472,
        9.95778
    ],
    "Dapaong": [
        0.20762,
        10.86225
    ],
    "Bassar": [
        0.78106,
        9.26021
    ],
    "Bafilo": [
        1.26667,
        9.35
    ],
    "Badou": [
        0.6,
        7.58333
    ],
    "Atakpamé": [
        1.13333,
        7.53333
    ],
    "Aného": [
        1.6,
        6.23333
    ],
    "Amlamé": [
        0.9,
        7.46667
    ]
}