{
    "Yovon": [
        69.03784,
        38.31408
    ],
    "Vose’": [
        69.64416,
        37.80396
    ],
    "Vorukh": [
        70.58012,
        39.85125
    ],
    "Varzob": [
        68.81776,
        38.77369
    ],
    "Vanj": [
        71.45474,
        38.37078
    ],
    "Vakhsh": [
        68.83456,
        37.71485
    ],
    "Istaravshan": [
        69.00328,
        39.9142
    ],
    "Tursunzoda": [
        68.23327,
        38.51437
    ],
    "Tartiki": [
        68.13347,
        37.58221
    ],
    "Tagob": [
        68.89847,
        38.83827
    ],
    "Sovet": [
        69.58822,
        38.0467
    ],
    "Shŭrobod": [
        70.04865,
        37.84137
    ],
    "Shahrinav": [
        68.33498,
        38.57085
    ],
    "Shahriston": [
        68.80929,
        39.77447
    ],
    "Shahritus": [
        68.13849,
        37.26206
    ],
    "Rŭshon": [
        71.55744,
        37.94487
    ],
    "Roshtqal’a": [
        71.82591,
        37.25827
    ],
    "Roghun": [
        69.87081,
        38.78257
    ],
    "Qŭrghonteppa": [
        68.78186,
        37.83399
    ],
    "Panj": [
        69.09911,
        37.23634
    ],
    "Panjakent": [
        67.60931,
        39.49524
    ],
    "Farkhor": [
        69.40356,
        37.49219
    ],
    "Orzu": [
        68.81952,
        37.5582
    ],
    "Vahdat": [
        69.01354,
        38.55632
    ],
    "Ismoili Somoní": [
        68.80126,
        37.76627
    ],
    "Obikiik": [
        68.66605,
        38.16033
    ],
    "Obigarm": [
        69.70885,
        38.71731
    ],
    "Norak": [
        69.32272,
        38.38917
    ],
    "Novobod": [
        70.15082,
        39.01084
    ],
    "Murghob": [
        73.96674,
        38.17023
    ],
    "Moskva": [
        69.62849,
        37.66101
    ],
    "Mŭ’minobod": [
        70.03213,
        38.10714
    ],
    "Abdurahmoni Jomí": [
        68.80878,
        37.94636
    ],
    "Kŭlob": [
        69.78454,
        37.91458
    ],
    "Darband": [
        69.96642,
        38.86776
    ],
    "Kolkhozobod": [
        68.65886,
        37.58823
    ],
    "Kirov": [
        68.85905,
        37.81908
    ],
    "Khovaling": [
        69.97531,
        38.34194
    ],
    "Khorugh": [
        71.55304,
        37.48974
    ],
    "Khodzha-Maston": [
        68.62702,
        38.74457
    ],
    "Karakenja": [
        71.52412,
        39.23585
    ],
    "Sarband": [
        68.92233,
        37.87136
    ],
    "Qalaikhumb": [
        70.78902,
        38.45373
    ],
    "Qubodiyon": [
        68.18644,
        37.40973
    ],
    "Ishqoshim": [
        71.61331,
        36.72484
    ],
    "Hisor": [
        68.55124,
        38.52504
    ],
    "Rasht": [
        70.37446,
        39.02872
    ],
    "Gharavŭtí": [
        68.44668,
        37.56702
    ],
    "Ghonchí": [
        69.12966,
        39.96238
    ],
    "Jilikŭl": [
        68.53106,
        37.49167
    ],
    "Dŭstí": [
        68.66398,
        37.34812
    ],
    "Dushanbe": [
        68.77905,
        38.53575
    ],
    "Danghara": [
        69.33998,
        38.09578
    ],
    "Chubek": [
        69.70525,
        37.61453
    ],
    "Boshchorbogh": [
        68.12824,
        37.52027
    ],
    "Bŭstonqal’a": [
        68.83125,
        37.84783
    ],
    "Boshkengash": [
        68.80533,
        38.46613
    ],
    "Baljuvon": [
        69.67672,
        38.30838
    ],
    "Ayní": [
        68.53766,
        39.39406
    ],
    "Bahorí": [
        67.99426,
        37.39479
    ],
    "Zafarobod": [
        68.84679,
        40.17603
    ],
    "Taboshar": [
        69.64175,
        40.57018
    ],
    "Shŭrob": [
        70.54117,
        40.04605
    ],
    "Proletar": [
        69.50163,
        40.16713
    ],
    "Palos": [
        69.73743,
        40.31628
    ],
    "Pakhtakoron": [
        68.74659,
        40.15709
    ],
    "Neftobod": [
        70.57193,
        40.21524
    ],
    "Nov": [
        69.37076,
        40.1522
    ],
    "Quruqsoy": [
        69.37962,
        40.57648
    ],
    "Kim": [
        70.46882,
        40.20798
    ],
    "Khŭjand": [
        69.62216,
        40.28256
    ],
    "Konsoy": [
        69.70245,
        40.49155
    ],
    "Konibodom": [
        70.43122,
        40.29414
    ],
    "Isfara": [
        70.62526,
        40.12648
    ],
    "Ghafurov": [
        69.72867,
        40.21571
    ],
    "Bŭston": [
        69.33308,
        40.52286
    ],
    "Shaydon": [
        70.3502,
        40.66992
    ],
    "Oltintopkan": [
        69.59811,
        40.65425
    ],
    "Adrasmon": [
        69.98472,
        40.64928
    ],
    "Chkalov": [
        69.69481,
        40.23417
    ],
    "Mehron": [
        69.28677,
        39.41691
    ]
}