{
    "Fale old settlement": [
        -171.24675,
        -9.38516
    ],
    "Nukunonu": [
        -171.84804,
        -9.20045
    ],
    "Atafu Village": [
        -172.51591,
        -8.54212
    ]
}