{
    "Viqueque": [
        126.36472,
        -8.8575
    ],
    "Suai": [
        125.25648,
        -9.31286
    ],
    "Pante Makasar": [
        124.38333,
        -9.2
    ],
    "Maubara": [
        125.20611,
        -8.61194
    ],
    "Manatuto": [
        126.01306,
        -8.51139
    ],
    "Maliana": [
        125.21972,
        -8.99167
    ],
    "Liquica": [
        125.34194,
        -8.5875
    ],
    "Dili": [
        125.57361,
        -8.55861
    ],
    "Baucau": [
        126.45833,
        -8.47111
    ],
    "Ainaro": [
        125.50816,
        -8.99241
    ],
    "Aileu": [
        125.56639,
        -8.72806
    ],
    "Same": [
        125.64617,
        -9.00581
    ],
    "Lospalos": [
        127.0025,
        -8.51861
    ],
    "Gleno": [
        125.43611,
        -8.72389
    ],
    "Venilale": [
        126.37833,
        -8.64306
    ]
}