{
    "Balkanabat": [
        54.36713,
        39.51075
    ],
    "Kaka": [
        59.61431,
        37.34821
    ],
    "Gyzylarbat": [
        56.27575,
        38.97644
    ],
    "Gumdag": [
        54.59056,
        39.20611
    ],
    "Gazanjyk": [
        55.51536,
        39.24463
    ],
    "Pewrize": [
        58.09237,
        37.91677
    ],
    "Büzmeýin": [
        58.20559,
        38.05067
    ],
    "Bäherden": [
        57.43158,
        38.43624
    ],
    "Ashgabat": [
        58.38333,
        37.95
    ],
    "Annau": [
        58.516,
        37.88757
    ],
    "Yylanly": [
        59.65,
        41.83333
    ],
    "Tagta": [
        59.9164,
        41.65041
    ],
    "Akdepe": [
        59.37877,
        42.05513
    ],
    "Türkmenbaşy": [
        52.95518,
        40.02216
    ],
    "Köneürgench": [
        59.15442,
        42.32773
    ],
    "Boldumsaz": [
        59.67101,
        42.12824
    ],
    "Daşoguz": [
        59.96662,
        41.83625
    ],
    "Yolöten": [
        62.35975,
        37.29886
    ],
    "Tejen": [
        60.50544,
        37.38338
    ],
    "Seydi": [
        62.91374,
        39.4816
    ],
    "Saýat": [
        63.88035,
        38.78392
    ],
    "Murgab": [
        61.97142,
        37.49656
    ],
    "Mary": [
        61.83031,
        37.59378
    ],
    "Atamyrat": [
        65.21058,
        37.83574
    ],
    "Serhetabat": [
        62.34382,
        35.27992
    ],
    "Gowurdak": [
        66.04656,
        37.81244
    ],
    "Farap": [
        63.61164,
        39.17037
    ],
    "Türkmenabat": [
        63.57862,
        39.07328
    ],
    "Bayramaly": [
        62.16715,
        37.61852
    ],
    "Gazojak": [
        61.4036,
        41.18746
    ]
}