{
    "Matmata": [
        9.97157,
        33.54445
    ],
    "Zāwiyat al Jadīdī": [
        10.57428,
        36.64375
    ],
    "Zahānah": [
        10.03876,
        37.03959
    ],
    "Zaghouan": [
        10.14292,
        36.40291
    ],
    "Wādī Malīz": [
        8.54951,
        36.46813
    ],
    "Oued Lill": [
        10.04057,
        36.83408
    ],
    "Ţūzah": [
        10.82732,
        35.63544
    ],
    "Tunis": [
        10.16579,
        36.81897
    ],
    "Tozeur": [
        8.13352,
        33.91968
    ],
    "Tataouine": [
        10.45177,
        32.92967
    ],
    "Tastūr": [
        9.44307,
        36.5513
    ],
    "Tamaghzah": [
        7.94313,
        34.38849
    ],
    "Thala": [
        8.67031,
        35.57244
    ],
    "Tāklisah": [
        10.63333,
        36.78333
    ],
    "Tajerouine": [
        8.55276,
        35.89174
    ],
    "Tabursuq": [
        9.24751,
        36.45692
    ],
    "Tabarka": [
        8.75801,
        36.95442
    ],
    "Sousse": [
        10.63699,
        35.82539
    ],
    "Siliana": [
        9.37082,
        36.08497
    ],
    "Sīdī ‘Ulwān": [
        10.93899,
        35.37505
    ],
    "Sidi Bouzid": [
        9.48494,
        35.03823
    ],
    "Sidi Bou Ali": [
        10.47306,
        35.95667
    ],
    "Sīdī Bin Nūr": [
        10.91667,
        35.53333
    ],
    "Sidi el Hani": [
        10.31583,
        35.67139
    ],
    "Sidi Bou Saïd": [
        10.34174,
        36.8687
    ],
    "Shurbān": [
        10.3858,
        35.28581
    ],
    "Shabīkah": [
        7.93519,
        34.31909
    ],
    "Sakiet Sidi Youssef": [
        8.35547,
        36.22292
    ],
    "Şaqānis": [
        10.8,
        35.78333
    ],
    "Salakta": [
        11.04361,
        35.39444
    ],
    "Sejenane": [
        9.23806,
        37.05722
    ],
    "Sfax": [
        10.76028,
        34.74056
    ],
    "Sbiba": [
        9.0737,
        35.54332
    ],
    "La Sebala du Mornag": [
        10.29195,
        36.67931
    ],
    "Remada": [
        10.39551,
        32.31662
    ],
    "Rafrāf": [
        10.18365,
        37.19043
    ],
    "Radès": [
        10.27528,
        36.76806
    ],
    "Ksour Essaf": [
        10.99475,
        35.41808
    ],
    "Quşaybat al Madyūnī": [
        10.84256,
        35.68562
    ],
    "Qurbuş": [
        10.56865,
        36.81668
    ],
    "Korba": [
        10.85861,
        36.57861
    ],
    "Qulaybīyah": [
        11.09386,
        36.84757
    ],
    "Quballāţ": [
        9.66334,
        36.54178
    ],
    "Kebili": [
        8.96903,
        33.70439
    ],
    "Qaşr Hallāl": [
        10.89046,
        35.64773
    ],
    "Carthage": [
        10.33161,
        36.86108
    ],
    "El Fahs": [
        9.90651,
        36.37419
    ],
    "Qal‘at al Andalus": [
        10.11829,
        37.0629
    ],
    "Qa‘fūr": [
        9.32424,
        36.32045
    ],
    "Gafsa": [
        8.78417,
        34.425
    ],
    "Gabès": [
        10.0982,
        33.88146
    ],
    "Nibbar": [
        8.76657,
        36.29411
    ],
    "Nefta": [
        7.87765,
        33.87309
    ],
    "Nabeul": [
        10.73763,
        36.45606
    ],
    "Midoun": [
        10.99228,
        33.80813
    ],
    "Mateur": [
        9.66557,
        37.04045
    ],
    "Masākin": [
        10.58082,
        35.72917
    ],
    "Manzil Sālim": [
        8.47654,
        35.85673
    ],
    "Manzil Kāmil": [
        10.66727,
        35.62477
    ],
    "Menzel Jemil": [
        9.91448,
        37.23618
    ],
    "Menzel Heurr": [
        10.95756,
        36.72818
    ],
    "Manzil Bū Zalafah": [
        10.58431,
        36.68312
    ],
    "Menzel Bourguiba": [
        9.78594,
        37.15368
    ],
    "Menzel Abderhaman": [
        9.86313,
        37.23737
    ],
    "Manouba": [
        10.0972,
        36.80803
    ],
    "Melloulèche": [
        11.03504,
        35.16617
    ],
    "Maktar": [
        9.20072,
        35.85798
    ],
    "Majāz al Bāb": [
        9.61231,
        36.64964
    ],
    "Medenine": [
        10.50548,
        33.35495
    ],
    "Lamţah": [
        10.88333,
        35.66667
    ],
    "Kesra": [
        9.36434,
        35.81364
    ],
    "Jendouba": [
        8.78024,
        36.50114
    ],
    "Jilma": [
        9.42385,
        35.27311
    ],
    "Zarzis": [
        11.11216,
        33.50398
    ],
    "Jemna": [
        9.01472,
        33.57778
    ],
    "Jammāl": [
        10.75696,
        35.62231
    ],
    "Jabinyānah": [
        10.90809,
        35.035
    ],
    "Houmt Souk": [
        10.85745,
        33.87576
    ],
    "Harqalah": [
        10.50904,
        36.03027
    ],
    "Hammam Sousse": [
        10.60313,
        35.8609
    ],
    "Hammam-Lif": [
        10.34163,
        36.72866
    ],
    "La Goulette": [
        10.305,
        36.81806
    ],
    "Haffouz": [
        9.67624,
        35.63235
    ],
    "Ghār al Milḩ": [
        10.19064,
        37.16939
    ],
    "Douz": [
        9.0203,
        33.46632
    ],
    "Degache": [
        8.2081,
        33.97606
    ],
    "Dawwār Tīnjah": [
        9.75,
        37.16667
    ],
    "Dar Chabanne": [
        10.75167,
        36.46798
    ],
    "Bū ‘Urqūb": [
        10.55093,
        36.53853
    ],
    "Bū ‘Arādah": [
        9.62175,
        36.35251
    ],
    "Bi’r ‘Alī Bin Khalīfah": [
        10.0924,
        34.73592
    ],
    "Bi’r al Ḩufayy": [
        9.19321,
        34.93212
    ],
    "Bin Qirdān": [
        11.21965,
        33.13783
    ],
    "Ben Arous": [
        10.21889,
        36.75306
    ],
    "Bizerte": [
        9.87391,
        37.27442
    ],
    "Beni Khiar": [
        10.78222,
        36.46917
    ],
    "Banī Khallād": [
        10.59004,
        36.65038
    ],
    "Banī Khaddāsh": [
        10.19883,
        33.2528
    ],
    "Banī Ḩassān": [
        10.80869,
        35.5672
    ],
    "Banbalah": [
        10.8,
        35.7
    ],
    "Béja": [
        9.18169,
        36.72564
    ],
    "Zouila": [
        11.06056,
        35.50056
    ],
    "Skhira": [
        10.06999,
        34.2992
    ],
    "Sbikha": [
        10.02081,
        35.93325
    ],
    "Aş Şayyādah": [
        10.89246,
        35.66887
    ],
    "As Sars": [
        9.02118,
        36.0764
    ],
    "As Sanad": [
        9.26404,
        34.4628
    ],
    "Sahline": [
        10.71109,
        35.75166
    ],
    "Chebba": [
        11.115,
        35.23722
    ],
    "Ariana": [
        10.19337,
        36.86012
    ],
    "Ar Rudayyif": [
        8.15549,
        34.3827
    ],
    "Ar Riqāb": [
        9.78654,
        34.85932
    ],
    "Rohia": [
        9.05306,
        35.65129
    ],
    "Al Wardānīn": [
        10.67397,
        35.70915
    ],
    "El Ksour": [
        8.88493,
        35.89607
    ],
    "Kairouan": [
        10.09633,
        35.6781
    ],
    "Kasserine": [
        8.83651,
        35.16758
    ],
    "Al Qarmadah": [
        10.78333,
        34.75
    ],
    "El Golaa": [
        9.00678,
        33.48485
    ],
    "Monastir": [
        10.82617,
        35.77799
    ],
    "La Mohammedia": [
        10.15633,
        36.67446
    ],
    "El Mida": [
        10.85528,
        36.72556
    ],
    "Al Metlaoui": [
        8.40158,
        34.32081
    ],
    "Al Mazzūnah": [
        9.84193,
        34.57758
    ],
    "Al Matlīn": [
        10.05,
        37.24516
    ],
    "Al Maşdūr": [
        10.72746,
        35.68206
    ],
    "Al Marsá": [
        10.32466,
        36.87818
    ],
    "El Maamoura": [
        10.80612,
        36.46499
    ],
    "Mahdia": [
        11.06222,
        35.50472
    ],
    "Al Karīb": [
        9.13613,
        36.32802
    ],
    "El Kef": [
        8.70486,
        36.17424
    ],
    "El Jem": [
        10.71667,
        35.3
    ],
    "El Haouaria": [
        11.01442,
        37.05002
    ],