{
    "Vaini": [
        -175.17678,
        -21.19292
    ],
    "Pangai": [
        -174.35423,
        -19.81468
    ],
    "‘Ohonua": [
        -174.95,
        -21.33333
    ],
    "Nuku‘alofa": [
        -175.2018,
        -21.13938
    ],
    "Neiafu": [
        -173.98333,
        -18.65
    ],
    "Hihifo": [
        -173.79616,
        -15.9544
    ],
    "Haveluloto": [
        -175.21333,
        -21.15216
    ]
}