{
    "Tunapuna": [
        -61.38333,
        10.63333
    ],
    "Tabaquite": [
        -61.30187,
        10.3939
    ],
    "Siparia": [
        -61.5,
        10.13333
    ],
    "Scarborough": [
        -60.73333,
        11.18333
    ],
    "Sangre Grande": [
        -61.11667,
        10.58333
    ],
    "San Fernando": [
        -61.46667,
        10.28333
    ],
    "Roxborough": [
        -60.58333,
        11.25
    ],
    "Rio Claro": [
        -61.18333,
        10.3
    ],
    "Princes Town": [
        -61.38333,
        10.26667
    ],
    "Port-of-Spain": [
        -61.51657,
        10.66617
    ],
    "Point Fortin": [
        -61.68333,
        10.18333
    ],
    "Petit Valley": [
        -61.53333,
        10.7
    ],
    "Peñal": [
        -61.46667,
        10.16667
    ],
    "Paradise": [
        -61.36298,
        10.65298
    ],
    "Mucurapo": [
        -61.53333,
        10.66667
    ],
    "Mon Repos": [
        -61.44605,
        10.283
    ],
    "Marabella": [
        -61.44671,
        10.30618
    ],
    "Laventille": [
        -61.49889,
        10.64917
    ],
    "Debe": [
        -61.44677,
        10.21412
    ],
    "Couva": [
        -61.46748,
        10.42248
    ],
    "Chaguanas": [
        -61.41667,
        10.51667
    ],
    "Arouca": [
        -61.33487,
        10.62877
    ],
    "Arima": [
        -61.28333,
        10.63333
    ]
}