{
    "Douliu": [
        120.54333,
        23.70944
    ],
    "Yujing": [
        120.46138,
        23.12493
    ],
    "Taoyuan": [
        121.3187,
        24.9896
    ],
    "Taitung": [
        121.14457,
        22.75991
    ],
    "Taipei": [
        121.53185,
        25.04776
    ],
    "Taibao": [
        120.33222,
        23.45944
    ],
    "Xinying": [
        120.31056,
        23.30694
    ],
    "Tainan": [
        120.21333,
        22.99083
    ],
    "Fengyuan": [
        120.71694,
        24.25
    ],
    "Taichung": [
        120.6839,
        24.1469
    ],
    "Daxi": [
        121.29043,
        24.88373
    ],
    "Banqiao": [
        121.46719,
        25.01427
    ],
    "Buli": [
        120.96952,
        23.96639
    ],
    "Pingtung": [
        120.48814,
        22.67135
    ],
    "Nantou": [
        120.66387,
        23.91566
    ],
    "Miaoli": [
        120.82367,
        24.56427
    ],
    "Ma-kung": [
        119.58627,
        23.5654
    ],
    "Lugu": [
        120.7525,
        23.74639
    ],
    "Fengshan": [
        120.36126,
        22.62659
    ],
    "Kaohsiung": [
        120.31333,
        22.61626
    ],
    "Yilan": [
        121.753,
        24.757
    ],
    "Hualian": [
        121.60444,
        23.97694
    ],
    "Hsinchu": [
        120.96861,
        24.80361
    ],
    "Hengchun": [
        120.74389,
        22.00417
    ],
    "Zhubei": [
        121.00778,
        24.83833
    ],
    "Jincheng": [
        118.31833,
        24.43667
    ],
    "Keelung": [
        121.7419,
        25.12825
    ],
    "Jiayi Shi": [
        120.44889,
        23.47917
    ],
    "Chang-hua": [
        120.56276,
        24.07327
    ],
    "Taoyuan City": [
        121.29696,
        24.99368
    ],
    "Taitung City": [
        121.1444,
        22.7583
    ],
    "Nangan": [
        119.93284,
        26.15039
    ],
    "Zhongxing New Village": [
        120.68516,
        23.95908
    ]
}