{
    "Zanzibar": [
        39.19793,
        -6.16394
    ],
    "Wete": [
        39.72938,
        -5.05589
    ],
    "Vwawa": [
        32.93333,
        -9.11667
    ],
    "Vikindu": [
        39.29849,
        -7.00667
    ],
    "Uyovu": [
        31.52583,
        -3.28333
    ],
    "Uwelini": [
        39.68333,
        -5.4
    ],
    "Uvinza": [
        30.39111,
        -5.10361
    ],
    "Utete": [
        38.75795,
        -7.98598
    ],
    "Usoke": [
        32.35,
        -5.16667
    ],
    "Ushirombo": [
        31.96389,
        -3.49194
    ],
    "Usevia": [
        31.23333,
        -7.1
    ],
    "Usagara": [
        33,
        -2.68333
    ],
    "Usa River": [
        36.85,
        -3.36667
    ],
    "Urambo": [
        32.05,
        -5.06667
    ],
    "Ulenje": [
        33.68333,
        -8.93333
    ],
    "Tunduma": [
        32.76667,
        -9.3
    ],
    "Tumbi": [
        32.73333,
        -5.06667
    ],
    "Tukuyu": [
        33.65,
        -9.25
    ],
    "Tinde": [
        33.2,
        -3.88333
    ],
    "Tarime": [
        34.36667,
        -1.35
    ],
    "Tanga": [
        39.09875,
        -5.06893
    ],
    "Tabora": [
        32.82663,
        -5.01622
    ],
    "Sumbawanga": [
        31.61667,
        -7.96667
    ],
    "Soni": [
        38.36667,
        -4.85
    ],
    "Songwa": [
        33.51667,
        -3.51667
    ],
    "Somanda": [
        33.95,
        -3.36667
    ],
    "Sokoni": [
        39.55,
        -6.43333
    ],
    "Sirari": [
        34.43333,
        -1.23333
    ],
    "Singida": [
        34.74358,
        -4.81629
    ],
    "Sikonge": [
        32.76667,
        -5.63333
    ],
    "Shinyanga": [
        33.42118,
        -3.66393
    ],
    "Shelui": [
        34.2,
        -4.36667
    ],
    "Sepuka": [
        34.53333,
        -4.75
    ],
    "Same": [
        37.73333,
        -4.06667
    ],
    "Rulenge": [
        30.6325,
        -2.7175
    ],
    "Rujewa": [
        34.38333,
        -8.7
    ],
    "Puma": [
        34.73333,
        -5
    ],
    "Poli": [
        36.8,
        -3.33333
    ],
    "Pangani": [
        38.96667,
        -5.43333
    ],
    "Old Shinyanga": [
        33.4,
        -3.55
    ],
    "Nzega": [
        33.18333,
        -4.21667
    ],
    "Nyanguge": [
        33.2,
        -2.55
    ],
    "Nyamuswa": [
        34.01667,
        -1.9
    ],
    "Nyalikungu": [
        33.78333,
        -3.18333
    ],
    "Nyakahanga": [
        31.14139,
        -1.60333
    ],
    "Nyakabindi": [
        33.98333,
        -2.63333
    ],
    "Nsunga": [
        31.39472,
        -1.14389
    ],
    "Nshamba": [
        31.55111,
        -1.79833
    ],
    "Nkove": [
        30.85,
        -7.95
    ],
    "Nkoaranga": [
        36.8,
        -3.33333
    ],
    "Njombe": [
        34.76667,
        -9.33333
    ],
    "Nguruka": [
        31.04194,
        -5.10917
    ],
    "Ngudu": [
        33.33333,
        -2.96667
    ],
    "Ngorongoro": [
        35.48747,
        -3.23973
    ],
    "Ngerengere": [
        38.11667,
        -6.75
    ],
    "Ngara": [
        30.65583,
        -2.51222
    ],
    "Nganane": [
        39.55,
        -6.4
    ],
    "Ndungu": [
        38.05,
        -4.36667
    ],
    "Ndago": [
        34.35,
        -4.6
    ],
    "Nansio": [
        33.05,
        -2.13333
    ],
    "Nangwa": [
        35.45,
        -4.46667
    ],
    "Namanyere": [
        31.05,
        -7.51667
    ],
    "Namanga": [
        36.78377,
        -2.55116
    ],
    "Nakatunguru": [
        33.06667,
        -2.11667
    ],
    "Naberera": [
        36.93333,
        -4.2
    ],
    "Mwembe": [
        37.85,
        -4.15
    ],
    "Mwaya": [
        33.95,
        -9.55
    ],
    "Mwanza": [
        32.9,
        -2.51667
    ],
    "Mwanga": [
        38.2,
        -4.8
    ],
    "Mwadui": [
        33.6,
        -3.55
    ],
    "Mvomero": [
        38.66667,
        -6.25
    ],
    "Musoma": [
        33.8,
        -1.5
    ],
    "Muriti": [
        32.91667,
        -1.98333
    ],
    "Mungaa": [
        34.88333,
        -4.96667
    ],
    "Muleba": [
        31.65444,
        -1.83972
    ],
    "Muheza": [
        38.78333,
        -5.16667
    ],
    "Mugumu": [
        34.7,
        -1.85
    ],
    "Mugango": [
        33.7,
        -1.68333
    ],
    "Mtwango": [
        34.8,
        -9.01667
    ],
    "Mto wa Mbu": [
        35.85,
        -3.35
    ],
    "Mtinko": [
        34.85,
        -4.55
    ],
    "Mtimbira": [
        36.35,
        -8.78333
    ],
    "Mtambile": [
        39.7,
        -5.38333
    ],
    "Msowero": [
        37.2,
        -6.53333
    ],
    "Msanga": [
        36.03333,
        -6.05
    ],
    "Mpwapwa": [
        36.48333,
        -6.35
    ],
    "Mpanda": [
        31.06951,
        -6.34379
    ],
    "Moshi": [
        37.33333,
        -3.35
    ],
    "Morogoro": [
        37.66122,
        -6.82102
    ],
    "Monduli": [
        36.45,
        -3.3
    ],
    "Mlowo": [
        32.98333,
        -9
    ],
    "Mlimba": [
        35.81667,
        -8.8
    ],
    "Mlangali": [
        34.51667,
        -9.78333
    ],
    "Mlandizi": [
        38.73333,
        -6.7
    ],
    "Mlalo": [
        38.93333,
        -4.93333
    ],
    "Mkuranga": [
        39.20782,
        -7.11799
    ],
    "Mkokotoni": [
        39.25467,
        -5.87671
    ],
    "Mwandiga": [
        29.65806,
        -4.83
    ],
    "Misungwi": [
        33.08333,
        -2.85
    ],
    "Misasi": [
        33.08333,
        -3
    ],
    "Mikumi": [
        36.98309,
        -7.40409
    ],
    "Micheweni": [
        39.83333,
        -4.96667
    ],
    "Mhango": [
        32.85,
        -3.28333
    ],
    "Mgandu": [
        34.13333,
        -5.95
    ],
    "Mbumi": [
        39.21047,
        -7.90577
    ],
    "Mbulu": [
        35.53333,
        -3.85
    ],
    "Mbuguni": [
        36.95,
        -3.56667
    ],
    "Mbeya": [
        33.45,
        -8.9
    ],
    "Mazinde": [
        38.21667,
        -4.8
    ],
    "Matui": [
        38.25,
        -4.8
    ],
    "Matonga": [
        34.08333,
        -2.38333
    ],
    "Matamba": [
        33.96667,
        -8.98333
    ],
    "Matai": [
        31.51667,
        -8.3
    ],
    "Maswa": [
        33.98333,
        -2.68333
    ],
    "Masumbwe": [
        32.18333,
        -3.63333
    ],
    "Masoko": [
        33.75,
        -9.33333
    ],
    "Maramba": [
        38.61667,
        -5.05
    ],
    "Maneromango": [
        38.78478,
        -7.1988
    ],
    "Malya": [
        33.51667,
        -2.98333
    ],
    "Malinyi": [
        36.13333,
        -8.93333
    ],
    "Malangali": [
        34.85,
        -8.56667
    ],
    "Malampaka": [
        33.53333,
        -3.13333
    ],
    "Makuyuni": [
        38.1,
        -4.73333
    ],
    "Makungu": [
        35.28333,
        -8.73333
    ],
    "Makumbako": [
        34.83333,
        -8.85
    ],
    "Makanya": [
        37.83333,
        -4.36667
    ],
    "Majengo": [
        38.98333,
        -5.15
    ],
    "Mahonda": [
        39.46667,
        -6.45
    ],
    "Mahenge": [
        36.71667,
        -8.68333
    ],
    "Mahanje": [
        35.33333,
        -9.93333
    ],
    "Kihangara": [
        33.35,
        -2.58333
    ],
    "Magugu": [
        35.76667,
        -4.01667
    ],
    "Magomeni": [
        38.11667,
        -5.23333
    ],
    "Magole": [
        37.36667,
        -6.36667
    ],
    "Mafinga": [
        35.06667,
        -7.25
    ],
    "Mabamba": [
        30.50194,
        -3.59833
    ],
    "Mabama": [
        32.53333,
        -5.13333
    ],
    "Lushoto": [
        38.28333,
        -4.78333
    ],
    "Lupiro": [
        36.66667,
        -8.38333
    ],
    "Lugoba": [
        38.33333,
        -6.45
    ],
    "Longido": [
        36.68333,
        -2.73333
    ],