{
    "Zombo": [
        30.90909,
        2.51355
    ],
    "Yumbe": [
        31.24689,
        3.46506
    ],
    "Wobulenzi": [
        32.51222,
        0.72833
    ],
    "Wakiso": [
        32.45944,
        0.40444
    ],
    "Tororo": [
        34.18085,
        0.69299
    ],
    "Soroti": [
        33.61113,
        1.71464
    ],
    "Sironko": [
        34.24773,
        1.23132
    ],
    "Serere": [
        33.45528,
        1.49417
    ],
    "Sembabule": [
        31.45667,
        -0.07722
    ],
    "Rukungiri": [
        29.94194,
        -0.84111
    ],
    "Rubirizi": [
        30.13361,
        -0.29889
    ],
    "Rakai": [
        31.48389,
        -0.72
    ],
    "Pallisa": [
        33.70944,
        1.145
    ],
    "Paidha": [
        30.98551,
        2.41669
    ],
    "Pader Palwo": [
        33.135,
        2.80056
    ],
    "Nyachera": [
        30.41667,
        -0.9
    ],
    "Ntungamo": [
        30.26417,
        -0.87944
    ],
    "Ntoroko": [
        30.48111,
        1.04111
    ],
    "Njeru": [
        33.17306,
        0.41861
    ],
    "Ngora": [
        33.77722,
        1.43139
    ],
    "Nebbi": [
        31.08894,
        2.47826
    ],
    "Namutumba": [
        33.68611,
        0.83611
    ],
    "Namasuba": [
        32.42139,
        0.68944
    ],
    "Nakasongola": [
        32.45639,
        1.30889
    ],
    "Nakaseke": [
        32.385,
        0.75167
    ],
    "Mukono": [
        32.75528,
        0.35333
    ],
    "Muhororo": [
        30.75944,
        0.93806
    ],
    "Mubende": [
        31.39489,
        0.55849
    ],
    "Mpigi": [
        32.31361,
        0.225
    ],
    "Moyo": [
        31.72474,
        3.66088
    ],
    "Moroto": [
        34.66659,
        2.53453
    ],
    "Mityana": [
        32.02278,
        0.4175
    ],
    "Mitoma": [
        30.07,
        -0.68417
    ],
    "Mbarara": [
        30.64851,
        -0.60467
    ],
    "Mbale": [
        34.17503,
        1.08209
    ],
    "Mayuge": [
        33.48028,
        0.45972
    ],
    "Masindi Port": [
        32.08608,
        1.69606
    ],
    "Masindi": [
        31.715,
        1.67444
    ],
    "Masaka": [
        31.73409,
        -0.33379
    ],
    "Maracha": [
        30.95532,
        3.27042
    ],
    "Lyantonde": [
        31.15722,
        -0.40306
    ],
    "Lwengo": [
        31.40806,
        -0.41611
    ],
    "Luwero": [
        32.47306,
        0.84917
    ],
    "Lugazi": [
        32.91972,
        0.37722
    ],
    "Lira": [
        32.89985,
        2.2499
    ],
    "Kyotera": [
        31.5175,
        -0.61556
    ],
    "Kyenjojo": [
        30.62139,
        0.63278
    ],
    "Kyegegwa": [
        31.04139,
        0.50222
    ],
    "Kumi": [
        33.93611,
        1.46083
    ],
    "Kotido": [
        34.13306,
        2.98056
    ],
    "Koboko": [
        30.95994,
        3.41364
    ],
    "Kitgum": [
        32.88667,
        3.27833
    ],
    "Kisoro": [
        29.68497,
        -1.28538
    ],
    "Kiryandongo": [
        32.06225,
        1.87633
    ],
    "Kireka": [
        32.64917,
        0.3475
    ],
    "Kilembe": [
        30.01302,
        0.19835
    ],
    "Kigorobya": [
        31.3089,
        1.6162
    ],
    "Kibuku": [
        33.7975,
        1.04333
    ],
    "Kiboga": [
        31.77417,
        0.91611
    ],
    "Kibingo": [
        30.43594,
        -0.62602
    ],
    "Kibale": [
        31.06667,
        0.8
    ],
    "Kayunga": [
        32.88861,
        0.7025
    ],
    "Katakwi": [
        33.96611,
        1.89111
    ],
    "Kasese": [
        30.08333,
        0.18333
    ],
    "Kapchorwa": [
        34.45038,
        1.40096
    ],
    "Kanungu": [
        29.78972,
        -0.9575
    ],
    "Kanoni": [
        31.88111,
        0.17722
    ],
    "Kamwenge": [
        30.45393,
        0.1866
    ],
    "Kamuli": [
        33.11972,
        0.94722
    ],
    "Kampala": [
        32.58219,
        0.31628
    ],
    "Kalungu": [
        31.75847,
        -0.16969
    ],
    "Kaliro": [
        33.49944,
        0.89444
    ],
    "Kalangala": [
        32.225,
        -0.30889
    ],
    "Kajansi": [
        32.52222,
        0.20806
    ],
    "Kagadi": [
        30.79667,
        0.96056
    ],
    "Kaberamaido": [
        33.15944,
        1.73889
    ],
    "Kabale": [
        29.98993,
        -1.24857
    ],
    "Kaabong": [
        34.14917,
        3.48361
    ],
    "Jinja": [
        33.20317,
        0.43902
    ],
    "Iganga": [
        33.46861,
        0.60917
    ],
    "Hoima": [
        31.35241,
        1.43314
    ],
    "Gulu": [
        32.29899,
        2.77457
    ],
    "Gombe": [
        32.08806,
        0.20333
    ],
    "Fort Portal": [
        30.2748,
        0.66174
    ],
    "Entebbe": [
        32.44694,
        0.06444
    ],
    "Dokolo": [
        33.1775,
        1.89833
    ],
    "Byakabanda": [
        31.40639,
        -0.7425
    ],
    "Bwizibwera": [
        30.62861,
        -0.59167
    ],
    "Bweyogerere": [
        32.66722,
        0.35583
    ],
    "Buyende": [
        33.155,
        1.15167
    ],
    "Buwenge": [
        33.17444,
        0.64222
    ],
    "Butaleja": [
        33.95111,
        0.91194
    ],
    "Busia": [
        34.09221,
        0.46588
    ],
    "Bushenyi": [
        30.18579,
        -0.53695
    ],
    "Busembatia": [
        33.61306,
        0.76972
    ],
    "Bundibugyo": [
        30.06469,
        0.71117
    ],
    "Bulisa": [
        31.41163,
        2.11781
    ],
    "Bulambuli": [
        34.38333,
        1.16667
    ],
    "Bukwa": [
        34.75389,
        1.25917
    ],
    "Bukomansimbi": [
        31.60417,
        -0.15778
    ],
    "Bukedea": [
        34.05056,
        1.31694
    ],
    "Buikwe": [
        33.01056,
        0.3375
    ],
    "Bugiri": [
        33.74167,
        0.57139
    ],
    "Bugembe": [
        33.23444,
        0.47972
    ],
    "Bududa": [
        34.33112,
        1.01118
    ],
    "Budaka": [
        33.92556,
        1.00389
    ],
    "Binyin": [
        34.53333,
        1.41667
    ],
    "Arua": [
        30.91105,
        3.02013
    ],
    "Apac": [
        32.53861,
        1.97556
    ],
    "Amuria": [
        33.65111,
        2.00361
    ],
    "Amudat": [
        34.95,
        1.95
    ],
    "Amolatar": [
        32.83972,
        1.61556
    ],
    "Alebtong": [
        33.25472,
        2.24472
    ],
    "Adjumani": [
        31.7909,
        3.37786
    ],
    "Abim": [
        33.67611,
        2.70167
    ],
    "Nakapiripirit": [
        34.78333,
        1.91667
    ],
    "Pader": [
        33.21667,
        3.05
    ],
    "Margherita": [
        29.89111,
        0.41861
    ],
    "Nwoya": [
        32.00106,
        2.63422
    ],
    "Isingiro": [
        30.83019,
        -0.86864
    ],
    "Manafwa": [
        34.3743,
        0.97842
    ],
    "Oyam": [
        32.38495,
        2.235
    ],
    "Amuru": [
        31.93868,
        2.81388
    ],
    "Namayingo": [
        33.88491,
        0.23983
    ],
    "Kitamilo": [
        33.20608,
        0.22216
    ],
    "Kyankwanzi": [
        31.80062,
        1.20062
    ],
    "Kole": [
        32.80034,
        2.40015
    ],
    "Otuke": [
        33.50065,
        2.50038
    ],
    "Napak": [
        34.25012,
        2.25139
    ],
    "Luuka Town": [
        33.3002,
        0.70076
    ],
    "Buhweju": [
        30.30029,
        -0.35027
    ],
    "Agago": [
        33.33361,
        2.83382
    ],
    "Lamwo": [
        32.8016,
        3.52972
    ],
    "Kampala Central Division": [
        32.5747,
        0.32467
    ]
}