{
    "Young": [
        -57.63333,
        -32.68333
    ],
    "Villa Sara": [
        -54.41667,
        -33.26667
    ],
    "Villa del Carmen": [
        -56.01667,
        -33.25
    ],
    "Vichadero": [
        -54.71667,
        -31.8
    ],
    "Vergara": [
        -53.95,
        -32.93333
    ],
    "Velázquez": [
        -54.28333,
        -34.03333
    ],
    "Veinticinco de Mayo": [
        -56.33944,
        -34.18917
    ],
    "Veinticinco de Agosto": [
        -56.40222,
        -34.41167
    ],
    "Tupambaé": [
        -54.76667,
        -32.83333
    ],
    "Trinidad": [
        -56.88861,
        -33.53889
    ],
    "Treinta y Tres": [
        -54.38333,
        -33.23333
    ],
    "Tranqueras": [
        -55.75,
        -31.2
    ],
    "Tomás Gomensoro": [
        -57.43612,
        -30.42737
    ],
    "Toledo": [
        -56.09833,
        -34.74222
    ],
    "Tarariras": [
        -57.61667,
        -34.28333
    ],
    "Tala": [
        -55.76667,
        -34.35
    ],
    "Tacuarembó": [
        -55.98333,
        -31.73333
    ],
    "Soriano": [
        -58.31667,
        -33.4
    ],
    "Solís de Mataojo": [
        -55.48333,
        -34.6
    ],
    "Soca": [
        -55.68333,
        -34.68333
    ],
    "Sauce": [
        -56.06278,
        -34.64694
    ],
    "Sarandí Grande": [
        -56.33333,
        -33.73333
    ],
    "Sarandí del Yi": [
        -55.63333,
        -33.35
    ],
    "Santiago Vázquez": [
        -56.35,
        -34.79028
    ],
    "Santa Rosa": [
        -56.03722,
        -34.4975
    ],
    "Santa Lucía": [
        -56.39056,
        -34.45333
    ],
    "Santa Clara de Olimar": [
        -54.96667,
        -32.91667
    ],
    "Santa Catalina": [
        -57.48333,
        -33.75
    ],
    "Santa Bernardina": [
        -56.48333,
        -33.36667
    ],
    "San Ramón": [
        -55.96667,
        -34.3
    ],
    "San José de Mayo": [
        -56.71361,
        -34.3375
    ],
    "San Javier": [
        -58.13333,
        -32.68333
    ],
    "San Jacinto": [
        -55.88333,
        -34.55
    ],
    "San Félix": [
        -58.13333,
        -32.33333
    ],
    "San Carlos": [
        -54.91667,
        -34.8
    ],
    "San Bautista": [
        -55.98333,
        -34.43333
    ],
    "San Antonio": [
        -56.07917,
        -34.44972
    ],
    "Salto": [
        -57.96667,
        -31.38333
    ],
    "Rosario": [
        -57.35,
        -34.31667
    ],
    "Rodríguez": [
        -56.54167,
        -34.38278
    ],
    "Rocha": [
        -54.33333,
        -34.48333
    ],
    "Rivera": [
        -55.55076,
        -30.90534
    ],
    "Río Branco": [
        -53.38583,
        -32.59802
    ],
    "Rafael Perazza": [
        -56.79889,
        -34.51972
    ],
    "Quebracho": [
        -57.88333,
        -31.95
    ],
    "Punta del Este": [
        -54.95,
        -34.96667
    ],
    "Progreso": [
        -56.21944,
        -34.665
    ],
    "Porvenir": [
        -57.85,
        -32.36667
    ],
    "Piriápolis": [
        -55.27436,
        -34.86819
    ],
    "Piedras Coloradas": [
        -57.6,
        -32.38333
    ],
    "Paysandú": [
        -58.07556,
        -32.32139
    ],
    "Paso de los Toros": [
        -56.51667,
        -32.81667
    ],
    "Paso de Carrasco": [
        -56.05222,
        -34.86028
    ],
    "Pando": [
        -55.95,
        -34.71667
    ],
    "Pan de Azúcar": [
        -55.23333,
        -34.8
    ],
    "Palmitas": [
        -57.80079,
        -33.50719
    ],
    "Ombúes de Lavalle": [
        -57.78333,
        -33.91667
    ],
    "Nuevo Berlín": [
        -58.05,
        -32.98333
    ],
    "Nueva Palmira": [
        -58.41667,
        -33.88333
    ],
    "Nueva Helvecia": [
        -57.23333,
        -34.3
    ],
    "Montevideo": [
        -56.18816,
        -34.90328
    ],
    "Montes": [
        -55.58333,
        -34.5
    ],
    "Minas de Corrales": [
        -55.46667,
        -31.58333
    ],
    "Minas": [
        -55.23771,
        -34.37589
    ],
    "Migues": [
        -55.65,
        -34.48333
    ],
    "Mercedes": [
        -58.03047,
        -33.2524
    ],
    "Melo": [
        -54.18333,
        -32.36667
    ],
    "Mariscala": [
        -54.77732,
        -34.04085
    ],
    "Maldonado": [
        -54.95,
        -34.9
    ],
    "Los Cerrillos": [
        -56.35639,
        -34.605
    ],
    "Libertad": [
        -56.61917,
        -34.63333
    ],
    "Las Toscas": [
        -55.71667,
        -34.73333
    ],
    "Las Piedras": [
        -57.58174,
        -30.26204
    ],
    "Lascano": [
        -54.2,
        -33.66667
    ],
    "La Paz": [
        -56.22361,
        -34.76167
    ],
    "La Paloma": [
        -55.6,
        -32.71667
    ],
    "La Floresta": [
        -55.68141,
        -34.75572
    ],
    "Juan L. Lacaze": [
        -57.41667,
        -34.43333
    ],
    "José Pedro Varela": [
        -54.53333,
        -33.45
    ],
    "José Enrique Rodó": [
        -57.56667,
        -33.68333
    ],
    "José Batlle y Ordóñez": [
        -55.11667,
        -33.46667
    ],
    "Joaquín Suárez": [
        -56.03667,
        -34.73361
    ],
    "Joanicó": [
        -56.25278,
        -34.58944
    ],
    "Isidoro Noblía": [
        -54.16667,
        -31.83333
    ],
    "Guichón": [
        -57.2,
        -32.35
    ],
    "Fray Bentos": [
        -58.29556,
        -33.1325
    ],
    "Florida": [
        -56.21417,
        -34.09556
    ],
    "Florencio Sánchez": [
        -57.4,
        -33.88333
    ],
    "Empalme Olmos": [
        -55.9,
        -34.7
    ],
    "Ecilda Paullier": [
        -57.06667,
        -34.36667
    ],
    "Durazno": [
        -56.50056,
        -33.41306
    ],
    "Dolores": [
        -58.21701,
        -33.53009
    ],
    "Dieciocho de Julio": [
        -53.55,
        -33.68333
    ],
    "Delta del Tigre": [
        -56.38528,
        -34.76333
    ],
    "Curtina": [
        -56.11667,
        -32.15
    ],
    "Constitución": [
        -57.83333,
        -31.08333
    ],
    "Colonia del Sacramento": [
        -57.83976,
        -34.46262
    ],
    "Chuy": [
        -53.46162,
        -33.69707
    ],
    "Cerro Colorado": [
        -55.55,
        -33.86667
    ],
    "Cebollatí": [
        -53.78333,
        -33.26667
    ],
    "Casupá": [
        -55.65,
        -34.03333
    ],
    "Castillos": [
        -53.83333,
        -34.16667
    ],
    "Carmelo": [
        -58.28556,
        -33.98917
    ],
    "Carlos Reyles": [
        -56.48333,
        -33.01667
    ],
    "Cardona": [
        -57.38333,
        -33.88333
    ],
    "Cardal": [
        -56.38889,
        -34.29056
    ],
    "Canelones": [
        -56.27778,
        -34.52278
    ],
    "Blanquillo": [
        -55.63333,
        -32.76667
    ],
    "Bella Unión": [
        -57.6007,
        -30.27522
    ],
    "Belén": [
        -57.78333,
        -30.78333
    ],
    "Baltasar Brum": [
        -57.32728,
        -30.71294
    ],
    "Atlántida": [
        -55.7584,
        -34.7719
    ],
    "Artigas": [
        -56.46667,
        -30.4
    ],
    "Aiguá": [
        -54.75,
        -34.2
    ],
    "Aguas Corrientes": [
        -56.39361,
        -34.52194
    ],
    "Aceguá": [
        -54.2,
        -31.86667
    ],
    "Puntas de Valdez": [
        -56.69944,
        -34.58389
    ],
    "Colonia Nicolich": [
        -56.04472,
        -34.81306
    ],
    "Barra de Carrasco": [
        -56.02972,
        -34.87722
    ],
    "Pajas Blancas": [
        -56.33417,
        -34.80167
    ]
}