{
    "Nukus": [
        59.61028,
        42.45306
    ],
    "Mŭynoq": [
        59.02139,
        43.76833
    ],
    "Qanliko’l": [
        59.00093,
        42.8395
    ],
    "Khŭjayli": [
        59.46005,
        42.40043
    ],
    "Kegeyli Shahar": [
        59.60778,
        42.77667
    ],
    "Qozonketkan": [
        59.36425,
        43.01907
    ],
    "Oltinko’l": [
        58.90372,
        43.06874
    ],
    "Oqmang’it": [
        59.53444,
        42.59889
    ],
    "Qo’ng’irot Shahri": [
        58.84596,
        43.05207
    ],
    "Xo’jayli Shahri": [
        59.44544,
        42.40881
    ],
    "Chimboy Shahri": [
        59.78199,
        42.92952
    ],
    "Mo’ynoq Shahri": [
        59.03039,
        43.77877
    ],
    "Shumanay Shahri": [
        58.9306,
        42.63433
    ],
    "Zomin": [
        68.39583,
        39.96056
    ],
    "Nishon Tumani": [
        65.67512,
        38.69395
    ],
    "Urgut": [
        67.24306,
        39.40222
    ],
    "Mug’lon Shahar": [
        65.41217,
        38.91878
    ],
    "Tirmiz": [
        67.27833,
        37.22417
    ],
    "Sho’rchi": [
        67.7875,
        37.99944
    ],
    "Shahrisabz": [
        66.83417,
        39.05778
    ],
    "Shohimardon": [
        71.80512,
        39.98322
    ],
    "Samarqand": [
        66.95972,
        39.65417
    ],
    "Romiton": [
        64.37944,
        39.92944
    ],
    "Qarshi": [
        65.78905,
        38.86056
    ],
    "Muborak": [
        65.15278,
        39.25528
    ],
    "Yangi Mirishkor": [
        65.27789,
        38.85143
    ],
    "Kitob": [
        66.83318,
        39.08425
    ],
    "Kattaqo’rg’on": [
        66.25611,
        39.89889
    ],
    "Koson": [
        65.585,
        39.0375
    ],
    "Qorovulbozor": [
        64.79361,
        39.50056
    ],
    "Karakul’": [
        63.83333,
        39.53333
    ],
    "Kogon": [
        64.55167,
        39.72278
    ],
    "Ishtixon": [
        66.48611,
        39.96639
    ],
    "G’uzor": [
        66.24806,
        38.62083
    ],
    "Galaosiyo": [
        64.44833,
        39.85778
    ],
    "Juma": [
        66.66417,
        39.71611
    ],
    "Jomboy": [
        67.09333,
        39.69889
    ],
    "Denov": [
        67.9,
        38.26667
    ],
    "Daxbet": [
        66.9125,
        39.76389
    ],
    "Chiroqchi": [
        66.57222,
        39.03361
    ],
    "Chelak": [
        66.86111,
        39.92028
    ],
    "Charxin": [
        66.76861,
        39.69667
    ],
    "Bulung’ur": [
        67.27139,
        39.76472
    ],
    "Bukhara": [
        64.42861,
        39.77472
    ],
    "Beshkent": [
        65.65306,
        38.82139
    ],
    "Boysun": [
        67.19861,
        38.20611
    ],
    "Olot": [
        63.80333,
        39.415
    ],
    "Oqtosh": [
        65.92528,
        39.92139
    ],
    "Qorovulbozor Shahri": [
        64.81142,
        39.50308
    ],
    "Qorashina": [
        66.56342,
        38.34185
    ],
    "Shahrisabz Shahri": [
        66.82083,
        39.05206
    ],
    "Koson Shahri": [
        65.59082,
        39.04472
    ],
    "Kitob Shahri": [
        66.8757,
        39.12251
    ],
    "Muborak Shahri": [
        65.15674,
        39.25778
    ],
    "Beshkent Shahri": [
        65.64246,
        38.81107
    ],
    "G‘uzor Shahri": [
        66.24515,
        38.62596
    ],
    "Qamashi Shahri": [
        66.46441,
        38.81998
    ],
    "Chiroqchi Shahri": [
        66.58084,
        39.02727
    ],
    "Yakkabog’ Shahri": [
        66.68867,
        38.97664
    ],
    "Yangi-Nishon Shahri": [
        65.68952,
        38.64501
    ],
    "Zafar": [
        68.9,
        40.98333
    ],
    "Yaypan": [
        70.81556,
        40.37583
    ],
    "Yangiyŭl": [
        69.0471,
        41.11202
    ],
    "Yangiyer": [
        68.8225,
        40.275
    ],
    "Yangirabot": [
        65.96095,
        40.02539
    ],
    "Yangiqo‘rg‘on": [
        71.73333,
        41.18722
    ],
    "Yangiobod": [
        70.09406,
        41.11919
    ],
    "Wobkent": [
        64.515,
        40.03028
    ],
    "Uychi": [
        71.92331,
        41.08073
    ],
    "Ŭrtaowul": [
        69.14528,
        41.18667
    ],
    "Urganch": [
        60.63333,
        41.55
    ],
    "Dashtobod": [
        68.49444,
        40.12694
    ],
    "Uchqŭrghon Shahri": [
        72.07915,
        41.11371
    ],
    "Tŭytepa": [
        69.36253,
        41.0321
    ],
    "Tŭragŭrghon": [
        71.51162,
        40.99984
    ],
    "Toshloq": [
        71.76778,
        40.47722
    ],
    "Tashkent": [
        69.21627,
        41.26465
    ],
    "Toshbuloq": [
        71.57214,
        40.92339
    ],
    "Tomdibuloq": [
        64.61711,
        41.7508
    ],
    "Taxtako’pir": [
        60.30111,
        43.01171
    ],
    "Sirdaryo": [
        68.66167,
        40.84361
    ],
    "Showot": [
        60.3025,
        41.65583
    ],
    "Shofirkon": [
        64.50139,
        40.12
    ],
    "Salor": [
        69.38167,
        41.37222
    ],
    "Qŭshkŭpir": [
        60.34556,
        41.535
    ],
    "Qo‘qon": [
        70.9425,
        40.52861
    ],
    "Piskent": [
        69.35056,
        40.89722
    ],
    "Payshanba": [
        66.23694,
        40.00778
    ],
    "Parkent": [
        69.67639,
        41.29444
    ],
    "Pop": [
        71.10889,
        40.87361
    ],
    "Paxtakor": [
        67.95444,
        40.31528
    ],
    "Olmaliq": [
        69.59833,
        40.84472
    ],
    "Ohangaron": [
        69.63833,
        40.90639
    ],
    "Nurota": [
        65.68861,
        40.56139
    ],
    "Novyy Turtkul’": [
        61.01667,
        41.55
    ],
    "Navoiy": [
        65.37917,
        40.08444
    ],
    "Namangan": [
        71.67257,
        40.9983
    ],
    "Marhamat": [
        72.31388,
        40.48048
    ],
    "Marg‘ilon": [
        71.72472,
        40.47111
    ],
    "Manghit": [
        60.05972,
        42.11556
    ],
    "Asaka": [
        72.23868,
        40.64153
    ],
    "Qiziltepa": [
        64.85,
        40.03306
    ],
    "Quvasoy": [
        71.97444,
        40.30222
    ],
    "Qŭrghontepa": [
        72.76177,
        40.73192
    ],
    "Komsomol’skiy": [
        71.71889,
        40.42722
    ],
    "Kirgili": [
        71.76722,
        40.43583
    ],
    "Qibray": [
        69.465,
        41.38972
    ],
    "Khŭjaobod": [
        72.56002,
        40.66886
    ],
    "Khiwa": [
        60.36389,
        41.37833
    ],
    "Hamza": [
        71.49556,
        40.42639
    ],
    "Haqqulobod": [
        72.11667,
        40.91667
    ],
    "Kosonsoy": [
        71.55083,
        41.25611
    ],
    "Qorao’zak": [
        60.01701,
        43.02207
    ],
    "Konimex": [
        65.14511,
        40.27593
    ],
    "Jizzax": [
        67.84222,
        40.11583
    ],
    "Iskandar": [
        69.70083,
        41.55389
    ],
    "Hazorasp": [
        61.07417,
        41.31944
    ],
    "Gurlan": [
        60.39194,
        41.84472
    ],
    "Guliston": [
        68.78417,
        40.48972
    ],
    "Ghijduwon": [
        64.68333,
        40.1
    ],
    "Gazli": [
        63.45,
        40.13333
    ],
    "G‘azalkent": [
        69.77083,
        41.55806
    ],
    "Gagarin": [
        68.17222,
        40.66194
    ],
    "Fergana": [
        71.78432,
        40.38421
    ],
    "Amir Timur": [
        68.94083,
        41.01944
    ],
    "Dŭstlik": [
        68.03583,
        40.52472
    ],
    "Chust Shahri": [
        71.2287,
        41.00936
    ],
    "Chirchiq": [
        69.58222,
        41.46889
    ],
    "Chinoz": [
        68.76972,
        40.93639
    ],
    "Kyzyldzhar": [
        70.01667,
        41.56667
    ],
    "Chortoq": [
        71.85527,
        41.06656
    ],
    "Bŭka": [
        69.19861,
        40.81083
    ],