{
    "Port Elizabeth": [
        -61.23333,
        13.01667
    ],
    "Layou": [
        -61.26667,
        13.2
    ],
    "Kingstown": [
        -61.22475,
        13.15872
    ],
    "Georgetown": [
        -61.1302,
        13.2879
    ],
    "Chateaubelair": [
        -61.25,
        13.28333
    ],
    "Byera Village": [
        -61.11667,
        13.25
    ],
    "Biabou": [
        -61.13333,
        13.2
    ],
    "Barrouallie": [
        -61.26667,
        13.23333
    ],
    "Kingstown Park": [
        -61.235,
        13.15833
    ]
}