{
    "Road Town": [
        -64.61667,
        18.41667
    ],
    "Tortola": [
        -64.60382,
        18.43882
    ]
}