{
    "Charlotte Amalie": [
        -64.9307,
        18.3419
    ],
    "Cruz Bay": [
        -64.79375,
        18.33134
    ],
    "Saint Croix": [
        -64.74698,
        17.72751
    ]
}