{
    "Sola": [
        167.55,
        -13.88333
    ],
    "Port-Vila": [
        168.32188,
        -17.73381
    ],
    "Port-Olry": [
        167.05,
        -15.05
    ],
    "Norsup": [
        167.39714,
        -16.06536
    ],
    "Luganville": [
        167.16235,
        -15.51989
    ],
    "Lakatoro": [
        167.41636,
        -16.09992
    ],
    "Isangel": [
        169.26667,
        -19.55
    ],
    "Saratamata": [
        167.96679,
        -15.29031
    ]
}