{
    "Vaiusu": [
        -171.79332,
        -13.82678
    ],
    "Vailoa": [
        -172.30698,
        -13.75551
    ],
    "Solosolo": [
        -171.64181,
        -13.87504
    ],
    "Siusega": [
        -171.81397,
        -13.84432
    ],
    "Satapuala": [
        -171.97963,
        -13.83535
    ],
    "Samamea": [
        -171.53122,
        -13.93375
    ],
    "Safotulafai": [
        -172.17768,
        -13.67147
    ],
    "Safotu": [
        -172.40176,
        -13.45132
    ],
    "Nofoali‘i": [
        -171.95873,
        -13.8217
    ],
    "Mulifanua": [
        -172.03602,
        -13.83183
    ],
    "Matavai": [
        -171.64768,
        -14.03208
    ],
    "Malie": [
        -171.8469,
        -13.80044
    ],
    "Lufilufi": [
        -171.59857,
        -13.87449
    ],
    "Lotofagā": [
        -171.85781,
        -13.97643
    ],
    "Leulumoega": [
        -171.96127,
        -13.82298
    ],
    "Gataivai": [
        -172.38802,
        -13.7736
    ],
    "Fasito‘outa": [
        -171.94063,
        -13.81163
    ],
    "Faleula": [
        -171.83126,
        -13.79456
    ],
    "Falefa": [
        -171.58805,
        -13.88695
    ],
    "Apia": [
        -171.76666,
        -13.83333
    ],
    "A’opo": [
        -172.51931,
        -13.53975
    ],
    "Afenga": [
        -171.85308,
        -13.79726
    ],
    "Asau": [
        -172.63784,
        -13.51963
    ]
}