{
    "Zvečan": [
        20.84028,
        42.9075
    ],
    "Zubin Potok": [
        20.68972,
        42.91444
    ],
    "Vushtrri": [
        20.9675,
        42.82306
    ],
    "Vitina": [
        21.35833,
        42.32139
    ],
    "Ferizaj": [
        21.15528,
        42.37056
    ],
    "Suva Reka": [
        20.825,
        42.35861
    ],
    "Štrpce": [
        21.02722,
        42.23944
    ],
    "Shtime": [
        21.03972,
        42.43306
    ],
    "Srbica": [
        20.78861,
        42.74667
    ],
    "Irzniq": [
        20.34722,
        42.52
    ],
    "Ranilug": [
        21.59889,
        42.49222
    ],
    "Prizren": [
        20.73972,
        42.21389
    ],
    "Pristina": [
        21.16688,
        42.67272
    ],
    "Prilep": [
        20.31778,
        42.5075
    ],
    "Podujeva": [
        21.19306,
        42.91056
    ],
    "Peqan": [
        20.82194,
        42.38361
    ],
    "Pejë": [
        20.28828,
        42.65913
    ],
    "Partesh": [
        21.43361,
        42.40194
    ],
    "Pagaruša": [
        20.74222,
        42.42
    ],
    "Orahovac": [
        20.65472,
        42.39944
    ],
    "Obiliq": [
        21.07028,
        42.68694
    ],
    "Novo Brdo": [
        21.43405,
        42.6159
    ],
    "Nishor": [
        20.80167,
        42.42389
    ],
    "Mamuša": [
        20.72694,
        42.33083
    ],
    "Mališevo": [
        20.74583,
        42.48222
    ],
    "Llazicë": [
        20.76333,
        42.55528
    ],
    "Lumbardhi": [
        20.34667,
        42.54667
    ],
    "Lëbushë": [
        20.29083,
        42.56306
    ],
    "Lipljan": [
        21.12583,
        42.52167
    ],
    "Leshan": [
        20.78111,
        42.32778
    ],
    "Leposaviq": [
        20.80278,
        43.10389
    ],
    "Kosuriq": [
        20.46472,
        42.57028
    ],
    "Mitrovicë": [
        20.86667,
        42.88333
    ],
    "Kamenica": [
        21.58028,
        42.57806
    ],
    "Kosovo Polje": [
        21.09611,
        42.66394
    ],
    "Klokot": [
        21.37444,
        42.37139
    ],
    "Klina": [
        20.57778,
        42.62167
    ],
    "Kačanik": [
        21.25944,
        42.23194
    ],
    "Junik": [
        20.27722,
        42.47583
    ],
    "Istok": [
        20.4875,
        42.78083
    ],
    "Isniq": [
        20.30278,
        42.5575
    ],
    "Strellc i Epërm": [
        20.29398,
        42.57843
    ],
    "Lluka e Eperme": [
        20.30778,
        42.545
    ],
    "Gjilan": [
        21.46986,
        42.46045
    ],
    "Glogovac": [
        20.89389,
        42.62833
    ],
    "Gllogjan": [
        20.36278,
        42.50722
    ],
    "Dubova (Driloni)": [
        20.36972,
        42.71194
    ],
    "Dranoc": [
        20.29222,
        42.51556
    ],
    "Dragash": [
        20.65333,
        42.0265
    ],
    "Strellc i Ulët": [
        20.31619,
        42.58063
    ],
    "Gjinoc": [
        20.81861,
        42.31833
    ],
    "Hani i Elezit": [
        21.29667,
        42.15
    ],
    "Deçan": [
        20.28793,
        42.54018
    ],
    "Gjakovë": [
        20.43083,
        42.38028
    ],
    "Budakovo": [
        20.925,
        42.355
    ],
    "Papraqan": [
        20.33111,
        42.55278
    ],
    "Glanica": [
        21.06336,
        42.54933
    ],
    "Lloqan": [
        20.28083,
        42.52444
    ]
}