{
    "Daḩasuways": [
        50.72944,
        15.72389
    ],
    "Ash Shiḩr": [
        49.60639,
        14.75863
    ],
    "Al Ghaylah": [
        45.58333,
        14.59583
    ],
    "Judaydah": [
        45.29962,
        15.07512
    ],
    "Ḑawrān": [
        44.44196,
        13.77436
    ],
    "Najd al Jumā‘ī": [
        44.32414,
        13.91581
    ],
    "Z̧almat al ‘Alyā": [
        44.09404,
        14.1023
    ],
    "Sūq ar Rabū‘": [
        44.01511,
        14.51155
    ],
    "Ash Shuqayrah": [
        43.78636,
        13.13452
    ],
    "Mashra‘ah": [
        43.99588,
        13.53235
    ],
    "Ar Rawnah": [
        43.80286,
        13.75638
    ],
    "Ar Ramādī": [
        43.78457,
        13.95641
    ],
    "Al Aḩad": [
        43.64167,
        14.25833
    ],
    "Aḑ Ḑil‘": [
        43.81828,
        14.67199
    ],
    "Al Jabīn": [
        43.59904,
        14.70401
    ],
    "Sūq Şirwāḩ": [
        45.01667,
        15.45417
    ],
    "Majzar": [
        44.775,
        15.85
    ],
    "Bidbadah": [
        44.7,
        15.425
    ],
    "Matwaḩ": [
        43.64213,
        15.0676
    ],
    "Şuwayr": [
        43.60986,
        16.1818
    ],
    "Waḑarah": [
        43.48321,
        15.71073
    ],
    "Sūq Shamar": [
        43.36806,
        15.885
    ],
    "Mustabā’": [
        43.24895,
        16.22816
    ],
    "An Naz̧īr": [
        43.26226,
        16.90916
    ],
    "Aţ Ţawīlah": [
        43.74778,
        15.49389
    ],
    "Zinjibār": [
        45.38073,
        13.12871
    ],
    "Zarājah": [
        44.37868,
        14.86692
    ],
    "Az Zāhir": [
        44.48818,
        16.31799
    ],
    "Zabīd": [
        43.31518,
        14.1951
    ],
    "Yufrus": [
        43.94704,
        13.45529
    ],
    "Yarīm": [
        44.37795,
        14.29804
    ],
    "Washḩah": [
        43.41066,
        16.30774
    ],
    "Wa‘lān": [
        44.27641,
        15.07021
    ],
    "Dhī Jalāl": [
        44.70754,
        13.62378
    ],
    "‘Usaylān": [
        45.82832,
        15.03201
    ],
    "‘Ubāl": [
        43.54444,
        14.98808
    ],
    "Thamūd": [
        49.91667,
        17.3
    ],
    "Tarīm": [
        48.99889,
        16.05694
    ],
    "Ta‘izz": [
        44.02091,
        13.57952
    ],
    "As Suwaydā": [
        45.2304,
        13.78694
    ],
    "Al ‘Anān": [
        44.31252,
        16.72188
    ],
    "‘Abs": [
        43.19724,
        16.00295
    ],
    "Şīf": [
        48.33,
        15.31389
    ],
    "Shiḩan as Suflá": [
        52.48925,
        17.76999
    ],
    "Shibām": [
        43.90445,
        15.50943
    ],
    "Ash Sharyah": [
        45.02244,
        14.35659
    ],
    "Sharas": [
        43.64925,
        15.71233
    ],
    "Shahārat al Ghīs": [
        43.70228,
        16.18411
    ],
    "Sayyān": [
        44.32442,
        15.17177
    ],
    "Sayḩūt": [
        51.24556,
        15.21056
    ],
    "Şanā’": [
        47.76667,
        15.4
    ],
    "Sanaa": [
        44.20667,
        15.35472
    ],
    "Saḩar": [
        44.30858,
        15.31586
    ],
    "Sāh": [
        48.85056,
        15.57722
    ],
    "Sa'dah": [
        43.76394,
        16.94021
    ],
    "Riḩāb": [
        44.18814,
        14.22762
    ],
    "Radā‘": [
        44.83709,
        14.4151
    ],
    "Ar Raydah": [
        50.47917,
        15.035
    ],
    "Raydah": [
        44.04085,
        15.81421
    ],
    "Ruḑūm": [
        47.74314,
        14.0851
    ],
    "Qulansiyah": [
        53.48333,
        12.68333
    ],
    "Qishn": [
        51.68139,
        15.42278
    ],
    "Qa‘ţabah": [
        44.7058,
        13.85493
    ],
    "Nişāb": [
        46.5,
        14.51667
    ],
    "Al Musaymīr": [
        44.61528,
        13.44389
    ],
    "Mukayrās": [
        45.67074,
        13.94428
    ],
    "Mūdīyah": [
        46.08254,
        13.9284
    ],
    "Markaz Mudhaykirah": [
        43.9688,
        13.88953
    ],
    "Manwakh": [
        48.10917,
        16.80778
    ],
    "Mayfa‘ah": [
        47.5612,
        14.27042
    ],
    "Maidi": [
        42.81299,
        16.32101
    ],
    "Mawza‘": [
        43.50993,
        13.26831
    ],
    "Māwiyah": [
        44.34768,
        13.58294
    ],
    "Al Jawl": [
        48.28066,
        14.45625
    ],
    "Ma'rib": [
        45.32581,
        15.46253
    ],
    "Manākhah": [
        43.74156,
        15.07422
    ],
    "Milāḩ": [
        44.78622,
        14.41617
    ],
    "Al Malāḩīţ": [
        43.27582,
        16.76848
    ],
    "Al Māfūd": [
        47.25217,
        15.34264
    ],
    "Mafḩaq": [
        43.90304,
        15.10162
    ],
    "Al Madīd": [
        44.47337,
        15.64453
    ],
    "Ma‘bar": [
        44.29354,
        14.79395
    ],
    "Al Ma‘allā’": [
        45.00244,
        12.78987
    ],
    "Lawdar": [
        45.86859,
        13.88282
    ],
    "Laḩij": [
        44.88194,
        13.05667
    ],
    "Kuḩlān ‘Afār": [
        43.71902,
        15.73309
    ],
    "Ku‘aydinah": [
        43.3372,
        15.82104
    ],
    "Kitāf": [
        44.10905,
        17.03165
    ],
    "Kilmia": [
        52.23332,
        12.18576
    ],
    "Khawr Maksar": [
        45.03337,
        12.81227
    ],
    "Khawrah": [
        46.15435,
        14.43201
    ],
    "Khamir": [
        43.95362,
        15.98792
    ],
    "Juban": [
        44.8746,
        14.01164
    ],
    "Jiḩānah": [
        44.48244,
        15.22628
    ],
    "Jiblah": [
        44.14668,
        13.92162
    ],
    "Jawf al Maqbābah": [
        45.83488,
        13.83783
    ],
    "Ja‘ār": [
        45.30558,
        13.223
    ],
    "Ibb": [
        44.18333,
        13.96667
    ],
    "Ḩūth": [
        43.96854,
        16.23114
    ],
    "As Salāsil": [
        48.83153,
        16.47959
    ],
    "Al ‘Abr": [
        47.23333,
        16.13333
    ],
    "Ḩays": [
        43.4831,
        13.9317
    ],
    "Ḩayfān": [
        44.28011,
        13.31778
    ],
    "Ḩawf": [
        53.03333,
        16.63333
    ],
    "Ḩaşwayn": [
        52.10222,
        15.59194
    ],
    "Ḩarīb": [
        45.50356,
        14.93156
    ],
    "Ḩaraḑ": [
        43.05883,
        16.40965
    ],
    "Ḩammām ‘Alī": [
        44.14763,
        14.66371
    ],
    "Ḩajjah": [
        43.60582,
        15.69425
    ],
    "Madīnat Lab‘ūs": [
        45.25,
        13.86667
    ],
    "Hadibu": [
        54.01895,
        12.64881
    ],
    "Ḩabīl al Jabr": [
        44.98578,
        13.60422
    ],
    "Al Ḩabīlayn": [
        44.85076,
        13.52002
    ],
    "Ḩabbān": [
        47.07649,
        14.35411
    ],
    "Ḩabābah": [
        43.87563,
        15.54418
    ],
    "Ghayl Bā Wazīr": [
        49.36611,
        14.77611
    ],
    "Dhubāb": [
        43.41024,
        12.94305
    ],
    "Dhī Nā‘im": [
        45.44807,
        14.10574
    ],
    "Dhaybīn": [
        44.12917,
        15.97712
    ],
    "Dhī as Sufāl": [
        44.11469,
        13.83446
    ],
    "Dhamār": [
        44.40514,
        14.54274
    ],
    "Ḑawrān ad Daydah": [
        44.20664,
        14.73927
    ],
    "Dār an Naşr": [
        44.01634,
        13.55821
    ],
    "Burūm": [
        48.97972,
        14.36361
    ],
    "Bayt ‘Adhāqah": [
        43.70228,
        15.61576
    ],
    "As Sūq al Jadīd": [
        44.06204,
        15.82496
    ],
    "Bayt al Faqīh": [
        43.32446,
        14.51635
    ],
    "Bayḩān": [
        45.71889,
        14.80067
    ],
    "Banī Ḩujjāj": [
        43.31667,
        15.41667
    ],
    "Banī Bakr": [
        45.26667,
        13.93333
    ],
    "Bājil": [
        43.28506,
        15.05835
    ],
    "Az Zuhrah": [
        42.99582,
        15.72377
    ],
    "Az Zaydīyah": [
        43.00812,
        15.32851
    ],
    "Al Ḩajab": [
        45.52904,
        14.85192
    ],