{
    "Pamanzi Be": [
        45.27938,
        -12.79674
    ],
    "Mamoudzou": [
        45.22722,
        -12.77944
    ],
    "Dzaoudzi": [
        45.26994,
        -12.7887
    ],
    "Dembeni": [
        45.18436,
        -12.8436
    ],
    "Acoua": [
        45.05819,
        -12.72391
    ],
    "Bandraboua": [
        45.12231,
        -12.7044
    ],
    "Mtsamboro": [
        45.06894,
        -12.69982
    ],
    "M'Tsangamouji": [
        45.08361,
        -12.75944
    ],
    "Tsingoni": [
        45.10278,
        -12.78722
    ],
    "Koungou": [
        45.20417,
        -12.73361
    ],
    "Ouangani": [
        45.13611,
        -12.84639
    ],
    "Chiconi": [
        45.11056,
        -12.83333
    ],
    "Sada": [
        45.10205,
        -12.85055
    ],
    "Bandrélé": [
        45.19139,
        -12.90667
    ],
    "Chirongui": [
        45.14833,
        -12.93194
    ],
    "Bouéni": [
        45.07611,
        -12.9025
    ],
    "Kani Kéli": [
        45.10333,
        -12.95361
    ]
}