{
    "Roodepoort": [
        27.8725,
        -26.1625
    ],
    "Zeerust": [
        26.07512,
        -25.53695
    ],
    "Zastron": [
        27.08395,
        -30.30225
    ],
    "Wolmaransstad": [
        25.98311,
        -27.1974
    ],
    "White River": [
        31.01166,
        -25.33177
    ],
    "Witbank": [
        29.23323,
        -25.87133
    ],
    "Winburg": [
        27.00933,
        -28.51805
    ],
    "Willowmore": [
        23.48954,
        -33.29265
    ],
    "Williston": [
        20.91544,
        -31.34048
    ],
    "Whittlesea": [
        26.82437,
        -32.17588
    ],
    "Westonaria": [
        27.6486,
        -26.31906
    ],
    "Wesselsbron": [
        26.36583,
        -27.8549
    ],
    "Welkom": [
        26.73506,
        -27.97742
    ],
    "Wartburg": [
        30.57567,
        -29.43184
    ],
    "Warrenton": [
        24.84753,
        -28.11396
    ],
    "Warmbaths": [
        28.28333,
        -24.88333
    ],
    "Vryheid": [
        30.79165,
        -27.76952
    ],
    "Vryburg": [
        24.7284,
        -26.95659
    ],
    "Vredefort": [
        27.3646,
        -27.00805
    ],
    "Vrede": [
        29.16585,
        -27.42573
    ],
    "Volksrust": [
        29.88175,
        -27.36542
    ],
    "Virginia": [
        26.86593,
        -28.10391
    ],
    "Villiers": [
        28.60061,
        -27.03026
    ],
    "Viljoenskroon": [
        26.94855,
        -27.20841
    ],
    "Victoria West": [
        23.11461,
        -31.40364
    ],
    "Vereeniging": [
        27.92615,
        -26.67313
    ],
    "Ventersdorp": [
        26.82223,
        -26.31401
    ],
    "Ventersburg": [
        27.13814,
        -28.08561
    ],
    "Vanderbijlpark": [
        27.83795,
        -26.71171
    ],
    "Utrecht": [
        30.32166,
        -27.65862
    ],
    "Upington": [
        21.25612,
        -28.44776
    ],
    "Mthatha": [
        28.78443,
        -31.58893
    ],
    "Umkomaas": [
        30.79776,
        -30.20674
    ],
    "Ulundi": [
        31.41617,
        -28.33523
    ],
    "Uitenhage": [
        25.3971,
        -33.75757
    ],
    "Tzaneen": [
        30.16351,
        -23.83322
    ],
    "Tugela Ferry": [
        30.45126,
        -28.74649
    ],
    "Trompsburg": [
        25.78041,
        -30.03363
    ],
    "Thulamahashi": [
        31.19939,
        -24.72459
    ],
    "Thohoyandou": [
        30.48497,
        -22.94564
    ],
    "Theunissen": [
        26.70107,
        -28.41098
    ],
    "Thabazimbi": [
        27.41155,
        -24.59165
    ],
    "Thaba Nchu": [
        26.83898,
        -29.20932
    ],
    "Tembisa": [
        28.2268,
        -25.99636
    ],
    "Taung": [
        24.78659,
        -27.53113
    ],
    "Tarkastad": [
        26.25935,
        -32.00893
    ],
    "Swellendam": [
        20.44171,
        -34.02262
    ],
    "Sundumbili": [
        31.39752,
        -29.13371
    ],
    "Stutterheim": [
        27.42396,
        -32.57076
    ],
    "Stilfontein": [
        26.76829,
        -26.84493
    ],
    "Stanger": [
        31.28954,
        -29.32816
    ],
    "Standerton": [
        29.24152,
        -26.93366
    ],
    "Springs": [
        28.4,
        -26.25
    ],
    "Soweto": [
        27.85849,
        -26.26781
    ],
    "Somerset East": [
        25.58804,
        -32.72173
    ],
    "Siyabuswa": [
        29.04454,
        -25.11319
    ],
    "Senekal": [
        27.62082,
        -28.31971
    ],
    "Secunda": [
        29.16667,
        -26.55
    ],
    "Scottburgh": [
        30.75316,
        -30.28666
    ],
    "Schweizer-Reneke": [
        25.32931,
        -27.18871
    ],
    "Sasolburg": [
        27.81695,
        -26.81358
    ],
    "Sandton": [
        28.05891,
        -26.05447
    ],
    "Rustenburg": [
        27.24208,
        -25.66756
    ],
    "Riversdale": [
        21.25725,
        -34.09345
    ],
    "Ritchie": [
        24.60278,
        -29.03801
    ],
    "Richmond": [
        30.27235,
        -29.87196
    ],
    "Richards Bay": [
        32.03768,
        -28.78301
    ],
    "Reitz": [
        28.42726,
        -27.80138
    ],
    "Randfontein": [
        27.70203,
        -26.1844
    ],
    "Qumbu": [
        28.87056,
        -31.16304
    ],
    "Queenstown": [
        26.87533,
        -31.89756
    ],
    "Queensdale": [
        26.97862,
        -31.87101
    ],
    "Prince Albert": [
        22.02993,
        -33.22263
    ],
    "Prieska": [
        22.74742,
        -29.66409
    ],
    "Pretoria": [
        28.18783,
        -25.74486
    ],
    "Mokopane": [
        29.00974,
        -24.19436
    ],
    "Potchefstroom": [
        27.1,
        -26.71667
    ],
    "Postmasburg": [
        23.06541,
        -28.33392
    ],
    "Port Shepstone": [
        30.45499,
        -30.74137
    ],
    "Port Saint John’s": [
        29.54477,
        -31.62291
    ],
    "Port Elizabeth": [
        25.57007,
        -33.91799
    ],
    "Port Alfred": [
        26.89104,
        -33.59057
    ],
    "Pongola": [
        31.61904,
        -27.37808
    ],
    "Plettenberg Bay": [
        23.3716,
        -34.05274
    ],
    "Piet Retief": [
        30.81323,
        -27.00706
    ],
    "Polokwane": [
        29.46885,
        -23.90448
    ],
    "Pietermaritzburg": [
        30.39278,
        -29.61678
    ],
    "Phuthaditjhaba": [
        28.81582,
        -28.52423
    ],
    "Phalaborwa": [
        31.14107,
        -23.94299
    ],
    "Petrusville": [
        24.6593,
        -30.08113
    ],
    "Peddie": [
        27.11385,
        -33.20059
    ],
    "Paulpietersburg": [
        30.81689,
        -27.42426
    ],
    "Parys": [
        27.45727,
        -26.9033
    ],
    "Pampierstad": [
        24.68768,
        -27.78324
    ],
    "Oudtshoorn": [
        22.2014,
        -33.59067
    ],
    "Orkney": [
        26.67272,
        -26.98023
    ],
    "Orange Farm": [
        27.86667,
        -26.48333
    ],
    "Modimolle": [
        28.4,
        -24.7
    ],
    "Noupoort": [
        24.94991,
        -31.18736
    ],
    "Nongoma": [
        31.64817,
        -27.90968
    ],
    "Nkowakowa": [
        30.28708,
        -23.88782
    ],
    "Nkandla": [
        31.09067,
        -28.6207
    ],
    "Nigel": [
        28.47713,
        -26.43138
    ],
    "Newcastle": [
        29.9318,
        -27.75796
    ],
    "Nelspruit": [
        30.97033,
        -25.47448
    ],
    "Ndwedwe": [
        30.92687,
        -29.51686
    ],
    "Mutale": [
        30.87533,
        -22.46972
    ],
    "Muldersdriseloop": [
        27.83798,
        -26.03673
    ],
    "Mtubatuba": [
        32.18483,
        -28.41789
    ],
    "Mpumalanga": [
        30.63646,
        -29.81292
    ],
    "Mpophomeni": [
        30.18618,
        -29.56822
    ],
    "Mount Frere": [
        28.99238,
        -30.90173
    ],
    "Mount Ayliff": [
        29.36644,
        -30.80821
    ],
    "Mossel Bay": [
        22.14605,
        -34.18307
    ],
    "Mooirivier": [
        29.9946,
        -29.20824
    ],
    "Mondlo": [
        30.71769,
        -27.98299
    ],
    "Molteno": [
        26.36246,
        -31.39676
    ],
    "Mogwase": [
        27.21605,
        -25.27748
    ],
    "Modderfontein": [
        28.16534,
        -26.08909
    ],
    "Mmabatho": [
        25.63333,
        -25.85
    ],
    "Mkuze": [
        32.03861,
        -27.61641
    ],
    "Middelburg": [
        29.46482,
        -25.77507
    ],
    "Meyerton": [
        28.0195,
        -26.55987
    ],
    "Messina": [
        30.0396,
        -22.35131
    ],
    "Melmoth": [
        31.39783,
        -28.58664
    ],
    "Matatiele": [
        28.81161,
        -30.34357
    ],
    "Marquard": [
        27.43048,
        -28.66449
    ],
    "Margate": [
        30.37052,
        -30.8636
    ],
    "Marble Hall": [
        29.29068,
        -24.96627
    ],