{
    "Nchelenge": [
        28.73396,
        -9.34506
    ],
    "Nakonde": [
        32.745,
        -9.34213
    ],
    "Mpulungu": [
        31.11405,
        -8.76234
    ],
    "Mporokoso": [
        30.12501,
        -9.37272
    ],
    "Mbala": [
        31.36587,
        -8.84024
    ],
    "Kawambwa": [
        29.07913,
        -9.7915
    ],
    "Kaputa": [
        29.66192,
        -8.46887
    ],
    "Zambezi": [
        23.10466,
        -13.54323
    ],
    "Solwezi": [
        26.38938,
        -12.1688
    ],
    "Sinazongwe": [
        27.46179,
        -17.2614
    ],
    "Siavonga": [
        28.70876,
        -16.53818
    ],
    "Sesheke": [
        24.29684,
        -17.47593
    ],
    "Serenje": [
        30.23522,
        -13.23251
    ],
    "Senanga": [
        23.26667,
        -16.11667
    ],
    "Samfya": [
        29.55652,
        -11.36491
    ],
    "Petauke": [
        31.3253,
        -14.24264
    ],
    "Nyimba": [
        30.8149,
        -14.55656
    ],
    "Ndola": [
        28.63659,
        -12.95867
    ],
    "Namwala": [
        26.43839,
        -15.75042
    ],
    "Nakambala": [
        27.77994,
        -15.83244
    ],
    "Mwinilunga": [
        24.42926,
        -11.73584
    ],
    "Mwense": [
        28.698,
        -10.38446
    ],
    "Mungwi": [
        31.36942,
        -10.1732
    ],
    "Mumbwa": [
        27.0619,
        -14.98293
    ],
    "Mufumbwe": [
        24.8,
        -13.68333
    ],
    "Mufulira": [
        28.24071,
        -12.54982
    ],
    "Mpongwe": [
        28.15504,
        -13.50914
    ],
    "Mpika": [
        31.45287,
        -11.83431
    ],
    "Monze": [
        27.48333,
        -16.28333
    ],
    "Mongu": [
        23.12741,
        -15.24835
    ],
    "Mkushi": [
        29.3939,
        -13.62015
    ],
    "Mazabuka": [
        27.748,
        -15.85601
    ],
    "Mansa": [
        28.89431,
        -11.19976
    ],
    "Maamba": [
        27.15,
        -17.36667
    ],
    "Luwingu": [
        29.92712,
        -10.2621
    ],
    "Lusaka": [
        28.28713,
        -15.40669
    ],
    "Lundazi": [
        33.1782,
        -12.29292
    ],
    "Lukulu": [
        23.24196,
        -14.37067
    ],
    "Luanshya": [
        28.41661,
        -13.13667
    ],
    "Luangwa": [
        30.41667,
        -15.61667
    ],
    "Livingstone": [
        25.85425,
        -17.84194
    ],
    "Limulunga": [
        23.13758,
        -15.09691
    ],
    "Kitwe": [
        28.21323,
        -12.80243
    ],
    "Kataba": [
        29.78333,
        -11.88333
    ],
    "Kasempa": [
        25.8338,
        -13.45836
    ],
    "Kasama": [
        31.18084,
        -10.21289
    ],
    "Kapiri Mposhi": [
        28.66985,
        -13.97147
    ],
    "Kaoma": [
        24.8,
        -14.78333
    ],
    "Kansanshi": [
        26.42727,
        -12.09514
    ],
    "Kalulushi": [
        28.09479,
        -12.84151
    ],
    "Kalengwa": [
        25.00271,
        -13.46586
    ],
    "Kalabo": [
        22.68138,
        -14.97004
    ],
    "Kafue": [
        28.18136,
        -15.76911
    ],
    "Kabwe": [
        28.44644,
        -14.4469
    ],
    "Kabompo": [
        24.20081,
        -13.59268
    ],
    "Isoka": [
        32.63353,
        -10.16062
    ],
    "Gwembe": [
        27.60691,
        -16.49755
    ],
    "Chongwe": [
        28.68204,
        -15.32916
    ],
    "Choma": [
        26.95306,
        -16.80648
    ],
    "Chipata": [
        32.65,
        -13.63333
    ],
    "Chinsali": [
        32.08162,
        -10.54142
    ],
    "Chingola": [
        27.88382,
        -12.52897
    ],
    "Chililabombwe": [
        27.82286,
        -12.36475
    ],
    "Chibombo": [
        28.07057,
        -14.65685
    ],
    "Chambishi": [
        28.05367,
        -12.63247
    ],
    "Chama": [
        33.1521,
        -11.21304
    ],
    "Chadiza": [
        32.43917,
        -14.06779
    ]
}