{
    "Zvishavane": [
        30.06648,
        -20.32674
    ],
    "Victoria Falls": [
        25.84299,
        -17.92353
    ],
    "Shurugwi": [
        30.00589,
        -19.67016
    ],
    "Shangani": [
        29.36667,
        -19.78333
    ],
    "Shamva": [
        31.57561,
        -17.31159
    ],
    "Rusape": [
        32.12843,
        -18.52785
    ],
    "Redcliff": [
        29.78333,
        -19.03333
    ],
    "Raffingora": [
        30.43333,
        -17.03333
    ],
    "Plumtree": [
        27.81667,
        -20.48333
    ],
    "Penhalonga": [
        32.69781,
        -18.89112
    ],
    "Odzi": [
        32.40557,
        -18.96167
    ],
    "Nyazura": [
        32.16796,
        -18.70587
    ],
    "Nyanga": [
        32.75,
        -18.21667
    ],
    "Norton": [
        30.7,
        -17.88333
    ],
    "Mvurwi": [
        30.85,
        -17.03333
    ],
    "Mvuma": [
        30.52828,
        -19.27924
    ],
    "Mutoko": [
        32.22677,
        -17.39699
    ],
    "Mutare": [
        32.67086,
        -18.9707
    ],
    "Murehwa": [
        31.784,
        -17.64322
    ],
    "Mount Darwin": [
        31.58381,
        -16.77251
    ],
    "Mhangura": [
        30.16828,
        -16.89386
    ],
    "Mazoe": [
        30.97388,
        -17.50404
    ],
    "Masvingo": [
        30.82766,
        -20.06373
    ],
    "Mashava": [
        30.48225,
        -20.03665
    ],
    "Marondera": [
        31.55193,
        -18.18527
    ],
    "Macheke": [
        31.84933,
        -18.13901
    ],
    "Lupane": [
        27.80696,
        -18.93149
    ],
    "Lalapanzi": [
        30.17768,
        -19.33225
    ],
    "Kwekwe": [
        29.81486,
        -18.9281
    ],
    "Karoi": [
        29.69247,
        -16.80993
    ],
    "Kariba": [
        28.8,
        -16.51667
    ],
    "Kamativi Mine": [
        27.05728,
        -18.31563
    ],
    "Kadoma": [
        29.91534,
        -18.33328
    ],
    "Inyathi": [
        28.84687,
        -19.67563
    ],
    "Insiza": [
        29.2,
        -19.78333
    ],
    "Hwange": [
        26.50194,
        -18.36927
    ],
    "Headlands": [
        32.0515,
        -18.27733
    ],
    "Harare": [
        31.05337,
        -17.82772
    ],
    "Gweru": [
        29.81667,
        -19.45
    ],
    "Gwanda": [
        29,
        -20.93333
    ],
    "Gokwe": [
        28.9349,
        -18.20476
    ],
    "Glendale": [
        31.06718,
        -17.35514
    ],
    "Filabusi": [
        29.28502,
        -20.53333
    ],
    "Esigodini": [
        28.92261,
        -20.28979
    ],
    "Dorowa Mining Lease": [
        31.75,
        -19.06667
    ],
    "Dete": [
        26.86667,
        -18.61667
    ],
    "Concession": [
        30.95,
        -17.38333
    ],
    "Chivhu": [
        30.89218,
        -19.02112
    ],
    "Chirundu": [
        28.85,
        -16.03333
    ],
    "Chiredzi": [
        31.66667,
        -21.05
    ],
    "Chipinge": [
        32.62364,
        -20.18833
    ],
    "Chinhoyi": [
        30.2,
        -17.36667
    ],
    "Chimanimani": [
        32.86667,
        -19.8
    ],
    "Chegutu": [
        30.14074,
        -18.13021
    ],
    "Chakari": [
        29.89246,
        -18.06294
    ],
    "Centenary": [
        31.11462,
        -16.72289
    ],
    "Bulawayo": [
        28.58333,
        -20.15
    ],
    "Binga": [
        27.34139,
        -17.62028
    ],
    "Bindura": [
        31.33056,
        -17.30192
    ],
    "Beitbridge": [
        30,
        -22.21667
    ],
    "Beatrice": [
        30.8473,
        -18.25283
    ],
    "Banket": [
        30.4,
        -17.38333
    ],
    "Epworth": [
        31.1475,
        -17.89
    ],
    "Chitungwiza": [
        31.07555,
        -18.01274
    ]
}